date,station_name,pm25,temperature,humidity,pressure,wind_speed
2025-03-17,Kazhydromet-14,3.16,0.5,79.0,978.6,24.5
2025-03-18,Kazhydromet-14,3.0,2.9,82.0,979.4,22.0
2025-03-19,Kazhydromet-14,2.98,2.6,77.0,978.1,20.0
2025-03-20,Kazhydromet-14,2.27,2.8,77.0,972.4,20.5
2025-03-21,Kazhydromet-14,3.33,0.5,90.0,974.9,13.1
2025-03-22,Kazhydromet-14,4.7,-3.4,83.0,986.1,7.5
2025-03-23,Kazhydromet-14,4.7,-4.0,88.0,981.1,11.9
2025-03-24,Kazhydromet-14,4.7,-5.2,77.0,980.6,18.8
2025-03-25,Kazhydromet-14,4.7,-7.8,78.0,993.3,8.8
2025-03-26,Kazhydromet-14,4.7,-5.9,85.0,995.9,5.1
2025-03-27,Kazhydromet-14,4.7,-2.1,78.0,991.3,15.1
2025-03-28,Kazhydromet-14,3.41,-0.4,72.0,988.2,16.0
2025-03-29,Kazhydromet-14,3.41,1.0,77.0,987.9,11.5
2025-03-30,Kazhydromet-14,3.41,0.9,73.0,988.3,4.4
2025-03-31,Kazhydromet-14,3.41,2.6,75.0,985.3,10.0
2025-04-01,Kazhydromet-14,2.56,3.5,86.0,981.1,13.6
2025-04-02,Kazhydromet-14,2.64,4.1,72.0,983.1,4.2
2025-04-03,Kazhydromet-14,2.2,7.7,60.0,972.9,20.5
2025-04-04,Kazhydromet-14,2.31,7.2,79.0,957.7,22.4
2025-04-05,Kazhydromet-14,1.78,4.8,67.0,973.1,17.6
2025-04-06,Kazhydromet-14,2.82,9.0,67.0,974.6,14.3
2025-04-07,Kazhydromet-14,1.63,8.9,72.0,970.0,14.1
2025-04-08,Kazhydromet-14,2.4,12.3,73.0,968.7,11.8
2025-04-09,Kazhydromet-14,2.54,10.7,75.0,979.3,6.2
2025-04-10,Kazhydromet-14,1.88,13.6,63.0,978.8,14.6
2025-04-11,Kazhydromet-14,1.5,15.8,48.0,973.4,19.6
2025-04-12,Kazhydromet-14,1.63,15.7,54.0,968.5,18.5
2025-04-13,Kazhydromet-14,2.06,6.5,85.0,973.0,16.7
2025-04-14,Kazhydromet-14,2.9,8.2,70.0,978.5,8.9
2025-04-15,Kazhydromet-14,1.67,8.2,77.0,978.7,9.6
2025-04-16,Kazhydromet-14,1.65,7.4,62.0,980.4,14.4
2025-04-17,Kazhydromet-14,1.96,5.1,56.0,974.0,21.9
2025-04-18,Kazhydromet-14,1.19,1.7,56.0,976.5,17.1
2025-04-19,Kazhydromet-14,1.44,-0.1,48.0,980.9,7.8
2025-04-20,Kazhydromet-14,1.56,12.3,54.0,974.9,22.9
2025-04-21,Kazhydromet-14,1.12,14.5,67.0,978.0,14.6
2025-04-22,Kazhydromet-14,1.1,14.8,70.0,980.6,10.4
2025-04-23,Kazhydromet-14,1.52,15.5,59.0,977.9,13.1
2025-04-24,Kazhydromet-14,2.0,11.4,65.0,982.2,15.0
2025-04-25,Kazhydromet-14,1.69,14.9,60.0,977.8,11.0
2025-04-26,Kazhydromet-14,1.78,17.5,48.0,971.2,18.6
2025-04-27,Kazhydromet-14,1.74,17.0,69.0,965.3,11.2
2025-04-28,Kazhydromet-14,0.74,17.7,67.0,967.8,17.7
2025-04-29,Kazhydromet-14,1.09,8.9,47.0,973.6,27.2
2025-04-30,Kazhydromet-14,1.12,5.9,55.0,986.4,9.6
2025-05-01,Kazhydromet-14,3.4050000000000002,8.65,54.0,983.9,11.05
2025-05-02,Kazhydromet-14,5.69,11.4,53.0,981.4,12.5
2025-05-03,Kazhydromet-14,3.78,11.5,55.0,984.9,10.8
2025-05-04,Kazhydromet-14,4.5,16.0,46.0,970.5,19.9
2025-05-05,Kazhydromet-14,4.86,14.1,53.0,975.3,12.4
2025-05-06,Kazhydromet-14,4.26,17.0,55.0,977.7,8.7
2025-05-07,Kazhydromet-14,4.28,18.4,54.0,972.1,6.9
2025-05-08,Kazhydromet-14,4.43,20.8,46.0,967.7,11.9
2025-05-09,Kazhydromet-14,3.35,19.7,56.0,964.1,13.9
2025-05-10,Kazhydromet-14,4.62,17.7,65.0,968.8,20.0
2025-05-11,Kazhydromet-14,2.49,14.1,75.0,975.7,13.1
2025-05-12,Kazhydromet-14,2.41,16.6,68.0,978.6,9.5
2025-05-13,Kazhydromet-14,3.04,20.9,54.0,973.4,12.9
2025-05-14,Kazhydromet-14,4.08,22.3,54.0,971.2,10.0
2025-05-15,Kazhydromet-14,3.93,24.6,50.0,973.3,10.4
2025-05-16,Kazhydromet-14,4.8,26.1,45.0,972.1,10.9
2025-05-17,Kazhydromet-14,4.86,24.4,43.0,964.3,16.5
2025-05-18,Kazhydromet-14,3.9,12.9,89.0,963.6,22.0
2025-05-19,Kazhydromet-14,2.52,13.8,57.0,978.7,11.4
2025-05-20,Kazhydromet-14,3.55,16.1,55.0,978.2,13.2
2025-05-21,Kazhydromet-14,3.11,18.6,51.0,973.7,15.2
2025-05-22,Kazhydromet-14,3.5,18.1,60.0,970.0,14.1
2025-05-23,Kazhydromet-14,2.48,15.5,67.0,964.6,25.2
2025-05-24,Kazhydromet-14,2.68,12.8,65.0,971.9,14.0
2025-05-25,Kazhydromet-14,3.37,10.6,65.0,972.7,6.9
2025-05-26,Kazhydromet-14,2.91,10.9,61.0,978.6,14.2
2025-05-27,Kazhydromet-14,2.75,12.6,58.0,983.8,10.3
2025-05-28,Kazhydromet-14,3.33,17.6,55.0,978.5,16.8
2025-05-29,Kazhydromet-14,3.42,16.3,66.0,980.6,6.3
2025-05-30,Kazhydromet-14,5.43,19.3,59.0,977.9,11.8
2025-05-31,Kazhydromet-14,5.92,20.7,56.0,979.0,6.4
2025-06-01,Kazhydromet-14,3.62,20.4,54.0,977.6,6.8
2025-06-02,Kazhydromet-14,4.23,21.5,53.0,973.3,4.1
2025-06-03,Kazhydromet-14,4.32,23.7,43.0,968.5,10.6
2025-06-04,Kazhydromet-14,3.74,21.7,57.0,964.8,12.5
2025-06-05,Kazhydromet-14,4.72,19.8,50.0,967.5,13.0
2025-06-06,Kazhydromet-14,4.8,23.0,51.0,971.6,7.6
2025-06-07,Kazhydromet-14,4.83,20.8,63.0,970.1,14.6
2025-06-08,Kazhydromet-14,3.13,15.0,85.0,973.2,17.2
2025-06-09,Kazhydromet-14,3.53,15.8,65.0,978.8,15.1
2025-06-10,Kazhydromet-14,3.32,18.0,60.0,977.4,17.0
2025-06-11,Kazhydromet-14,2.77,22.5,56.0,974.8,13.1
2025-06-12,Kazhydromet-14,2.83,22.2,61.0,974.9,8.8
2025-06-13,Kazhydromet-14,2.22,22.4,65.0,973.6,9.1
2025-06-14,Kazhydromet-14,2.08,22.1,65.0,970.6,7.1
2025-06-15,Kazhydromet-14,1.15,22.5,67.0,969.7,10.0
2025-06-16,Kazhydromet-14,2.44,23.9,57.0,970.6,7.6
2025-06-17,Kazhydromet-14,1.96,26.0,49.0,967.6,10.3
2025-06-18,Kazhydromet-14,1.46,27.0,41.0,963.7,13.7
2025-06-19,Kazhydromet-14,1.91,24.0,49.0,961.0,11.6
2025-06-20,Kazhydromet-14,1.38,20.3,59.0,963.0,18.4
2025-06-21,Kazhydromet-14,1.39,19.4,60.0,965.6,25.0
2025-06-22,Kazhydromet-14,1.95,21.5,51.0,966.5,18.8
2025-06-23,Kazhydromet-14,1.94,16.8,69.0,964.4,11.1
2025-06-24,Kazhydromet-14,1.81,17.3,69.0,967.3,10.9
2025-06-25,Kazhydromet-14,1.08,16.3,62.0,969.4,16.6
2025-06-26,Kazhydromet-14,1.61,15.0,77.0,968.3,17.8
2025-06-27,Kazhydromet-14,1.61,17.3,70.0,969.2,10.9
2025-06-28,Kazhydromet-14,2.0,19.8,65.0,963.6,10.7
2025-06-29,Kazhydromet-14,2.4,17.2,78.0,958.0,9.5
2025-06-30,Kazhydromet-14,2.08,17.8,75.0,959.0,9.1
2025-07-01,Kazhydromet-14,1.82,20.8,65.0,966.2,8.1
2025-07-02,Kazhydromet-14,3.1,22.8,66.0,971.5,3.7
2025-07-03,Kazhydromet-14,2.44,24.7,61.0,972.1,6.3
2025-07-04,Kazhydromet-14,2.98,24.0,59.0,965.0,14.6
2025-07-05,Kazhydromet-14,2.91,18.5,77.0,962.2,14.0
2025-07-06,Kazhydromet-14,3.43,20.4,64.0,966.1,14.0
2025-07-07,Kazhydromet-14,3.27,19.8,70.0,966.4,12.1
2025-07-08,Kazhydromet-14,2.06,18.3,61.0,971.8,9.6
2025-07-09,Kazhydromet-14,2.06,19.2,54.0,972.4,12.0
2025-07-10,Kazhydromet-14,2.12,19.8,61.0,972.0,7.6
2025-07-11,Kazhydromet-14,2.84,21.3,66.0,971.0,10.7
2025-07-12,Kazhydromet-14,2.94,19.7,57.0,971.3,14.1
2025-07-13,Kazhydromet-14,2.92,18.3,60.0,969.8,10.3
2025-07-14,Kazhydromet-14,1.78,17.3,67.0,968.0,10.1
2025-07-15,Kazhydromet-14,1.97,18.0,72.0,967.6,5.8
2025-07-16,Kazhydromet-14,2.46,21.1,60.0,967.4,5.0
2025-07-17,Kazhydromet-14,3.66,23.4,52.0,966.6,9.0
2025-07-18,Kazhydromet-14,3.71,23.9,55.0,966.7,9.6
2025-07-19,Kazhydromet-14,3.41,19.0,64.0,968.0,15.4
2025-07-20,Kazhydromet-14,2.56,18.2,59.0,976.9,5.7
2025-07-21,Kazhydromet-14,2.27,20.9,54.0,976.6,8.2
2025-07-22,Kazhydromet-14,1.84,22.7,49.0,975.8,9.5
2025-07-23,Kazhydromet-14,2.06,23.9,43.0,968.6,8.8
2025-07-24,Kazhydromet-14,2.6,22.7,46.0,962.7,13.1
2025-07-25,Kazhydromet-14,1.97,22.1,50.0,958.5,11.4
2025-07-26,Kazhydromet-14,2.74,21.7,74.0,958.3,10.2
2025-07-27,Kazhydromet-14,3.0,20.6,75.0,958.1,14.1
2025-07-28,Kazhydromet-14,3.34,21.5,61.0,962.5,12.6
2025-07-29,Kazhydromet-14,3.09,19.5,71.0,961.4,11.1
2025-07-30,Kazhydromet-14,3.41,17.8,75.0,960.3,7.6
2025-07-31,Kazhydromet-14,1.97,18.3,77.0,960.9,4.7
2025-08-01,Kazhydromet-14,2.23,18.0,81.0,962.4,6.8
2025-08-02,Kazhydromet-14,2.64,18.5,82.0,966.9,11.8
2025-08-03,Kazhydromet-14,2.16,17.0,65.0,974.7,13.6
2025-08-04,Kazhydromet-14,2.75,14.2,58.0,980.0,11.7
2025-08-05,Kazhydromet-14,2.16,16.0,58.0,978.1,10.5
2025-08-06,Kazhydromet-14,2.79,18.7,56.0,972.0,17.6
2025-08-07,Kazhydromet-14,2.24,17.3,70.0,970.3,8.6
2025-08-08,Kazhydromet-14,2.69,16.0,70.0,969.1,13.8
2025-08-09,Kazhydromet-14,1.89,15.8,62.0,974.3,11.9
2025-08-10,Kazhydromet-14,2.06,17.5,64.0,976.8,4.0
2025-08-11,Kazhydromet-14,2.2,20.1,53.0,973.4,10.1
2025-08-12,Kazhydromet-14,2.63,16.9,75.0,964.4,24.4
2025-08-13,Kazhydromet-14,2.25,18.9,65.0,968.4,11.9
2025-08-14,Kazhydromet-14,2.34,17.5,73.0,960.9,14.8
2025-08-15,Kazhydromet-14,2.67,16.9,74.0,961.5,14.7
2025-08-16,Kazhydromet-14,3.05,16.0,82.0,961.7,11.3
2025-08-17,Kazhydromet-14,2.72,16.2,75.0,963.3,14.9
2025-08-18,Kazhydromet-14,2.93,16.1,71.0,969.7,13.9
2025-08-19,Kazhydromet-14,3.16,18.2,68.0,972.0,8.0
2025-08-20,Kazhydromet-14,2.93,20.4,65.0,967.2,9.1
2025-08-21,Kazhydromet-14,2.93,19.0,60.0,964.4,11.5
2025-08-22,Kazhydromet-14,2.47,15.6,71.0,966.5,13.6
2025-08-23,Kazhydromet-14,3.04,17.9,72.0,970.1,12.2
2025-08-24,Kazhydromet-14,3.4,18.7,68.0,977.6,8.5
2025-08-25,Kazhydromet-14,2.06,18.7,56.0,980.8,9.5
2025-08-26,Kazhydromet-14,2.08,20.9,53.0,980.9,9.7
2025-08-27,Kazhydromet-14,2.95,23.0,44.0,979.8,8.2
2025-08-28,Kazhydromet-14,3.58,25.2,36.0,975.1,13.1
2025-08-29,Kazhydromet-14,2.6,20.4,50.0,974.7,10.6
2025-08-30,Kazhydromet-14,3.5,14.8,57.0,970.5,13.3
2025-08-31,Kazhydromet-14,2.75,12.6,65.0,975.5,17.6
2025-09-01,Kazhydromet-14,2.86,12.7,74.0,970.8,11.8
2025-09-02,Kazhydromet-14,2.61,12.5,69.0,975.3,13.2
2025-09-03,Kazhydromet-14,2.741111111111111,12.205555555555556,68.91666666666667,975.6222222222221,12.963888888888889
2025-09-04,Kazhydromet-14,2.8722222222222222,11.911111111111111,68.83333333333333,975.9444444444443,12.727777777777778
2025-09-05,Kazhydromet-14,3.0033333333333334,11.616666666666667,68.75,976.2666666666667,12.491666666666665
2025-09-06,Kazhydromet-14,3.134444444444444,11.322222222222223,68.66666666666667,976.5888888888888,12.255555555555555
2025-09-07,Kazhydromet-14,3.2655555555555553,11.027777777777779,68.58333333333333,976.911111111111,12.019444444444444
2025-09-08,Kazhydromet-14,3.3966666666666665,10.733333333333334,68.5,977.2333333333333,11.783333333333333
2025-09-09,Kazhydromet-14,3.5277777777777777,10.438888888888888,68.41666666666667,977.5555555555555,11.54722222222222
2024-12-14,Kazhydromet-9,1.06,-3.1,84.0,967.3,17.8
2024-12-15,Kazhydromet-9,1.52,-6.8,83.0,972.2,23.0
2024-12-16,Kazhydromet-9,1.03,-12.5,80.0,992.3,25.0
2024-12-17,Kazhydromet-9,2.0,-12.8,74.0,983.7,22.3
2024-12-18,Kazhydromet-9,1.86,-8.5,78.0,970.7,22.3
2024-12-19,Kazhydromet-9,0.96,-2.4,87.0,966.3,26.0
2024-12-20,Kazhydromet-9,3.51,-6.7,87.0,969.6,20.8
2024-12-21,Kazhydromet-9,1.4,-11.4,86.0,981.9,17.9
2024-12-22,Kazhydromet-9,1.51,-10.3,87.0,985.5,19.7
2024-12-23,Kazhydromet-9,2.22,-6.0,91.0,988.4,12.4
2024-12-24,Kazhydromet-9,2.41,-6.5,88.0,992.6,6.1
2024-12-25,Kazhydromet-9,0.77,-10.3,90.0,994.0,7.0
2024-12-26,Kazhydromet-9,1.68,-12.0,76.0,987.2,12.2
2024-12-27,Kazhydromet-9,1.04,-11.4,85.0,980.2,19.7
2024-12-28,Kazhydromet-9,0.85,-5.2,90.0,980.5,21.9
2024-12-29,Kazhydromet-9,1.29,-7.9,90.0,978.7,15.5
2024-12-30,Kazhydromet-9,1.17,-7.9,88.0,979.5,8.8
2024-12-31,Kazhydromet-9,0.84,-8.1,87.0,980.1,8.0
2025-01-01,Kazhydromet-9,1.39,-10.9,85.0,976.3,19.4
2025-01-02,Kazhydromet-9,2.54,-6.6,87.0,972.6,28.9
2025-01-03,Kazhydromet-9,3.39,-4.5,89.0,974.8,31.9
2025-01-04,Kazhydromet-9,1.26,-3.2,93.0,980.2,19.0
2025-01-05,Kazhydromet-9,0.69,-5.7,92.0,981.6,14.1
2025-01-06,Kazhydromet-9,1.55,-5.2,90.0,982.5,17.1
2025-01-07,Kazhydromet-9,1.97,-4.1,91.0,979.9,10.9
2025-01-08,Kazhydromet-9,1.5,-12.9,82.0,989.9,17.2
2025-01-09,Kazhydromet-9,2.04,-7.8,74.0,996.3,26.4
2025-01-10,Kazhydromet-9,0.85,-7.7,72.0,992.2,22.7
2025-01-11,Kazhydromet-9,1.36,-9.3,83.0,990.2,10.1
2025-01-12,Kazhydromet-9,1.14,-12.8,80.0,989.2,6.5
2025-01-13,Kazhydromet-9,0.69,-12.6,73.0,987.4,9.4
2025-01-14,Kazhydromet-9,2.74,-10.6,76.0,983.6,11.5
2025-01-15,Kazhydromet-9,2.19,-10.9,80.0,975.3,18.8
2025-01-16,Kazhydromet-9,1.01,-10.4,85.0,971.7,20.9
2025-01-17,Kazhydromet-9,1.73,-6.7,87.0,969.6,24.6
2025-01-18,Kazhydromet-9,0.93,-7.7,85.0,973.1,17.0
2025-01-19,Kazhydromet-9,1.12,-5.9,89.0,973.8,17.3
2025-01-20,Kazhydromet-9,3.72,-0.5,92.0,967.3,27.5
2025-01-21,Kazhydromet-9,1.49,-2.7,88.0,955.4,33.7
2025-01-22,Kazhydromet-9,2.11,-16.9,75.0,961.7,29.5
2025-01-23,Kazhydromet-9,1.56,-25.0,73.0,991.7,19.4
2025-01-24,Kazhydromet-9,1.58,-22.62,75.2,989.44,19.06
2025-01-25,Kazhydromet-9,1.6,-20.240000000000002,77.4,987.1800000000001,18.72
2025-01-26,Kazhydromet-9,1.6199999999999999,-17.86,79.6,984.92,18.38
2025-01-27,Kazhydromet-9,1.64,-15.48,81.8,982.66,18.04
2025-01-28,Kazhydromet-9,1.66,-13.1,84.0,980.4,17.7
2025-01-29,Kazhydromet-9,1.26,-5.6,91.0,973.1,20.4
2025-01-30,Kazhydromet-9,4.69,-7.5,89.0,977.8,12.1
2025-01-31,Kazhydromet-9,2.36,-17.3,84.0,987.3,8.4
2025-02-01,Kazhydromet-9,1.02,-8.5,89.0,986.5,21.8
2025-02-02,Kazhydromet-9,1.59,-2.5,95.0,989.6,14.9
2025-02-03,Kazhydromet-9,2.47,-4.3,90.0,994.6,9.5
2025-02-04,Kazhydromet-9,2.72,-8.7,87.0,995.8,15.2
2025-02-05,Kazhydromet-9,1.86,-6.8,90.0,998.4,20.9
2025-02-06,Kazhydromet-9,0.84,-12.1,85.0,996.3,24.5
2025-02-07,Kazhydromet-9,1.87,-17.9,79.0,993.0,23.4
2025-02-08,Kazhydromet-9,2.22,-17.4,80.0,992.3,16.6
2025-02-09,Kazhydromet-9,0.63,-16.9,84.0,989.8,7.2
2025-02-10,Kazhydromet-9,1.2,-12.6,87.0,991.3,11.6
2025-02-11,Kazhydromet-9,0.98,-10.6,87.0,987.2,13.2
2025-02-12,Kazhydromet-9,3.61,-12.2,87.0,981.4,17.0
2025-02-13,Kazhydromet-9,1.65,-7.6,88.0,977.2,29.4
2025-02-14,Kazhydromet-9,2.41,-7.9,87.0,981.6,14.8
2025-02-15,Kazhydromet-9,3.95,-6.8,87.0,978.3,15.0
2025-02-16,Kazhydromet-9,1.47,-8.1,88.0,980.8,12.0
2025-02-17,Kazhydromet-9,1.5,-8.9,86.0,986.8,18.5
2025-02-18,Kazhydromet-9,1.75,-10.6,85.0,987.1,14.0
2025-02-19,Kazhydromet-9,2.21,-11.8,86.0,984.3,8.8
2025-02-20,Kazhydromet-9,1.87,-11.350000000000001,86.0,986.0999999999999,8.65
2025-02-21,Kazhydromet-9,1.53,-10.9,86.0,987.9,8.5
2025-02-22,Kazhydromet-9,2.0,-10.6,84.0,986.2,15.1
2025-02-23,Kazhydromet-9,1.6,-7.8,85.0,982.4,14.6
2025-02-24,Kazhydromet-9,3.74,-8.5,85.0,979.0,14.5
2025-02-25,Kazhydromet-9,1.36,-4.7,85.0,972.6,7.7
2025-02-26,Kazhydromet-9,0.84,-4.7,91.0,972.5,15.2
2025-02-27,Kazhydromet-9,1.52,-10.2,85.0,984.2,16.7
2025-02-28,Kazhydromet-9,2.02,-11.6,86.0,984.7,8.3
2025-03-01,Kazhydromet-9,2.31,-13.8,85.0,986.0,8.7
2025-03-02,Kazhydromet-9,1.64,-13.7,83.0,983.6,8.3
2025-03-03,Kazhydromet-9,1.78,-7.8,77.0,977.1,15.4
2025-03-04,Kazhydromet-9,0.68,-11.4,84.0,981.7,15.2
2025-03-05,Kazhydromet-9,1.99,-10.1,81.0,982.4,22.5
2025-03-06,Kazhydromet-9,0.78,-3.1,87.0,963.0,29.1
2025-03-07,Kazhydromet-9,2.7,-7.4,86.0,961.8,19.4
2025-03-08,Kazhydromet-9,1.38,-5.3,89.0,962.4,13.5
2025-03-09,Kazhydromet-9,1.19,-9.5,86.0,967.1,18.2
2025-03-10,Kazhydromet-9,0.91,-9.1,86.0,976.3,24.9
2025-03-11,Kazhydromet-9,2.7,-3.4,91.0,979.7,17.4
2025-03-12,Kazhydromet-9,3.95,-6.7,84.0,991.3,10.8
2025-03-13,Kazhydromet-9,2.64,-6.3,80.0,988.5,18.9
2025-03-14,Kazhydromet-9,1.96,-5.6,75.0,983.5,17.8
2025-03-15,Kazhydromet-9,1.55,-1.8,88.0,982.9,9.5
2025-03-16,Kazhydromet-9,2.23,-2.7,88.0,980.7,17.0
2025-03-17,Kazhydromet-9,1.17,0.5,79.0,977.1,24.5
2025-03-18,Kazhydromet-9,1.25,2.9,82.0,977.8,22.0
2025-03-19,Kazhydromet-9,2.13,2.6,77.0,976.6,20.0
2025-03-20,Kazhydromet-9,1.06,2.8,77.0,970.8,20.5
2025-03-21,Kazhydromet-9,1.53,0.5,90.0,973.3,13.1
2025-03-22,Kazhydromet-9,1.21,-3.4,83.0,984.5,7.5
2025-03-23,Kazhydromet-9,2.93,-4.0,88.0,979.5,11.9
2025-03-24,Kazhydromet-9,2.06,-5.2,77.0,979.0,18.8
2025-03-25,Kazhydromet-9,1.01,-7.8,78.0,991.7,8.8
2025-03-26,Kazhydromet-9,2.09,-5.9,85.0,994.3,5.1
2025-03-27,Kazhydromet-9,1.21,-2.1,78.0,989.7,15.1
2025-03-28,Kazhydromet-9,2.02,-0.4,72.0,986.6,16.0
2025-03-29,Kazhydromet-9,1.66,1.0,77.0,986.4,11.5
2025-03-30,Kazhydromet-9,0.92,0.9,73.0,986.7,4.4
2025-03-31,Kazhydromet-9,3.59,2.6,75.0,983.7,10.0
2025-04-01,Kazhydromet-9,1.32,3.5,86.0,979.5,13.6
2025-04-02,Kazhydromet-9,2.5,4.1,72.0,981.6,4.2
2025-04-03,Kazhydromet-9,1.09,7.7,60.0,971.4,20.5
2025-04-04,Kazhydromet-9,1.1,7.2,79.0,956.2,22.4
2025-04-05,Kazhydromet-9,1.04,4.8,67.0,971.5,17.6
2025-04-06,Kazhydromet-9,2.04,9.0,67.0,973.0,14.3
2025-04-07,Kazhydromet-9,3.04,8.9,72.0,968.5,14.1
2025-04-08,Kazhydromet-9,1.22,12.3,73.0,967.2,11.8
2025-04-09,Kazhydromet-9,1.48,10.7,75.0,977.8,6.2
2025-04-10,Kazhydromet-9,1.33,13.6,63.0,977.3,14.6
2025-04-11,Kazhydromet-9,1.19,15.8,48.0,971.9,19.6
2025-04-12,Kazhydromet-9,2.2,15.7,54.0,967.1,18.5
2025-04-13,Kazhydromet-9,1.75,6.5,85.0,971.4,16.7
2025-04-14,Kazhydromet-9,2.99,8.2,70.0,976.9,8.9
2025-04-15,Kazhydromet-9,0.84,8.2,77.0,977.2,9.6
2025-04-16,Kazhydromet-9,1.64,7.4,62.0,978.8,14.4
2025-04-17,Kazhydromet-9,1.24,5.1,56.0,972.5,21.9
2025-04-18,Kazhydromet-9,3.0,1.7,56.0,974.9,17.1
2025-04-19,Kazhydromet-9,1.56,-0.1,48.0,979.3,7.8
2025-04-20,Kazhydromet-9,1.37,12.3,54.0,973.4,22.9
2025-04-21,Kazhydromet-9,2.16,14.5,67.0,976.5,14.6
2025-04-22,Kazhydromet-9,0.76,14.8,70.0,979.1,10.4
2025-04-23,Kazhydromet-9,1.55,15.5,59.0,976.4,13.1
2025-04-24,Kazhydromet-9,1.79,11.4,65.0,980.7,15.0
2025-04-25,Kazhydromet-9,1.44,14.9,60.0,976.3,11.0
2025-04-26,Kazhydromet-9,0.86,17.5,48.0,969.7,18.6
2025-04-27,Kazhydromet-9,0.89,17.0,69.0,963.8,11.2
2025-04-28,Kazhydromet-9,1.22,17.7,67.0,966.3,17.7
2025-04-29,Kazhydromet-9,2.73,8.9,47.0,972.1,27.2
2025-04-30,Kazhydromet-9,1.99,5.9,55.0,984.8,9.6
2025-05-01,Kazhydromet-9,1.86,8.7,55.0,982.0,5.0
2025-05-02,Kazhydromet-9,1.59,11.4,53.0,979.9,12.5
2025-05-03,Kazhydromet-9,2.96,11.5,55.0,983.4,10.8
2025-05-04,Kazhydromet-9,2.15,16.0,46.0,969.0,19.9
2025-05-05,Kazhydromet-9,1.42,14.1,53.0,973.8,12.4
2025-05-06,Kazhydromet-9,1.84,17.0,55.0,976.2,8.7
2025-05-07,Kazhydromet-9,0.96,18.4,54.0,970.6,6.9
2025-05-08,Kazhydromet-9,1.8,20.8,46.0,966.2,11.9
2025-05-09,Kazhydromet-9,2.23,19.7,56.0,962.7,13.9
2025-05-10,Kazhydromet-9,1.64,17.7,65.0,967.3,20.0
2025-05-11,Kazhydromet-9,1.72,14.1,75.0,974.2,13.1
2025-05-12,Kazhydromet-9,1.51,16.6,68.0,977.2,9.5
2025-05-13,Kazhydromet-9,1.66,20.9,54.0,972.0,12.9
2025-05-14,Kazhydromet-9,2.11,22.3,54.0,969.8,10.0
2025-05-15,Kazhydromet-9,2.15,24.6,50.0,971.9,10.4
2025-05-16,Kazhydromet-9,1.34,26.1,45.0,970.7,10.9
2025-05-17,Kazhydromet-9,2.27,24.4,43.0,962.9,16.5
2025-05-18,Kazhydromet-9,1.67,12.9,89.0,962.1,22.0
2025-05-19,Kazhydromet-9,0.97,13.8,57.0,977.2,11.4
2025-05-20,Kazhydromet-9,1.81,16.1,55.0,976.7,13.2
2025-05-21,Kazhydromet-9,1.68,18.6,51.0,972.2,15.2
2025-05-22,Kazhydromet-9,1.63,18.1,60.0,968.6,14.1
2025-05-23,Kazhydromet-9,2.31,15.5,67.0,963.1,25.2
2025-05-24,Kazhydromet-9,1.35,12.8,65.0,970.4,14.0
2025-05-25,Kazhydromet-9,2.27,10.6,65.0,971.2,6.9
2025-05-26,Kazhydromet-9,1.27,10.9,61.0,977.1,14.2
2025-05-27,Kazhydromet-9,3.2,12.6,58.0,982.3,10.3
2025-05-28,Kazhydromet-9,2.21,17.6,55.0,977.1,16.8
2025-05-29,Kazhydromet-9,2.18,16.3,66.0,979.1,6.3
2025-05-30,Kazhydromet-9,1.51,19.3,59.0,976.4,11.8
2025-05-31,Kazhydromet-9,1.46,20.7,56.0,977.5,6.4
2025-06-01,Kazhydromet-9,1.12,20.4,54.0,976.2,6.8
2025-06-02,Kazhydromet-9,1.37,21.5,53.0,971.9,4.1
2025-06-03,Kazhydromet-9,1.73,23.7,43.0,967.1,10.6
2025-06-04,Kazhydromet-9,1.12,21.7,57.0,963.4,12.5
2025-06-05,Kazhydromet-9,1.61,19.8,50.0,966.0,13.0
2025-06-06,Kazhydromet-9,1.31,23.0,51.0,970.2,7.6
2025-06-07,Kazhydromet-9,1.51,20.8,63.0,968.6,14.6
2025-06-08,Kazhydromet-9,1.68,15.0,85.0,971.7,17.2
2025-06-09,Kazhydromet-9,1.42,15.8,65.0,977.4,15.1
2025-06-10,Kazhydromet-9,1.4,18.0,60.0,975.9,17.0
2025-06-11,Kazhydromet-9,1.51,22.5,56.0,973.3,13.1
2025-06-12,Kazhydromet-9,1.26,22.2,61.0,973.4,8.8
2025-06-13,Kazhydromet-9,2.79,22.4,65.0,972.2,9.1
2025-06-14,Kazhydromet-9,1.84,22.1,65.0,969.1,7.1
2025-06-15,Kazhydromet-9,1.08,22.5,67.0,968.2,10.0
2025-06-16,Kazhydromet-9,1.0,23.9,57.0,969.2,7.6
2025-06-17,Kazhydromet-9,1.02,26.0,49.0,966.2,10.3
2025-06-18,Kazhydromet-9,0.92,27.0,41.0,962.3,13.7
2025-06-19,Kazhydromet-9,0.96,24.0,49.0,959.6,11.6
2025-06-20,Kazhydromet-9,2.4,20.3,59.0,961.5,18.4
2025-06-21,Kazhydromet-9,2.13,19.4,60.0,964.1,25.0
2025-06-22,Kazhydromet-9,1.25,21.5,51.0,965.0,18.8
2025-06-23,Kazhydromet-9,1.84,16.8,69.0,962.9,11.1
2025-06-24,Kazhydromet-9,1.43,17.3,69.0,965.8,10.9
2025-06-25,Kazhydromet-9,1.15,16.3,62.0,967.9,16.6
2025-06-26,Kazhydromet-9,1.46,15.0,77.0,966.8,17.8
2025-06-27,Kazhydromet-9,2.14,17.3,70.0,967.7,10.9
2025-06-28,Kazhydromet-9,2.17,19.8,65.0,962.2,10.7
2025-06-29,Kazhydromet-9,1.04,17.2,78.0,956.6,9.5
2025-06-30,Kazhydromet-9,2.84,17.8,75.0,957.5,9.1
2025-07-01,Kazhydromet-9,2.04,20.8,65.0,964.8,8.1
2025-07-02,Kazhydromet-9,1.53,22.8,66.0,970.0,3.7
2025-07-03,Kazhydromet-9,1.17,24.7,61.0,970.7,6.3
2025-07-04,Kazhydromet-9,1.07,24.0,59.0,963.6,14.6
2025-07-05,Kazhydromet-9,0.63,18.5,77.0,960.8,14.0
2025-07-06,Kazhydromet-9,1.91,20.4,64.0,964.6,14.0
2025-07-07,Kazhydromet-9,1.45,19.8,70.0,964.9,12.1
2025-07-08,Kazhydromet-9,1.78,18.3,61.0,970.4,9.6
2025-07-09,Kazhydromet-9,0.57,19.2,54.0,970.9,12.0
2025-07-10,Kazhydromet-9,1.33,19.8,61.0,970.5,7.6
2025-07-11,Kazhydromet-9,0.93,21.3,66.0,969.5,10.7
2025-07-12,Kazhydromet-9,1.79,19.7,57.0,969.9,14.1
2025-07-13,Kazhydromet-9,1.98,18.3,60.0,968.4,10.3
2025-07-14,Kazhydromet-9,1.24,17.3,67.0,966.5,10.1
2025-07-15,Kazhydromet-9,1.35,18.0,72.0,966.2,5.8
2025-07-16,Kazhydromet-9,1.62,21.1,60.0,965.9,5.0
2025-07-17,Kazhydromet-9,2.77,23.4,52.0,965.1,9.0
2025-07-18,Kazhydromet-9,2.02,23.9,55.0,965.2,9.6
2025-07-19,Kazhydromet-9,2.91,19.0,64.0,966.6,15.4
2025-07-20,Kazhydromet-9,1.11,18.2,59.0,975.4,5.7
2025-07-21,Kazhydromet-9,1.38,20.9,54.0,975.1,8.2
2025-07-22,Kazhydromet-9,1.81,22.7,49.0,974.4,9.5
2025-07-23,Kazhydromet-9,0.7,23.9,43.0,967.2,8.8
2025-07-24,Kazhydromet-9,1.5,22.7,46.0,961.2,13.1
2025-07-25,Kazhydromet-9,0.64,22.1,50.0,957.1,11.4
2025-07-26,Kazhydromet-9,1.69,21.7,74.0,956.9,10.2
2025-07-27,Kazhydromet-9,0.85,20.6,75.0,956.7,14.1
2025-07-28,Kazhydromet-9,1.07,21.5,61.0,961.0,12.6
2025-07-29,Kazhydromet-9,1.5,19.5,71.0,960.0,11.1
2025-07-30,Kazhydromet-9,0.89,17.8,75.0,958.9,7.6
2025-07-31,Kazhydromet-9,2.27,18.3,77.0,959.4,4.7
2025-08-01,Kazhydromet-9,1.95,18.0,81.0,960.9,6.8
2025-08-02,Kazhydromet-9,2.02,18.5,82.0,965.5,11.8
2025-08-03,Kazhydromet-9,1.67,17.0,65.0,973.2,13.6
2025-08-04,Kazhydromet-9,0.64,14.2,58.0,978.5,11.7
2025-08-05,Kazhydromet-9,0.93,16.0,58.0,976.7,10.5
2025-08-06,Kazhydromet-9,0.95,18.7,56.0,970.5,17.6
2025-08-07,Kazhydromet-9,1.04,17.3,70.0,968.8,8.6
2025-08-08,Kazhydromet-9,1.85,16.0,70.0,967.6,13.8
2025-08-09,Kazhydromet-9,2.42,15.8,62.0,972.8,11.9
2025-08-10,Kazhydromet-9,2.25,17.5,64.0,975.4,4.0
2025-08-11,Kazhydromet-9,0.94,20.1,53.0,972.0,10.1
2025-08-12,Kazhydromet-9,2.59,16.9,75.0,962.9,24.4
2025-08-13,Kazhydromet-9,1.25,18.9,65.0,967.0,11.9
2025-08-14,Kazhydromet-9,2.22,17.5,73.0,959.4,14.8
2025-08-15,Kazhydromet-9,1.65,16.9,74.0,960.1,14.7
2025-08-16,Kazhydromet-9,2.12,16.0,82.0,960.3,11.3
2025-08-17,Kazhydromet-9,3.84,16.2,75.0,961.8,14.9
2025-08-18,Kazhydromet-9,1.96,16.1,71.0,968.2,13.9
2025-08-19,Kazhydromet-9,2.09,18.2,68.0,970.5,8.0
2025-08-20,Kazhydromet-9,1.99,20.4,65.0,965.8,9.1
2025-08-21,Kazhydromet-9,1.28,19.0,60.0,963.0,11.5
2025-08-22,Kazhydromet-9,1.52,15.6,71.0,965.0,13.6
2025-08-23,Kazhydromet-9,0.99,17.9,72.0,968.6,12.2
2025-08-24,Kazhydromet-9,2.29,18.7,68.0,976.1,8.5
2025-08-25,Kazhydromet-9,1.54,18.7,56.0,979.3,9.5
2025-08-26,Kazhydromet-9,2.48,20.9,53.0,979.4,9.7
2025-08-27,Kazhydromet-9,1.73,23.0,44.0,978.4,8.2
2025-08-28,Kazhydromet-9,2.5,25.2,36.0,973.7,13.1
2025-08-29,Kazhydromet-9,1.91,20.4,50.0,973.2,10.6
2025-08-30,Kazhydromet-9,1.72,14.8,57.0,969.0,13.3
2025-08-31,Kazhydromet-9,0.96,12.6,65.0,974.0,17.6
2025-09-01,Kazhydromet-9,2.6,12.7,74.0,969.3,11.8
2025-09-02,Kazhydromet-9,0.52,12.5,69.0,973.8,13.2
2025-09-03,Kazhydromet-9,2.311388888888889,12.205555555555556,68.91666666666667,974.1194444444444,12.963888888888889
2025-09-04,Kazhydromet-9,4.102777777777778,11.911111111111111,68.83333333333333,974.4388888888889,12.727777777777778
2025-09-05,Kazhydromet-9,5.894166666666667,11.616666666666667,68.75,974.7583333333333,12.491666666666665
2025-09-06,Kazhydromet-9,7.685555555555556,11.322222222222223,68.66666666666667,975.0777777777778,12.255555555555555
2025-09-07,Kazhydromet-9,9.476944444444445,11.027777777777779,68.58333333333333,975.3972222222221,12.019444444444444
2025-09-08,Kazhydromet-9,11.268333333333334,10.733333333333334,68.5,975.7166666666666,11.783333333333333
2025-09-09,Kazhydromet-9,13.059722222222224,10.438888888888888,68.41666666666667,976.036111111111,11.54722222222222
2020-03-26,US Embassy,3.9359999999999995,-5.0,71.0,990.6,8.8
2020-03-27,US Embassy,2.016,-2.0,77.0,979.5,15.4
2020-03-28,US Embassy,5.546799999999999,-1.2999999999999998,73.66666666666667,980.7333333333333,12.8
2020-03-29,US Embassy,9.077599999999999,-0.5999999999999999,70.33333333333333,981.9666666666667,10.2
2020-03-30,US Embassy,12.608399999999998,0.1,67.0,983.2,7.6
2020-03-31,US Embassy,11.544,3.1,56.0,976.9,12.1
2020-04-01,US Embassy,2.424,6.0,52.0,968.9,12.8
2020-04-02,US Embassy,3.6959999999999997,6.7,80.0,969.2,18.7
2020-04-03,US Embassy,8.04,4.9,70.0,980.8,6.9
2020-04-04,US Embassy,8.256,9.6,64.0,980.4,13.7
2020-04-05,US Embassy,2.064,8.1,69.0,973.0,14.8
2020-04-06,US Embassy,1.9679999999999997,7.6,73.0,973.5,13.6
2020-04-07,US Embassy,1.3199999999999998,6.0,63.0,962.9,26.6
2020-04-08,US Embassy,0.864,0.0,51.0,974.7,24.2
2020-04-09,US Embassy,1.272,0.2,51.0,982.4,14.8
2020-04-10,US Embassy,2.352,2.9,58.0,985.7,11.1
2020-04-11,US Embassy,3.9359999999999995,6.3,59.0,981.9,10.4
2020-04-12,US Embassy,2.256,10.7,50.0,971.1,17.1
2020-04-13,US Embassy,2.064,9.2,59.0,970.9,9.6
2020-04-14,US Embassy,2.064,5.0,77.0,974.7,9.7
2020-04-15,US Embassy,1.728,5.6,56.0,979.9,17.9
2020-04-16,US Embassy,1.728,8.8,49.0,982.3,11.9
2020-04-17,US Embassy,2.592,10.4,49.0,977.3,12.9
2020-04-18,US Embassy,1.8479999999999999,12.6,47.0,975.4,13.9
2020-04-19,US Embassy,3.36,12.6,55.0,977.6,6.4
2020-04-20,US Embassy,9.096,14.7,54.0,979.7,8.9
2020-04-21,US Embassy,2.592,16.3,39.0,975.9,10.7
2020-04-22,US Embassy,3.1439999999999997,16.8,41.0,968.0,12.8
2020-04-23,US Embassy,1.44,13.2,53.0,967.2,17.8
2020-04-24,US Embassy,3.48,6.6,88.0,968.6,8.6
2020-04-25,US Embassy,1.56,6.9,63.0,978.3,9.3
2020-04-26,US Embassy,2.88,9.6,52.0,979.3,12.7
2020-04-27,US Embassy,3.816,15.1,61.0,968.8,11.0
2020-04-28,US Embassy,2.88,19.8,64.0,958.7,17.5
2020-04-29,US Embassy,1.44,15.0,63.0,966.8,18.9
2020-04-30,US Embassy,1.2,11.0,56.0,974.4,21.9
2020-05-01,US Embassy,1.392,13.7,51.0,976.8,20.3
2020-05-02,US Embassy,2.256,15.0,54.0,974.4,6.6
2020-05-03,US Embassy,5.424,14.4,57.0,968.0,12.5
2020-05-04,US Embassy,1.776,7.1,59.0,978.0,15.6
2020-05-05,US Embassy,3.48,6.9,59.0,986.1,8.5
2020-05-06,US Embassy,2.76,9.8,51.0,987.3,8.1
2020-05-07,US Embassy,2.76,13.5,44.0,981.8,8.6
2020-05-08,US Embassy,1.8479999999999999,17.9,41.0,977.3,19.1
2020-05-09,US Embassy,2.064,19.3,35.0,973.9,21.8
2020-05-10,US Embassy,1.728,20.2,34.0,971.4,10.7
2020-05-11,US Embassy,6.792,20.3,54.0,970.7,6.6
2020-05-12,US Embassy,3.2399999999999998,22.0,51.0,970.1,5.0
2020-05-13,US Embassy,3.2399999999999998,22.7,43.0,967.7,7.4
2020-05-14,US Embassy,2.136,21.6,52.0,966.2,13.4
2020-05-15,US Embassy,1.152,15.1,66.0,967.6,24.3
2020-05-16,US Embassy,1.3199999999999998,17.7,65.0,971.4,15.0
2020-05-17,US Embassy,1.032,18.8,61.0,971.1,11.2
2020-05-18,US Embassy,1.68,18.3,65.0,966.3,10.7
2020-05-19,US Embassy,1.392,15.3,59.0,968.6,20.4
2020-05-20,US Embassy,1.776,15.6,52.0,972.5,16.7
2020-05-21,US Embassy,0.864,13.0,54.0,975.7,17.0
2020-05-22,US Embassy,1.44,15.5,52.0,978.3,15.3
2020-05-23,US Embassy,2.136,19.9,58.0,980.0,7.4
2020-05-24,US Embassy,2.592,24.2,47.0,983.2,7.4
2020-05-25,US Embassy,5.184,26.4,40.0,984.7,5.0
2020-05-26,US Embassy,4.968,26.5,36.0,980.6,12.8
2020-05-27,US Embassy,2.1839999999999997,17.5,47.0,983.8,18.0
2020-05-28,US Embassy,2.256,18.0,40.0,981.3,7.6
2020-05-29,US Embassy,2.304,21.2,37.0,975.0,8.9
2020-05-30,US Embassy,2.76,20.7,44.0,974.0,11.5
2020-05-31,US Embassy,2.136,24.2,35.0,971.1,15.3
2020-06-01,US Embassy,2.6399999999999997,26.2,39.0,968.1,14.4
2020-06-02,US Embassy,2.064,23.7,39.0,969.4,13.1
2020-06-03,US Embassy,1.8479999999999999,18.9,47.0,971.3,16.4
2020-06-04,US Embassy,1.488,15.2,38.0,971.9,20.6
2020-06-05,US Embassy,1.032,13.5,38.0,978.5,18.2
2020-06-06,US Embassy,1.68,16.4,37.0,981.0,10.9
2020-06-07,US Embassy,2.304,19.1,38.0,981.1,11.5
2020-06-08,US Embassy,2.352,20.4,41.0,979.0,8.1
2020-06-09,US Embassy,2.6399999999999997,22.4,36.0,978.2,11.5
2020-06-10,US Embassy,2.544,22.8,39.0,979.4,14.2
2020-06-11,US Embassy,3.816,24.6,40.0,977.1,10.7
2020-06-12,US Embassy,3.024,25.1,39.0,971.8,6.6
2020-06-13,US Embassy,2.424,26.4,35.0,965.8,14.2
2020-06-14,US Embassy,1.8119999999999998,20.25,39.0,969.5,16.5
2020-06-15,US Embassy,1.2,14.1,43.0,973.2,18.8
2020-06-16,US Embassy,1.56,13.8,58.0,968.8,23.1
2020-06-17,US Embassy,1.728,17.7,40.0,966.1,15.3
2020-06-18,US Embassy,2.136,18.8,53.0,965.1,15.3
2020-06-19,US Embassy,1.2,13.4,44.0,971.3,13.9
2020-06-20,US Embassy,1.1039999999999999,12.7,43.0,974.8,11.3
2020-06-21,US Embassy,0.744,17.7,40.0,970.9,15.4
2020-06-22,US Embassy,0.624,21.2,38.0,964.2,10.4
2020-06-23,US Embassy,2.1839999999999997,21.0,43.0,962.3,13.0
2020-06-24,US Embassy,0.864,17.7,50.0,970.5,14.0
2020-06-25,US Embassy,1.1039999999999999,19.9,44.0,966.8,14.4
2020-06-26,US Embassy,1.776,18.5,65.0,959.2,13.0
2020-06-27,US Embassy,1.6079999999999999,11.7,91.0,955.4,18.6
2020-06-28,US Embassy,0.9119999999999999,14.7,59.0,964.2,22.6
2020-06-29,US Embassy,1.6079999999999999,17.5,66.0,962.8,19.0
2020-06-30,US Embassy,1.728,20.8,53.0,964.9,14.9
2020-07-01,US Embassy,2.304,21.2,64.0,965.1,14.0
2020-07-02,US Embassy,1.776,20.7,68.0,963.1,16.6
2020-07-03,US Embassy,1.728,17.1,85.0,967.0,16.2
2020-07-04,US Embassy,1.68,19.3,66.0,969.5,17.7
2020-07-05,US Embassy,1.6079999999999999,19.1,56.0,969.2,14.1
2020-07-06,US Embassy,2.016,19.6,61.0,968.6,7.5
2020-07-07,US Embassy,3.6959999999999997,20.3,65.0,970.7,6.6
2020-07-08,US Embassy,2.88,21.4,61.0,973.9,10.7
2020-07-09,US Embassy,2.352,22.9,54.0,973.3,9.7
2020-07-10,US Embassy,3.48,23.4,62.0,967.9,12.8
2020-07-11,US Embassy,2.136,21.4,54.0,971.3,9.6
2020-07-12,US Embassy,2.544,23.7,60.0,971.7,10.9
2020-07-13,US Embassy,2.1839999999999997,22.1,50.0,973.9,11.5
2020-07-14,US Embassy,3.9359999999999995,23.4,52.0,976.0,10.5
2020-07-15,US Embassy,2.904,24.3,50.0,977.6,15.6
2020-07-16,US Embassy,1.488,23.9,39.0,975.3,16.5
2020-07-17,US Embassy,2.88,26.1,43.0,971.3,21.8
2020-07-18,US Embassy,4.272,28.6,41.0,968.7,21.8
2020-07-19,US Embassy,2.592,26.3,38.0,967.8,15.4
2020-07-20,US Embassy,3.024,25.7,37.0,964.5,12.8
2020-07-21,US Embassy,2.352,22.4,65.0,964.8,14.1
2020-07-22,US Embassy,1.56,19.9,53.0,968.8,14.9
2020-07-23,US Embassy,2.136,20.3,58.0,965.3,11.1
2020-07-24,US Embassy,1.896,20.9,72.0,962.1,7.8
2020-07-25,US Embassy,1.152,19.2,78.0,963.3,15.2
2020-07-26,US Embassy,2.136,18.2,71.0,971.2,6.5
2020-07-27,US Embassy,2.544,19.0,68.0,968.2,9.0
2020-07-28,US Embassy,2.1839999999999997,17.6,76.0,964.9,13.9
2020-07-29,US Embassy,1.8479999999999999,17.6,65.0,970.1,14.2
2020-07-30,US Embassy,2.76,18.6,63.0,973.7,5.9
2020-07-31,US Embassy,2.76,21.8,58.0,971.5,9.8
2020-08-01,US Embassy,2.352,23.0,58.0,973.1,7.7
2020-08-02,US Embassy,2.544,24.4,52.0,975.0,12.4
2020-08-03,US Embassy,3.36,25.1,49.0,972.6,16.3
2020-08-04,US Embassy,2.256,23.5,49.0,969.8,17.2
2020-08-05,US Embassy,2.6399999999999997,23.6,45.0,970.9,18.3
2020-08-06,US Embassy,3.48,23.5,42.0,974.0,15.5
2020-08-07,US Embassy,3.816,24.0,42.0,972.0,11.8
2020-08-08,US Embassy,2.832,23.5,49.0,965.6,9.4
2020-08-09,US Embassy,2.1839999999999997,23.4,52.0,958.3,17.3
2020-08-10,US Embassy,1.44,22.7,59.0,956.5,12.7
2020-08-11,US Embassy,1.272,17.7,68.0,955.9,14.3
2020-08-12,US Embassy,0.816,17.6,78.0,958.1,14.5
2020-08-13,US Embassy,1.302,18.025000000000002,73.75,959.625,13.825
2020-08-14,US Embassy,1.7879999999999998,18.450000000000003,69.5,961.1500000000001,13.15
2020-08-15,US Embassy,2.274,18.875,65.25,962.6750000000001,12.475000000000001
2020-08-16,US Embassy,2.76,19.3,61.0,964.2,11.8
2020-08-17,US Embassy,1.3199999999999998,17.6,66.0,961.2,12.8
2020-08-18,US Embassy,0.9839999999999999,16.2,62.0,959.1,17.8
2020-08-19,US Embassy,0.816,14.7,71.0,959.6,19.2
2020-08-20,US Embassy,0.576,14.8,50.0,962.4,19.7
2020-08-21,US Embassy,0.744,13.9,66.0,963.1,15.9
2020-08-22,US Embassy,0.696,14.6,76.0,965.1,10.4
2020-08-23,US Embassy,1.152,15.1,72.0,964.7,9.0
2020-08-24,US Embassy,5.64,15.4,68.0,964.3,7.8
2020-08-25,US Embassy,3.48,15.3,62.0,968.5,13.0
2020-08-26,US Embassy,2.544,17.6,59.0,972.2,12.0
2020-08-27,US Embassy,1.9679999999999997,17.7,63.0,972.8,12.1
2020-08-28,US Embassy,2.304,17.0,60.0,977.8,6.7
2020-08-29,US Embassy,4.152,19.3,58.0,978.5,7.0
2020-08-30,US Embassy,5.88,21.3,52.0,978.2,10.3
2020-08-31,US Embassy,5.76,21.0,52.0,977.2,7.5
2020-09-01,US Embassy,4.392,21.8,51.0,974.6,9.5
2020-09-02,US Embassy,3.816,23.3,46.0,972.0,11.2
2020-09-03,US Embassy,0.9839999999999999,16.1,58.0,969.8,17.0
2020-09-04,US Embassy,0.9119999999999999,10.7,53.0,977.7,16.4
2020-09-05,US Embassy,5.64,9.9,59.0,978.2,9.7
2020-09-06,US Embassy,6.335999999999999,9.4,62.0,974.9,10.8
2020-09-07,US Embassy,2.304,10.4,60.0,973.7,15.8
2020-09-08,US Embassy,1.896,8.8,68.0,979.2,9.9
2020-09-09,US Embassy,4.055999999999999,9.6,64.0,982.4,7.3
2020-09-10,US Embassy,5.064,11.3,55.0,982.3,6.2
2020-09-11,US Embassy,2.832,13.6,46.0,980.1,12.9
2020-09-12,US Embassy,2.592,16.1,44.0,976.6,10.1
2020-09-13,US Embassy,3.9359999999999995,16.5,49.0,976.3,6.3
2020-09-14,US Embassy,3.2399999999999998,18.0,50.0,973.8,6.0
2020-09-15,US Embassy,2.064,16.5,53.0,962.9,18.0
2020-09-16,US Embassy,0.9119999999999999,11.8,55.0,957.8,27.8
2020-09-17,US Embassy,0.624,9.1,77.0,957.0,24.9
2020-09-18,US Embassy,1.272,10.8,76.0,974.0,17.5
2020-09-19,US Embassy,2.76,13.5,63.0,979.8,14.8
2020-09-20,US Embassy,1.392,15.6,46.0,971.2,20.4
2020-09-21,US Embassy,1.1039999999999999,10.6,53.0,965.6,19.5
2020-09-22,US Embassy,0.744,7.0,79.0,970.4,18.8
2020-09-23,US Embassy,0.696,7.4,86.0,963.3,25.8
2020-09-24,US Embassy,0.744,6.7,73.0,966.4,26.3
2020-09-25,US Embassy,2.256,6.7,70.0,981.6,16.2
2020-09-26,US Embassy,4.608,7.3,68.0,986.8,12.3
2020-09-27,US Embassy,6.4319999999999995,6.0,68.0,988.6,9.3
2020-09-28,US Embassy,40.839999999999996,7.4,67.0,987.3,7.5
2020-09-29,US Embassy,5.304,9.6,74.0,988.0,12.5
2020-09-30,US Embassy,5.304,5.2,60.0,989.5,8.1
2020-10-01,US Embassy,106.12999999999997,6.1,61.0,988.7,5.8
2020-10-02,US Embassy,14.527199999999999,9.5,71.0,986.6,5.5
2020-10-03,US Embassy,5.184,9.0,77.0,981.4,6.8
2020-10-04,US Embassy,3.5999999999999996,5.8,78.0,979.4,11.5
2020-10-05,US Embassy,6.552,0.7,60.0,984.8,12.9
2020-10-06,US Embassy,2.472,2.0,54.0,983.9,15.7
2020-10-07,US Embassy,2.712,2.7,81.0,980.3,12.5
2020-10-08,US Embassy,4.728,0.6,68.0,989.6,15.2
2020-10-09,US Embassy,1.9679999999999997,1.0,62.0,994.7,11.2
2020-10-10,US Embassy,1.488,5.0,62.0,988.3,14.2
2020-10-11,US Embassy,3.36,6.8,69.0,984.3,11.3
2020-10-12,US Embassy,4.968,8.0,71.0,985.3,8.6
2020-10-13,US Embassy,4.728,7.6,67.0,986.8,8.4
2020-10-14,US Embassy,5.975999999999999,7.0,58.0,985.5,9.8
2020-10-15,US Embassy,1.728,8.7,48.0,983.0,13.4
2020-10-16,US Embassy,5.424,8.8,50.0,981.5,11.8
2020-10-17,US Embassy,2.424,11.6,41.0,974.6,19.6
2020-10-18,US Embassy,3.5999999999999996,5.7,51.0,980.7,13.5
2020-10-19,US Embassy,3.48,3.6,55.0,986.4,12.0
2020-10-20,US Embassy,2.712,7.9,61.0,976.8,11.0
2020-10-21,US Embassy,2.592,7.4,41.0,965.5,15.4
2020-10-22,US Embassy,1.2,3.5,65.0,968.1,20.9
2020-10-23,US Embassy,0.864,-1.4,67.0,974.3,15.5
2020-10-24,US Embassy,1.44,-2.6,60.0,983.2,13.6
2020-10-25,US Embassy,1.1039999999999999,2.8,73.0,976.7,24.8
2020-10-26,US Embassy,1.728,6.5,75.0,967.1,28.1
2020-10-27,US Embassy,0.744,1.8,82.0,958.8,21.2
2020-10-28,US Embassy,1.896,-1.4,71.0,979.2,18.1
2020-10-29,US Embassy,1.272,-0.5,77.0,988.7,17.3
2020-10-30,US Embassy,2.76,0.4,76.0,989.8,11.6
2020-10-31,US Embassy,7.247999999999999,-0.2,78.0,989.6,6.7
2020-11-01,US Embassy,7.008,0.2,74.0,983.9,8.4
2020-11-02,US Embassy,3.48,0.2,77.0,985.3,9.5
2020-11-03,US Embassy,3.2399999999999998,-2.0,78.0,987.4,7.2
2020-11-04,US Embassy,2.424,-1.7,70.0,992.0,10.7
2020-11-05,US Embassy,0.744,0.3,56.0,986.6,15.7
2020-11-06,US Embassy,1.776,1.9,51.0,981.5,11.9
2020-11-07,US Embassy,1.776,3.3,45.0,973.0,16.9
2020-11-08,US Embassy,1.488,5.1,62.0,963.1,24.4
2020-11-09,US Embassy,0.528,1.3,84.0,966.7,29.6
2020-11-10,US Embassy,0.9839999999999999,-0.1,81.0,971.3,20.2
2020-11-11,US Embassy,0.744,-0.5,81.0,966.8,20.1
2020-11-12,US Embassy,1.9679999999999997,-4.5,83.0,971.2,12.9
2020-11-13,US Embassy,0.864,-4.4,73.0,978.9,20.7
2020-11-14,US Embassy,1.152,-5.1,76.0,974.6,15.5
2020-11-15,US Embassy,2.064,-6.8,88.0,973.7,7.1
2020-11-16,US Embassy,3.9359999999999995,-8.7,87.0,982.5,11.2
2020-11-17,US Embassy,11.064,-14.0,82.0,994.1,9.0
2020-11-18,US Embassy,2.904,-15.9,84.0,993.6,8.4
2020-11-19,US Embassy,1.56,-12.2,86.0,995.6,12.0
2020-11-20,US Embassy,2.136,-13.3,83.0,998.2,11.3
2020-11-21,US Embassy,3.9359999999999995,-16.4,82.0,995.9,8.8
2020-11-22,US Embassy,16.3992,-13.5,84.0,990.6,6.6
2020-11-23,US Embassy,13.591199999999999,-9.0,87.0,990.4,8.8
2020-11-24,US Embassy,10.176,-7.6,88.0,990.9,7.6
2020-11-25,US Embassy,3.6959999999999997,-12.6,85.0,989.9,8.5
2020-11-26,US Embassy,6.552,-16.0,82.0,988.1,7.7
2020-11-27,US Embassy,9.096,-12.8,83.0,984.5,8.6
2020-11-28,US Embassy,11.831999999999999,-10.8,85.0,981.3,20.1
2020-11-29,US Embassy,7.704,-11.1,82.0,994.2,16.3
2020-11-30,US Embassy,13.591199999999999,-16.3,83.0,1002.3,7.8
2020-12-01,US Embassy,54.0,-18.7,81.0,1002.6,12.0
2020-12-02,US Embassy,11.16,-14.9,78.0,996.8,16.4
2020-12-03,US Embassy,35.4,-17.3,78.0,988.0,13.3
2020-12-04,US Embassy,16.3992,-19.2,79.0,986.1,15.8
2020-12-05,US Embassy,19.1136,-16.3,80.0,991.6,16.6
2020-12-06,US Embassy,195.8,-21.0,81.0,994.0,9.3
2020-12-07,US Embassy,121.52000000000001,-24.4,84.0,990.0,6.1
2020-12-08,US Embassy,5.76,-18.4,82.0,988.2,14.8
2020-12-09,US Embassy,2.592,-9.9,86.0,986.9,9.3
2020-12-10,US Embassy,4.848,-8.9,88.0,989.4,8.8
2020-12-11,US Embassy,5.184,-7.6,88.0,996.0,6.2
2020-12-12,US Embassy,1.8479999999999999,-9.4,87.0,994.7,13.4
2020-12-13,US Embassy,0.864,-12.3,86.0,992.4,12.9
2020-12-14,US Embassy,1.776,-12.0,85.0,990.5,11.6
2020-12-15,US Embassy,2.016,-14.2,84.0,993.4,9.9
2020-12-16,US Embassy,3.2399999999999998,-15.4,83.0,995.4,11.6
2020-12-17,US Embassy,5.64,-16.1,81.0,991.7,15.0
2020-12-18,US Embassy,3.9359999999999995,-12.4,78.0,983.0,20.5
2020-12-19,US Embassy,3.9359999999999995,-10.7,77.0,974.6,15.0
2020-12-20,US Embassy,7.584,-14.1,80.0,978.6,13.1
2020-12-21,US Embassy,2.136,-20.3,76.0,992.5,17.3
2020-12-22,US Embassy,1.032,-17.8,75.0,988.2,18.7
2020-12-23,US Embassy,1.488,-13.1,73.0,983.7,18.2
2020-12-24,US Embassy,2.592,-12.1,81.0,980.3,15.2
2020-12-25,US Embassy,8.16,-11.5,86.0,984.2,10.6
2020-12-26,US Embassy,135.01000000000002,-21.9,75.0,990.1,10.2
2020-12-27,US Embassy,10.751999999999999,-24.3,74.0,995.3,8.7
2020-12-28,US Embassy,2.88,-16.4,70.0,993.0,16.6
2020-12-29,US Embassy,1.6079999999999999,-10.5,84.0,986.4,14.2
2020-12-30,US Embassy,3.1439999999999997,-14.4,82.0,988.9,12.8
2020-12-31,US Embassy,4.848,-21.9,81.0,993.3,7.5
2021-01-01,US Embassy,50.92,-21.7,82.0,995.0,5.5
2021-01-02,US Embassy,214.00000000000003,-29.4,78.0,1000.5,7.7
2021-01-03,US Embassy,71.73999999999998,-30.0,71.0,1005.6,11.4
2021-01-04,US Embassy,8.616,-23.2,67.0,1005.5,12.7
2021-01-05,US Embassy,47.04,-17.8,65.0,1001.0,15.8
2021-01-06,US Embassy,14.152800000000001,-25.0,74.0,997.9,17.2
2021-01-07,US Embassy,24.542399999999997,-29.6,74.0,996.5,11.2
2021-01-08,US Embassy,45.480000000000004,-31.3,74.0,996.5,6.3
2021-01-09,US Embassy,8.256,-24.0,73.0,995.1,14.4
2021-01-10,US Embassy,5.52,-12.7,69.0,983.8,21.5
2021-01-11,US Embassy,4.848,-9.7,73.0,972.2,16.4
2021-01-12,US Embassy,3.6959999999999997,-10.9,77.0,962.8,22.8
2021-01-13,US Embassy,9.888,-21.0,76.0,984.1,10.1
2021-01-14,US Embassy,10.751999999999999,-25.5,81.0,995.4,7.1
2021-01-15,US Embassy,4.608,-19.7,69.0,991.8,12.9
2021-01-16,US Embassy,2.352,-9.4,65.0,976.1,18.4
2021-01-17,US Embassy,2.424,-8.5,87.0,973.2,17.9
2021-01-18,US Embassy,6.888,-9.9,87.0,971.4,10.6
2021-01-19,US Embassy,54.0,-15.0,83.0,973.8,15.0
2021-01-20,US Embassy,6.215999999999999,-9.3,84.0,971.7,18.5
2021-01-21,US Embassy,3.1439999999999997,-11.4,84.0,972.7,12.3
2021-01-22,US Embassy,4.728,-20.9,81.0,973.8,13.6
2021-01-23,US Embassy,4.392,-16.0,79.0,983.3,13.6
2021-01-24,US Embassy,56.35,-23.1,80.0,992.6,6.2
2021-01-25,US Embassy,5.88,-15.5,82.0,989.7,16.1
2021-01-26,US Embassy,4.055999999999999,-7.0,90.0,989.3,14.6
2021-01-27,US Embassy,2.064,-5.5,92.0,989.6,16.7
2021-01-28,US Embassy,2.592,-7.2,95.0,992.1,14.2
2021-01-29,US Embassy,6.552,-8.4,93.0,990.0,12.6
2021-01-30,US Embassy,10.559999999999999,-9.4,80.0,983.6,10.3
2021-01-31,US Embassy,9.888,-8.6,75.0,975.3,8.0
2021-02-01,US Embassy,43.92,-12.9,86.0,975.5,6.5
2021-02-02,US Embassy,5.064,-14.2,86.0,983.8,11.7
2021-02-03,US Embassy,2.832,-3.8,85.0,980.5,21.3
2021-02-04,US Embassy,2.136,-3.2,85.0,977.8,12.5
2021-02-05,US Embassy,1.9620000000000002,-4.7,83.25,973.2249999999999,16.1
2021-02-06,US Embassy,1.788,-6.199999999999999,81.5,968.65,19.7
2021-02-07,US Embassy,1.6139999999999999,-7.699999999999999,79.75,964.075,23.299999999999997
2021-02-08,US Embassy,1.44,-9.2,78.0,959.5,26.9
2021-02-09,US Embassy,3.68,-13.433333333333334,76.33333333333333,968.6333333333333,20.133333333333333
2021-02-10,US Embassy,5.92,-17.666666666666664,74.66666666666667,977.7666666666667,13.366666666666667
2021-02-11,US Embassy,8.16,-21.9,73.0,986.9,6.6
2021-02-12,US Embassy,3.48,-14.0,77.0,985.5,6.8
2021-02-13,US Embassy,3.024,-4.8,88.0,985.3,8.5
2021-02-14,US Embassy,2.304,-3.4,87.0,983.9,14.8
2021-02-15,US Embassy,2.352,-5.3,86.0,978.6,12.4
2021-02-16,US Embassy,2.88,-4.0,92.0,973.9,12.1
2021-02-17,US Embassy,9.191999999999998,-12.0,80.0,979.4,11.1
2021-02-18,US Embassy,8.904,-6.9,80.0,967.7,23.7
2021-02-19,US Embassy,3.48,-12.8,76.0,968.0,20.4
2021-02-20,US Embassy,4.272,-19.4,78.0,982.8,12.5
2021-02-21,US Embassy,3.1439999999999997,-16.3,77.0,980.1,17.2
2021-02-22,US Embassy,6.888,-19.9,77.0,980.4,8.5
2021-02-23,US Embassy,3.1439999999999997,-10.9,81.0,968.8,23.0
2021-02-24,US Embassy,3.1439999999999997,-14.8,69.0,961.5,29.0
2021-02-25,US Embassy,2.304,-22.1,67.0,972.6,27.5
2021-02-26,US Embassy,2.136,-25.6,74.0,987.1,14.8
2021-02-27,US Embassy,2.904,-22.3,75.0,984.7,12.3
2021-02-28,US Embassy,2.064,-6.1,86.0,970.2,22.5
2021-03-01,US Embassy,1.68,-1.6,89.0,967.4,20.6
2021-03-02,US Embassy,3.816,-7.2,84.0,971.9,13.3
2021-03-03,US Embassy,2.832,-9.4,81.0,974.0,22.9
2021-03-04,US Embassy,1.6079999999999999,-2.5,85.0,968.1,28.4
2021-03-05,US Embassy,1.272,-5.6,80.0,973.8,31.2
2021-03-06,US Embassy,1.1039999999999999,-3.7,83.0,972.4,27.5
2021-03-07,US Embassy,2.064,-1.3,90.0,971.9,17.6
2021-03-08,US Embassy,2.016,-5.2,79.0,969.9,21.4
2021-03-09,US Embassy,3.024,-11.6,77.0,977.9,13.3
2021-03-10,US Embassy,2.904,-5.2,83.0,963.7,19.9
2021-03-11,US Embassy,1.392,-8.5,79.0,968.4,28.9
2021-03-12,US Embassy,2.352,-16.0,75.0,972.3,17.5
2021-03-13,US Embassy,3.48,-20.2,70.0,984.4,9.8
2021-03-14,US Embassy,10.655999999999999,-19.4,73.0,986.0,5.2
2021-03-15,US Embassy,9.0,-17.8,73.0,987.9,8.6
2021-03-16,US Embassy,7.127999999999999,-16.7,74.0,991.2,9.3
2021-03-17,US Embassy,1.8479999999999999,-12.9,70.0,990.5,16.1
2021-03-18,US Embassy,2.352,-11.2,68.0,991.3,11.4
2021-03-19,US Embassy,2.472,-3.7,67.0,978.4,21.1
2021-03-20,US Embassy,2.1839999999999997,0.5,80.0,964.4,22.3
2021-03-21,US Embassy,2.592,-0.8,84.0,967.6,26.1
2021-03-22,US Embassy,2.904,-1.8,85.0,971.6,15.6
2021-03-23,US Embassy,5.304,-5.4,88.0,967.4,25.5
2021-03-24,US Embassy,2.76,-6.5,84.0,978.6,17.3
2021-03-25,US Embassy,10.751999999999999,-6.1,78.0,971.4,6.6
2021-03-26,US Embassy,10.271999999999998,-5.4,80.0,971.3,12.3
2021-03-27,US Embassy,2.76,-0.2,89.0,966.0,16.2
2021-03-28,US Embassy,2.304,0.3,91.0,963.5,13.7
2021-03-29,US Embassy,1.68,-3.5,79.0,975.0,20.6
2021-03-30,US Embassy,5.424,-5.3,86.0,984.9,5.4
2021-03-31,US Embassy,7.344,-7.8,80.0,988.0,6.5
2021-04-01,US Embassy,29.971200000000003,-8.6,78.0,987.6,8.6
2021-04-02,US Embassy,2.064,-4.3,77.0,986.8,17.7
2021-04-03,US Embassy,2.904,-2.1,78.0,982.6,11.2
2021-04-04,US Embassy,1.6079999999999999,3.2,72.0,970.2,14.8
2021-04-05,US Embassy,1.8479999999999999,2.7,88.0,966.5,19.2
2021-04-06,US Embassy,1.488,0.7,86.0,979.8,12.6
2021-04-07,US Embassy,3.9359999999999995,3.0,85.0,981.8,6.8
2021-04-08,US Embassy,3.816,4.8,81.0,980.5,11.2
2021-04-09,US Embassy,5.064,4.6,78.0,980.1,8.0
2021-04-10,US Embassy,4.848,2.4,81.0,985.8,20.5
2021-04-11,US Embassy,4.512,2.8,69.0,992.8,20.4
2021-04-12,US Embassy,7.127999999999999,4.8,60.0,989.8,10.8
2021-04-13,US Embassy,9.984,4.7,67.0,991.7,15.1
2021-04-14,US Embassy,8.808,5.8,60.0,990.7,6.5
2021-04-15,US Embassy,85.03999999999999,7.1,65.0,983.0,4.8
2021-04-16,US Embassy,45.480000000000004,9.7,63.0,975.7,8.1
2021-04-17,US Embassy,3.48,7.2,68.0,978.5,12.8
2021-04-18,US Embassy,8.495999999999999,10.0,61.0,972.2,12.6
2021-04-19,US Embassy,3.36,-1.8,49.0,980.0,21.1
2021-04-20,US Embassy,4.392,-3.5,35.0,984.1,17.0
2021-04-21,US Embassy,10.968,1.5,42.0,984.3,13.3
2021-04-22,US Embassy,7.92,1.0,54.0,994.5,13.2
2021-04-23,US Embassy,5.304,2.3,45.0,996.9,12.1
2021-04-24,US Embassy,2.136,5.3,33.0,988.5,15.9
2021-04-25,US Embassy,2.016,9.1,40.0,979.1,16.8
2021-04-26,US Embassy,1.3199999999999998,11.2,67.0,979.7,14.9
2021-04-27,US Embassy,1.776,16.1,49.0,974.0,18.5
2021-04-28,US Embassy,1.728,17.7,43.0,970.0,14.9
2021-04-29,US Embassy,3.6959999999999997,12.5,55.0,969.4,11.1
2021-04-30,US Embassy,2.712,9.5,41.0,974.8,11.0
2021-05-01,US Embassy,2.592,8.9,38.0,983.8,13.3
2021-05-02,US Embassy,3.2399999999999998,9.5,40.0,985.3,10.6
2021-05-03,US Embassy,3.816,12.6,36.0,979.2,11.8
2021-05-04,US Embassy,1.6079999999999999,13.6,53.0,979.5,13.3
2021-05-05,US Embassy,2.904,17.3,37.0,969.4,11.9
2021-05-06,US Embassy,2.1839999999999997,19.4,34.0,964.6,13.6
2021-05-07,US Embassy,2.6399999999999997,14.4,36.0,975.9,10.1
2021-05-08,US Embassy,3.816,14.9,58.0,974.9,16.4
2021-05-09,US Embassy,2.472,16.3,76.0,967.2,10.8
2021-05-10,US Embassy,3.024,12.1,75.0,968.1,17.2
2021-05-11,US Embassy,3.6959999999999997,11.9,48.0,978.7,18.2
2021-05-12,US Embassy,6.792,14.1,50.0,981.5,11.5
2021-05-13,US Embassy,3.48,15.4,48.0,980.0,14.5
2021-05-14,US Embassy,2.352,14.9,55.0,982.9,12.4
2021-05-15,US Embassy,2.016,16.8,53.0,983.4,9.6
2021-05-16,US Embassy,2.424,20.2,47.0,978.4,10.8
2021-05-17,US Embassy,3.6959999999999997,22.2,45.0,976.9,9.6
2021-05-18,US Embassy,3.5999999999999996,22.1,47.0,972.4,10.5
2021-05-19,US Embassy,3.48,16.8,61.0,971.0,16.9
2021-05-20,US Embassy,2.064,14.1,52.0,978.9,10.1
2021-05-21,US Embassy,1.728,18.0,45.0,980.2,12.9
2021-05-22,US Embassy,1.68,21.2,42.0,981.5,7.1
2021-05-23,US Embassy,2.1839999999999997,22.6,44.0,980.8,4.6
2021-05-24,US Embassy,3.024,24.9,43.0,979.2,6.3
2021-05-25,US Embassy,3.024,26.3,42.0,976.6,8.5
2021-05-26,US Embassy,4.055999999999999,26.5,41.0,970.2,7.8
2021-05-27,US Embassy,2.472,20.7,47.0,970.1,15.9
2021-05-28,US Embassy,2.016,16.3,45.0,978.8,12.3
2021-05-29,US Embassy,1.56,19.3,33.0,976.1,15.2
2021-05-30,US Embassy,1.56,23.1,34.0,971.3,15.1
2021-05-31,US Embassy,1.6079999999999999,24.7,40.0,966.1,11.2
2021-06-01,US Embassy,3.2399999999999998,22.5,58.0,965.5,13.8
2021-06-02,US Embassy,2.832,21.3,60.0,968.0,19.8
2021-06-03,US Embassy,1.6079999999999999,17.2,65.0,967.9,17.7
2021-06-04,US Embassy,2.304,13.5,62.0,970.8,15.6
2021-06-05,US Embassy,1.8479999999999999,11.1,48.0,980.8,10.5
2021-06-06,US Embassy,3.6959999999999997,14.8,51.0,977.7,9.0
2021-06-07,US Embassy,2.136,18.4,43.0,969.7,9.0
2021-06-08,US Embassy,1.776,20.5,43.0,965.0,10.7
2021-06-09,US Embassy,1.896,18.1,48.0,968.9,20.8
2021-06-10,US Embassy,1.68,18.3,36.0,969.6,20.6
2021-06-11,US Embassy,1.68,16.2,35.0,974.4,16.7
2021-06-12,US Embassy,1.8479999999999999,15.1,42.0,978.7,11.1
2021-06-13,US Embassy,4.728,16.2,53.0,980.2,11.3
2021-06-14,US Embassy,2.304,21.9,42.0,979.5,13.3
2021-06-15,US Embassy,1.488,22.1,44.0,977.4,9.7
2021-06-16,US Embassy,2.472,23.9,43.0,974.2,10.2
2021-06-17,US Embassy,2.712,25.2,43.0,971.3,9.1
2021-06-18,US Embassy,3.2399999999999998,24.7,42.0,964.3,20.6
2021-06-19,US Embassy,1.68,13.8,50.0,970.3,21.1
2021-06-20,US Embassy,1.68,13.7,71.0,967.7,15.5
2021-06-21,US Embassy,2.064,11.8,79.0,966.8,18.7
2021-06-22,US Embassy,1.896,14.2,66.0,974.6,13.6
2021-06-23,US Embassy,1.68,14.0,72.0,968.7,15.0
2021-06-24,US Embassy,1.392,13.2,58.0,971.3,15.8
2021-06-25,US Embassy,1.68,14.4,57.0,971.1,11.4
2021-06-26,US Embassy,1.3199999999999998,16.1,56.0,971.5,5.8
2021-06-27,US Embassy,1.392,19.5,49.0,971.2,15.6
2021-06-28,US Embassy,3.48,23.3,48.0,968.9,10.1
2021-06-29,US Embassy,1.776,22.6,52.0,973.0,14.0
2021-06-30,US Embassy,2.064,23.9,43.0,973.3,11.4
2021-07-01,US Embassy,2.136,26.2,39.0,970.6,13.1
2021-07-02,US Embassy,3.48,29.1,39.0,967.9,13.9
2021-07-03,US Embassy,2.1839999999999997,29.5,36.0,964.9,11.9
2021-07-04,US Embassy,2.064,30.0,30.0,961.7,12.0
2021-07-05,US Embassy,2.76,28.1,37.0,962.5,6.8
2021-07-06,US Embassy,5.76,22.3,65.0,964.0,16.1
2021-07-07,US Embassy,5.064,19.3,54.0,971.6,19.1
2021-07-08,US Embassy,2.352,19.9,50.0,970.1,26.0
2021-07-09,US Embassy,1.1039999999999999,20.8,59.0,962.3,27.4
2021-07-10,US Embassy,1.776,17.3,73.0,959.3,22.6
2021-07-11,US Embassy,1.9679999999999997,20.2,60.0,962.7,7.8
2021-07-12,US Embassy,2.76,20.8,58.0,960.6,15.7
2021-07-13,US Embassy,1.2,15.1,74.0,957.3,17.5
2021-07-14,US Embassy,0.9839999999999999,12.0,91.0,959.2,18.8
2021-07-15,US Embassy,0.9839999999999999,12.3,65.0,966.6,16.4
2021-07-16,US Embassy,1.44,13.9,67.0,967.5,15.9
2021-07-17,US Embassy,1.776,19.9,55.0,968.4,12.6
2021-07-18,US Embassy,2.1839999999999997,19.3,66.0,966.5,9.2
2021-07-19,US Embassy,2.832,19.8,58.0,966.7,6.2
2021-07-20,US Embassy,1.488,21.2,55.0,963.9,14.8
2021-07-21,US Embassy,2.256,21.0,57.0,966.5,11.4
2021-07-22,US Embassy,4.272,21.6,51.0,966.6,9.3
2021-07-23,US Embassy,3.024,22.5,50.0,965.3,7.0
2021-07-24,US Embassy,3.9359999999999995,24.6,45.0,965.6,7.4
2021-07-25,US Embassy,2.424,25.9,45.0,965.4,14.1
2021-07-26,US Embassy,1.56,20.9,51.0,971.1,16.0
2021-07-27,US Embassy,2.304,17.0,48.0,972.7,9.7
2021-07-28,US Embassy,2.6399999999999997,18.3,49.0,969.7,8.6
2021-07-29,US Embassy,2.544,18.2,58.0,968.1,9.7
2021-07-30,US Embassy,2.1839999999999997,19.0,41.0,972.8,7.1
2021-07-31,US Embassy,2.472,21.8,45.0,971.5,14.0
2021-08-01,US Embassy,2.76,24.5,49.0,970.1,7.7
2021-08-02,US Embassy,2.544,25.7,47.0,969.5,11.2
2021-08-03,US Embassy,2.904,23.8,43.0,971.5,9.8
2021-08-04,US Embassy,3.6959999999999997,23.3,47.0,970.9,12.2
2021-08-05,US Embassy,2.904,21.6,49.0,971.3,7.7
2021-08-06,US Embassy,4.055999999999999,24.1,47.0,969.3,5.0
2021-08-07,US Embassy,3.816,25.0,46.0,967.4,10.0
2021-08-08,US Embassy,2.016,21.0,56.0,967.6,11.7
2021-08-09,US Embassy,5.603999999999999,20.55,63.0,968.6,14.35
2021-08-10,US Embassy,9.191999999999998,20.1,70.0,969.6,17.0
2021-08-11,US Embassy,6.672,17.3,65.0,970.0,12.7
2021-08-12,US Embassy,2.1839999999999997,15.4,79.0,971.6,13.9
2021-08-13,US Embassy,5.184,14.8,66.0,975.2,18.2
2021-08-14,US Embassy,4.608,15.9,55.0,976.1,14.2
2021-08-15,US Embassy,3.1439999999999997,17.3,59.0,976.2,8.3
2021-08-16,US Embassy,3.816,21.1,52.0,977.1,6.3
2021-08-17,US Embassy,5.88,21.8,55.0,977.1,6.6
2021-08-18,US Embassy,5.184,22.6,50.0,975.4,8.0
2021-08-19,US Embassy,3.9359999999999995,22.2,50.0,975.7,10.9
2021-08-20,US Embassy,2.424,22.2,46.0,978.2,5.6
2021-08-21,US Embassy,2.472,23.1,44.0,980.5,10.5
2021-08-22,US Embassy,3.024,23.3,46.0,980.7,12.5
2021-08-23,US Embassy,2.136,22.5,46.0,980.1,16.4
2021-08-24,US Embassy,3.1439999999999997,24.4,48.0,978.4,16.5
2021-08-25,US Embassy,3.6959999999999997,23.8,49.0,974.5,15.6
2021-08-26,US Embassy,2.88,22.9,42.0,970.4,12.8
2021-08-27,US Embassy,3.816,23.3,42.0,968.7,12.3
2021-08-28,US Embassy,4.272,22.8,51.0,968.3,11.0
2021-08-29,US Embassy,2.832,18.2,76.0,966.6,15.0
2021-08-30,US Embassy,2.424,13.1,62.0,971.1,13.6
2021-08-31,US Embassy,3.5999999999999996,13.9,54.0,972.1,10.7
2021-09-01,US Embassy,2.904,12.5,57.0,976.5,7.7
2021-09-02,US Embassy,1.896,14.6,52.0,977.7,9.6
2021-09-03,US Embassy,2.472,17.5,45.0,975.0,11.2
2021-09-04,US Embassy,2.352,20.2,36.0,972.0,13.4
2021-09-05,US Embassy,2.6399999999999997,21.3,35.0,971.1,14.1
2021-09-06,US Embassy,3.024,17.8,43.0,977.9,10.2
2021-09-07,US Embassy,2.832,18.9,41.0,974.2,10.2
2021-09-08,US Embassy,2.6399999999999997,12.7,72.0,971.2,11.0
2021-09-09,US Embassy,1.728,11.7,55.0,975.3,15.7
2021-09-10,US Embassy,1.776,12.0,66.0,968.1,22.9
2021-09-11,US Embassy,2.256,11.3,86.0,963.7,14.2
2021-09-12,US Embassy,1.272,9.1,50.0,970.7,18.8
2021-09-13,US Embassy,1.032,10.0,53.0,975.4,13.2
2021-09-14,US Embassy,1.2,12.3,54.0,976.6,13.0
2021-09-15,US Embassy,1.776,13.6,52.0,972.9,10.3
2021-09-16,US Embassy,1.776,16.9,44.0,966.4,15.0
2021-09-17,US Embassy,1.776,11.5,69.0,962.3,13.5
2021-09-18,US Embassy,1.488,9.0,64.0,967.9,13.6
2021-09-19,US Embassy,1.392,7.4,60.0,969.3,20.5
2021-09-20,US Embassy,1.488,5.9,56.0,976.6,16.5
2021-09-21,US Embassy,4.272,5.1,66.0,980.3,7.8
2021-09-22,US Embassy,4.728,4.8,67.0,979.3,8.0
2021-09-23,US Embassy,3.816,4.9,71.0,979.8,10.8
2021-09-24,US Embassy,4.392,5.1,69.0,986.5,5.7
2021-09-25,US Embassy,10.559999999999999,6.8,59.0,982.0,5.3
2021-09-26,US Embassy,38.519999999999996,7.0,57.0,975.5,18.1
2021-09-27,US Embassy,2.136,5.8,48.0,969.8,27.1
2021-09-28,US Embassy,1.488,6.5,87.0,967.7,14.8
2021-09-29,US Embassy,3.816,5.4,88.0,968.7,11.6
2021-09-30,US Embassy,4.272,2.9,93.0,971.5,13.6
2021-10-01,US Embassy,2.424,3.9,75.0,976.5,16.9
2021-10-02,US Embassy,1.728,2.3,71.0,983.0,10.8
2021-10-03,US Embassy,2.592,3.7,81.0,980.6,10.2
2021-10-04,US Embassy,3.6959999999999997,0.9,82.0,981.6,16.3
2021-10-05,US Embassy,2.76,-0.1,74.0,986.4,20.7
2021-10-06,US Embassy,2.544,-0.5,69.0,992.1,13.6
2021-10-07,US Embassy,5.304,0.1,74.0,994.6,10.0
2021-10-08,US Embassy,3.36,3.6,76.0,990.4,9.3
2021-10-09,US Embassy,2.712,4.3,76.0,982.7,9.0
2021-10-10,US Embassy,5.304,4.2,74.0,977.2,8.5
2021-10-11,US Embassy,5.424,1.9,76.0,981.1,16.9
2021-10-12,US Embassy,4.055999999999999,1.3,62.0,989.7,13.9
2021-10-13,US Embassy,2.592,4.9,67.0,992.3,10.3
2021-10-14,US Embassy,9.696,7.1,75.0,991.6,5.1
2021-10-15,US Embassy,36.96,5.7,76.0,989.7,10.3
2021-10-16,US Embassy,10.368,3.7,74.0,984.3,8.8
2021-10-17,US Embassy,14.152800000000001,4.5,69.0,982.4,6.7
2021-10-18,US Embassy,8.616,6.3,66.0,981.9,7.0
2021-10-19,US Embassy,45.480000000000004,5.9,65.0,977.1,9.0
2021-10-20,US Embassy,6.792,6.8,57.0,968.5,11.8
2021-10-21,US Embassy,2.472,5.7,70.0,967.3,18.5
2021-10-22,US Embassy,0.9119999999999999,1.7,70.0,975.9,27.3
2021-10-23,US Embassy,1.56,6.7,72.0,978.1,28.3
2021-10-24,US Embassy,1.896,9.1,58.0,981.3,20.3
2021-10-25,US Embassy,1.56,7.7,56.0,975.9,13.7
2021-10-26,US Embassy,1.896,6.1,57.0,971.1,16.9
2021-10-27,US Embassy,8.495999999999999,-2.0,68.0,983.8,6.1
2021-10-28,US Embassy,2.424,0.1,55.0,981.8,13.9
2021-10-29,US Embassy,1.032,0.9,60.0,980.0,20.0
2021-10-30,US Embassy,1.488,1.5,83.0,983.1,16.8
2021-10-31,US Embassy,1.56,2.8,84.0,977.5,21.4
2021-11-01,US Embassy,1.2,4.0,89.0,976.3,20.0
2021-11-02,US Embassy,4.512,-1.9,77.0,977.5,17.9
2021-11-03,US Embassy,7.464,-10.2,66.0,993.4,11.9
2021-11-04,US Embassy,2.832,-9.2,61.0,1000.4,9.9
2021-11-05,US Embassy,0.9119999999999999,-6.5,57.0,999.3,15.5
2021-11-06,US Embassy,0.864,-2.7,45.0,994.5,15.7
2021-11-07,US Embassy,1.488,-1.9,42.0,988.4,14.8
2021-11-08,US Embassy,1.9679999999999997,-0.1,39.0,984.7,14.8
2021-11-09,US Embassy,2.592,0.7,54.0,984.1,14.6
2021-11-10,US Embassy,3.1439999999999997,1.1,57.0,977.6,20.4
2021-11-11,US Embassy,4.272,1.4,53.0,977.7,14.3
2021-11-12,US Embassy,3.1439999999999997,0.8,68.0,973.8,19.5
2021-11-13,US Embassy,1.1039999999999999,-2.5,67.0,976.0,20.6
2021-11-14,US Embassy,1.68,-1.8,73.0,965.9,20.8
2021-11-15,US Embassy,2.544,-3.6,80.0,973.9,13.1
2021-11-16,US Embassy,8.904,-7.3,85.0,976.4,6.6
2021-11-17,US Embassy,11.064,-9.0,80.0,970.5,10.7
2021-11-18,US Embassy,3.36,-9.2,76.0,976.7,13.9
2021-11-19,US Embassy,3.816,-17.1,81.0,989.1,13.9
2021-11-20,US Embassy,1.728,-10.9,79.0,985.1,17.1
2021-11-21,US Embassy,2.136,-7.7,72.0,969.2,16.4
2021-11-22,US Embassy,1.9679999999999997,-1.0,86.0,961.4,32.1
2021-11-23,US Embassy,1.3199999999999998,-0.5,89.0,964.2,25.7
2021-11-24,US Embassy,5.64,-4.8,92.0,969.5,12.0
2021-11-25,US Embassy,7.92,-9.2,88.0,968.6,14.8
2021-11-26,US Embassy,2.064,-13.1,80.0,985.8,17.7
2021-11-27,US Embassy,1.152,-8.4,81.0,993.2,21.3
2021-11-28,US Embassy,2.76,-13.0,74.0,991.4,10.8
2021-11-29,US Embassy,8.616,-12.8,71.0,984.3,9.4
2021-11-30,US Embassy,2.904,-11.2,81.0,980.6,9.5
2021-12-01,US Embassy,4.968,-11.0,82.0,978.5,11.1
2021-12-02,US Embassy,2.1839999999999997,-0.4,73.0,968.7,20.7
2021-12-03,US Embassy,2.592,-1.6,90.0,973.0,17.2
2021-12-04,US Embassy,1.8479999999999999,-4.6,89.0,985.0,15.7
2021-12-05,US Embassy,5.975999999999999,-3.0,89.0,979.8,7.8
2021-12-06,US Embassy,1.56,-1.7,92.0,975.7,12.4
2021-12-07,US Embassy,4.968,-7.1,88.0,982.3,11.9
2021-12-08,US Embassy,13.029600000000002,-22.2,85.0,993.5,7.3
2021-12-09,US Embassy,5.52,-22.5,78.0,999.5,7.8
2021-12-10,US Embassy,4.608,-13.1,72.0,995.1,11.3
2021-12-11,US Embassy,10.559999999999999,-8.3,68.0,982.2,9.9
2021-12-12,US Embassy,7.704,-12.2,83.0,984.2,14.1
2021-12-13,US Embassy,5.651999999999999,-14.45,84.0,987.6500000000001,11.899999999999999
2021-12-14,US Embassy,3.5999999999999996,-16.7,85.0,991.1,9.7
2021-12-15,US Embassy,1.896,-11.6,78.0,989.1,17.3
2021-12-16,US Embassy,1.032,-6.8,77.0,986.4,20.2
2021-12-17,US Embassy,1.776,-2.5,90.0,978.4,24.5
2021-12-18,US Embassy,3.2399999999999998,-3.3,92.0,974.4,14.4
2021-12-19,US Embassy,4.848,-3.2,88.0,964.6,16.1
2021-12-20,US Embassy,2.472,-2.3,94.0,972.0,13.9
2021-12-21,US Embassy,2.76,-3.6,89.0,979.4,13.5
2021-12-22,US Embassy,2.712,-2.7,85.0,965.5,18.1
2021-12-23,US Embassy,2.304,-0.1,94.0,969.8,15.4
2021-12-24,US Embassy,2.904,-9.9,83.0,983.2,17.5
2021-12-25,US Embassy,10.271999999999998,-12.1,86.0,984.2,17.8
2021-12-26,US Embassy,8.495999999999999,-15.6,82.0,985.8,14.1
2021-12-27,US Embassy,9.984,-17.3,83.0,987.4,12.5
2021-12-28,US Embassy,2.016,-9.8,78.0,984.6,22.2
2021-12-29,US Embassy,2.016,-7.8,86.0,981.9,14.1
2021-12-30,US Embassy,10.968,-21.4,82.0,992.4,7.7
2021-12-31,US Embassy,9.696,-17.4,72.0,986.6,9.2
2022-01-01,US Embassy,8.712,-16.0,77.0,978.2,7.6
2022-01-02,US Embassy,5.88,-12.4,82.0,973.8,13.0
2022-01-03,US Embassy,5.424,-5.9,89.0,966.7,16.8
2022-01-04,US Embassy,2.88,-4.4,86.0,961.6,22.8
2022-01-05,US Embassy,2.064,-14.5,82.0,974.8,12.9
2022-01-06,US Embassy,3.36,-13.8,83.0,980.3,12.0
2022-01-07,US Embassy,2.544,-7.7,88.0,981.7,18.6
2022-01-08,US Embassy,1.3199999999999998,-1.9,90.0,978.1,29.9
2022-01-09,US Embassy,1.488,-6.4,83.0,982.0,21.0
2022-01-10,US Embassy,8.52,-12.3,86.0,995.2,5.8
2022-01-11,US Embassy,11.255999999999998,-17.6,78.0,987.5,9.3
2022-01-12,US Embassy,8.04,-15.3,81.0,977.4,7.7
2022-01-13,US Embassy,12.046800000000001,-13.9,82.0,977.5,19.6
2022-01-14,US Embassy,8.712,-9.6,85.0,967.8,14.5
2022-01-15,US Embassy,2.016,-5.9,84.0,957.5,31.0
2022-01-16,US Embassy,1.8479999999999999,-4.4,86.0,961.0,24.0
2022-01-17,US Embassy,2.136,-7.5,82.0,973.5,24.2
2022-01-18,US Embassy,2.472,-8.6,87.0,981.1,12.6
2022-01-19,US Embassy,50.92,-12.4,89.0,982.5,3.3
2022-01-20,US Embassy,49.36,-13.7,86.0,984.7,6.8
2022-01-21,US Embassy,5.064,-15.6,78.0,979.3,9.1
2022-01-22,US Embassy,127.22000000000003,-18.2,79.0,981.2,8.4
2022-01-23,US Embassy,77.43999999999998,-20.7,79.0,985.7,11.1
2022-01-24,US Embassy,89.02999999999997,-20.1,79.0,990.1,11.8
2022-01-25,US Embassy,16.3992,-18.2,80.0,986.6,11.3
2022-01-26,US Embassy,2.88,-16.0,81.0,984.4,11.8
2022-01-27,US Embassy,5.52,-15.8,84.0,987.1,9.9
2022-01-28,US Embassy,47.04,-14.9,81.0,981.2,8.4
2022-01-29,US Embassy,14.152800000000001,-12.3,74.0,976.1,10.5
2022-01-30,US Embassy,2.832,-7.8,86.0,976.2,18.6
2022-01-31,US Embassy,2.832,-7.1,88.0,981.1,17.8
2022-02-01,US Embassy,6.4184,-9.6,87.0,984.1666666666666,14.266666666666667
2022-02-02,US Embassy,10.0048,-12.1,86.0,987.2333333333333,10.733333333333334
2022-02-03,US Embassy,13.591199999999999,-14.6,85.0,990.3,7.2
2022-02-04,US Embassy,8.04,-14.3,78.0,987.9,10.3
2022-02-05,US Embassy,7.92,-11.8,70.0,980.8,11.9
2022-02-06,US Embassy,2.6399999999999997,-9.7,67.0,972.9,15.1
2022-02-07,US Embassy,2.76,-7.2,80.0,975.3,17.4
2022-02-08,US Embassy,2.352,-8.1,89.0,984.1,9.6
2022-02-09,US Embassy,42.4,-11.8,88.0,985.1,8.6
2022-02-10,US Embassy,182.6,-14.4,85.0,987.5,10.0
2022-02-11,US Embassy,11.351999999999999,-16.5,80.0,983.7,13.9
2022-02-12,US Embassy,2.352,-9.5,83.0,970.6,20.5
2022-02-13,US Embassy,1.8479999999999999,-5.8,89.0,971.2,19.9
2022-02-14,US Embassy,4.152,-5.1,90.0,965.4,19.3
2022-02-15,US Embassy,4.152,-12.0,78.0,975.3,24.9
2022-02-16,US Embassy,3.816,-13.4,83.0,987.7,15.2
2022-02-17,US Embassy,2.76,-10.2,84.0,988.1,18.7
2022-02-18,US Embassy,2.064,-12.2,76.0,989.0,14.3
2022-02-19,US Embassy,8.616,-12.7,68.0,987.1,8.4
2022-02-20,US Embassy,2.424,-10.3,74.0,981.1,11.6
2022-02-21,US Embassy,4.392,-8.7,78.0,976.0,12.8
2022-02-22,US Embassy,5.76,-5.7,85.0,974.3,9.0
2022-02-23,US Embassy,3.36,-3.8,90.0,981.5,9.9
2022-02-24,US Embassy,2.544,-5.2,89.0,982.7,14.2
2022-02-25,US Embassy,2.304,-3.3,89.0,982.6,12.7
2022-02-26,US Embassy,11.255999999999998,-5.8,90.0,989.4,6.6
2022-02-27,US Embassy,6.552,-9.0,84.0,989.2,8.1
2022-02-28,US Embassy,73.63999999999999,-12.9,88.0,982.8,4.5
2022-03-01,US Embassy,13.216800000000001,-9.5,91.0,979.8,8.5
2022-03-02,US Embassy,8.256,-7.4,90.0,982.2,7.0
2022-03-03,US Embassy,8.616,-8.8,88.0,982.4,8.9
2022-03-04,US Embassy,2.1839999999999997,-7.8,92.0,973.8,10.0
2022-03-05,US Embassy,2.472,-2.2,89.0,964.4,17.5
2022-03-06,US Embassy,1.68,1.5,86.0,953.9,35.6
2022-03-07,US Embassy,1.2,-2.5,83.0,960.0,32.6
2022-03-08,US Embassy,1.56,-11.3,79.0,976.8,14.1
2022-03-09,US Embassy,12.608399999999998,-10.9,83.0,979.4,12.7
2022-03-10,US Embassy,9.984,-11.0,82.0,980.4,20.8
2022-03-11,US Embassy,9.096,-12.7,81.0,979.5,25.3
2022-03-12,US Embassy,7.8,-10.6,83.0,972.2,26.7
2022-03-13,US Embassy,8.904,-9.1,84.0,968.5,21.9
2022-03-14,US Embassy,7.127999999999999,-7.7,85.0,977.1,6.6
2022-03-15,US Embassy,4.055999999999999,-8.8,84.0,981.9,9.7
2022-03-16,US Embassy,9.408,-12.5,81.0,988.4,8.1
2022-03-17,US Embassy,17.2884,-14.7,81.0,985.4,16.6
2022-03-18,US Embassy,7.464,-13.1,80.0,982.6,22.8
2022-03-19,US Embassy,11.448,-13.8,80.0,989.5,13.5
2022-03-20,US Embassy,14.527199999999999,-12.9,81.0,982.2,12.4
2022-03-21,US Embassy,2.064,-9.5,74.0,970.8,27.3
2022-03-22,US Embassy,1.776,-4.8,82.0,967.3,21.0
2022-03-23,US Embassy,1.44,-4.7,84.0,970.7,26.0
2022-03-24,US Embassy,1.68,-4.3,85.0,974.2,21.6
2022-03-25,US Embassy,1.9679999999999997,-4.0,89.0,977.0,20.2
2022-03-26,US Embassy,5.184,-4.3,88.0,972.7,19.4
2022-03-27,US Embassy,8.256,-1.6,88.0,964.7,12.1
2022-03-28,US Embassy,3.2399999999999998,-1.2,89.0,972.8,13.5
2022-03-29,US Embassy,2.472,-1.5,87.0,967.0,26.7
2022-03-30,US Embassy,1.9679999999999997,-0.2,84.0,981.1,33.2
2022-03-31,US Embassy,1.68,1.1,78.0,985.8,16.7
2022-04-01,US Embassy,3.816,1.1,82.0,980.5,7.9
2022-04-02,US Embassy,2.352,1.5,80.0,980.6,10.9
2022-04-03,US Embassy,2.256,3.7,77.0,979.3,12.2
2022-04-04,US Embassy,1.56,5.3,75.0,974.3,10.8
2022-04-05,US Embassy,2.712,8.2,71.0,969.6,16.9
2022-04-06,US Embassy,4.848,2.7,74.0,976.1,10.0
2022-04-07,US Embassy,6.888,3.5,71.0,974.8,7.7
2022-04-08,US Embassy,4.848,5.1,68.0,974.3,12.8
2022-04-09,US Embassy,6.095999999999999,4.1,54.0,979.7,10.5
2022-04-10,US Embassy,4.055999999999999,6.1,48.0,983.4,18.3
2022-04-11,US Embassy,1.9679999999999997,6.7,46.0,983.3,22.1
2022-04-12,US Embassy,2.352,8.7,38.0,978.1,24.4
2022-04-13,US Embassy,2.256,10.9,40.0,979.0,18.9
2022-04-14,US Embassy,8.16408,10.540000000000001,46.0,977.94,19.22
2022-04-15,US Embassy,14.07216,10.18,52.0,976.88,19.54
2022-04-16,US Embassy,19.980240000000002,9.82,58.0,975.82,19.86
2022-04-17,US Embassy,25.88832,9.459999999999999,64.0,974.76,20.18
2022-04-18,US Embassy,31.7964,9.1,70.0,973.7,20.5
2022-04-19,US Embassy,20.938799999999997,8.5,62.0,980.4,8.0
2022-04-20,US Embassy,9.792,11.6,63.0,974.9,14.8
2022-04-21,US Embassy,2.712,10.3,75.0,968.6,17.1
2022-04-22,US Embassy,3.6959999999999997,3.8,59.0,975.6,10.6
2022-04-23,US Embassy,3.5999999999999996,3.0,48.0,976.6,10.8
2022-04-24,US Embassy,2.352,3.0,41.0,979.4,17.6
2022-04-25,US Embassy,2.904,6.4,40.0,976.3,10.4
2022-04-26,US Embassy,3.48,10.0,42.0,977.4,11.5
2022-04-27,US Embassy,3.2399999999999998,13.0,45.0,979.7,9.5
2022-04-28,US Embassy,1.68,15.4,44.0,982.3,10.7
2022-04-29,US Embassy,2.712,16.7,40.0,978.9,10.5
2022-04-30,US Embassy,5.64,18.3,39.0,971.0,7.0
2022-05-01,US Embassy,6.335999999999999,16.8,53.0,964.0,11.1
2022-05-02,US Embassy,7.008,13.5,52.0,966.1,11.9
2022-05-03,US Embassy,2.352,8.8,41.0,975.3,17.1
2022-05-04,US Embassy,1.6079999999999999,10.2,32.0,973.8,15.8
2022-05-05,US Embassy,2.256,12.5,56.0,970.6,11.6
2022-05-06,US Embassy,2.544,14.7,50.0,971.3,17.6
2022-05-07,US Embassy,4.728,8.0,38.0,983.3,14.2
2022-05-08,US Embassy,4.512,9.0,34.0,987.6,14.2
2022-05-09,US Embassy,4.152,12.7,33.0,981.5,20.0
2022-05-10,US Embassy,3.36,14.6,36.0,973.0,25.1
2022-05-11,US Embassy,1.728,14.5,66.0,973.8,13.4
2022-05-12,US Embassy,2.472,14.4,51.0,976.1,7.9
2022-05-13,US Embassy,2.592,16.9,42.0,971.4,9.4
2022-05-14,US Embassy,2.136,17.3,49.0,969.2,12.6
2022-05-15,US Embassy,2.136,17.4,50.0,972.3,16.4
2022-05-16,US Embassy,2.6399999999999997,20.8,37.0,969.3,18.5
2022-05-17,US Embassy,2.136,20.3,42.0,966.1,15.4
2022-05-18,US Embassy,2.544,16.0,75.0,967.4,7.9
2022-05-19,US Embassy,1.488,15.5,48.0,969.6,20.4
2022-05-20,US Embassy,1.776,17.2,42.0,971.9,17.3
2022-05-21,US Embassy,2.712,23.0,31.0,962.8,19.8
2022-05-22,US Embassy,6.4319999999999995,12.9,52.0,963.4,25.1
2022-05-23,US Embassy,4.968,15.0,43.0,975.2,18.1
2022-05-24,US Embassy,3.2399999999999998,19.5,35.0,974.2,11.0
2022-05-25,US Embassy,2.352,21.9,30.0,971.3,14.6
2022-05-26,US Embassy,2.304,25.6,27.0,967.3,13.2
2022-05-27,US Embassy,4.848,18.9,41.0,969.6,15.1
2022-05-28,US Embassy,2.544,13.9,61.0,973.4,8.1
2022-05-29,US Embassy,1.776,18.3,51.0,976.7,11.8
2022-05-30,US Embassy,2.1839999999999997,22.2,43.0,975.2,9.9
2022-05-31,US Embassy,2.352,19.6,48.0,968.1,14.9
2022-06-01,US Embassy,2.352,15.0,50.0,969.5,19.0
2022-06-02,US Embassy,1.896,16.9,39.0,976.3,10.8
2022-06-03,US Embassy,4.055999999999999,18.0,49.0,972.4,13.3
2022-06-04,US Embassy,3.36,14.2,68.0,970.0,12.6
2022-06-05,US Embassy,3.816,12.3,58.0,974.6,11.8
2022-06-06,US Embassy,1.68,16.5,49.0,974.6,8.6
2022-06-07,US Embassy,1.68,21.0,43.0,969.0,7.8
2022-06-08,US Embassy,4.152,24.0,38.0,965.1,13.6
2022-06-09,US Embassy,9.6,22.9,48.0,963.6,7.9
2022-06-10,US Embassy,7.584,22.8,36.0,961.0,10.3
2022-06-11,US Embassy,1.56,20.4,40.0,962.5,17.1
2022-06-12,US Embassy,3.024,22.2,40.0,963.2,17.1
2022-06-13,US Embassy,2.544,20.8,56.0,963.2,14.3
2022-06-14,US Embassy,1.68,19.0,60.0,965.1,15.8
2022-06-15,US Embassy,2.544,17.7,59.0,969.7,13.4
2022-06-16,US Embassy,2.904,19.9,47.0,970.2,14.0
2022-06-17,US Embassy,1.896,21.0,53.0,969.8,9.4
2022-06-18,US Embassy,1.68,22.8,48.0,966.8,8.3
2022-06-19,US Embassy,3.024,24.1,46.0,964.3,7.3
2022-06-20,US Embassy,2.544,24.6,47.0,959.6,8.1
2022-06-21,US Embassy,2.592,21.8,60.0,957.5,16.7
2022-06-22,US Embassy,2.016,21.7,54.0,961.5,14.7
2022-06-23,US Embassy,2.256,25.0,46.0,966.7,14.3
2022-06-24,US Embassy,2.712,25.7,48.0,969.7,8.0
2022-06-25,US Embassy,3.5999999999999996,28.8,40.0,964.2,14.6
2022-06-26,US Embassy,2.304,24.5,54.0,960.1,14.1
2022-06-27,US Embassy,1.776,18.1,52.0,964.3,17.6
2022-06-28,US Embassy,1.44,18.6,49.0,965.8,9.3
2022-06-29,US Embassy,1.392,16.8,49.0,959.1,19.8
2022-06-30,US Embassy,1.152,13.9,51.0,964.1,13.0
2022-07-01,US Embassy,1.68,17.3,43.0,968.9,10.2
2022-07-02,US Embassy,2.6399999999999997,18.4,46.0,968.6,10.4
2022-07-03,US Embassy,2.424,20.6,42.0,964.8,12.9
2022-07-04,US Embassy,2.064,24.4,34.0,953.8,19.2
2022-07-05,US Embassy,1.56,16.5,71.0,956.1,18.4
2022-07-06,US Embassy,1.1039999999999999,17.2,65.0,966.2,10.1
2022-07-07,US Embassy,1.8479999999999999,17.6,79.0,966.2,9.6
2022-07-08,US Embassy,2.064,17.0,85.0,967.9,14.6
2022-07-09,US Embassy,2.544,19.2,71.0,969.5,15.4
2022-07-10,US Embassy,1.8479999999999999,20.8,62.0,969.2,14.5
2022-07-11,US Embassy,1.9679999999999997,22.7,59.0,970.3,15.8
2022-07-12,US Embassy,1.56,23.6,50.0,975.0,18.5
2022-07-13,US Embassy,2.1839999999999997,22.4,54.0,978.2,9.0
2022-07-14,US Embassy,1.2,23.0,50.0,975.8,5.5
2022-07-15,US Embassy,3.5999999999999996,25.0,48.0,971.1,6.7
2022-07-16,US Embassy,2.544,25.9,50.0,966.0,10.7
2022-07-17,US Embassy,2.232,25.48,48.4,965.4,11.58
2022-07-18,US Embassy,1.92,25.06,46.8,964.8,12.459999999999999
2022-07-19,US Embassy,1.608,24.64,45.2,964.2,13.34
2022-07-20,US Embassy,1.296,24.22,43.6,963.6,14.219999999999999
2022-07-21,US Embassy,0.9839999999999999,23.8,42.0,963.0,15.1
2022-07-22,US Embassy,1.8479999999999999,21.4,44.0,965.5,14.1
2022-07-23,US Embassy,1.896,21.1,53.0,965.7,9.6
2022-07-24,US Embassy,1.9679999999999997,21.1,46.0,966.5,14.2
2022-07-25,US Embassy,2.256,22.5,47.0,970.8,7.0
2022-07-26,US Embassy,2.76,24.7,41.0,968.5,9.3
2022-07-27,US Embassy,2.256,24.6,45.0,962.1,14.3
2022-07-28,US Embassy,1.728,22.9,63.0,960.8,8.4
2022-07-29,US Embassy,1.6079999999999999,19.1,83.0,962.4,8.4
2022-07-30,US Embassy,1.728,18.2,86.0,963.1,9.8
2022-07-31,US Embassy,2.352,19.6,68.0,964.0,12.3
2022-08-01,US Embassy,2.304,20.5,72.0,965.5,9.0
2022-08-02,US Embassy,2.016,19.6,73.0,968.8,12.7
2022-08-03,US Embassy,1.44,19.6,59.0,972.7,17.7
2022-08-04,US Embassy,2.136,19.8,53.0,975.0,19.9
2022-08-05,US Embassy,1.44,19.8,52.0,976.1,16.2
2022-08-06,US Embassy,2.592,20.7,47.0,974.8,13.8
2022-08-07,US Embassy,4.272,20.5,53.0,971.4,9.3
2022-08-08,US Embassy,4.055999999999999,17.8,73.0,969.8,15.0
2022-08-09,US Embassy,2.904,18.1,75.0,968.7,12.7
2022-08-10,US Embassy,4.152,18.3,81.0,969.7,15.2
2022-08-11,US Embassy,2.424,19.4,72.0,971.3,14.6
2022-08-12,US Embassy,5.52,20.7,75.0,973.2,8.7
2022-08-13,US Embassy,2.76,20.1,61.0,973.3,11.3
2022-08-14,US Embassy,1.68,19.4,58.0,973.0,10.0
2022-08-15,US Embassy,2.304,16.9,48.0,976.0,12.8
2022-08-16,US Embassy,2.6399999999999997,15.7,54.0,977.3,8.0
2022-08-17,US Embassy,2.544,14.4,61.0,975.7,12.6
2022-08-18,US Embassy,2.136,12.9,57.0,975.8,9.8
2022-08-19,US Embassy,1.728,11.8,57.0,979.8,13.1
2022-08-20,US Embassy,1.7466666666666666,12.377777777777778,56.22222222222222,980.0222222222221,13.2
2022-08-21,US Embassy,1.7653333333333332,12.955555555555556,55.44444444444444,980.2444444444444,13.299999999999999
2022-08-22,US Embassy,1.784,13.533333333333333,54.666666666666664,980.4666666666666,13.4
2022-08-23,US Embassy,1.8026666666666666,14.11111111111111,53.888888888888886,980.6888888888889,13.5
2022-08-24,US Embassy,1.8213333333333332,14.68888888888889,53.111111111111114,980.911111111111,13.6
2022-08-25,US Embassy,1.8399999999999999,15.266666666666667,52.333333333333336,981.1333333333333,13.7
2022-08-26,US Embassy,1.8586666666666667,15.844444444444445,51.55555555555556,981.3555555555555,13.8
