date,station_name,latitude,longitude,PM2.5,PM10,temperature,humidity,pressure,wind_speed,precipitation,dayofweek,month,day
2024-12-14,US Embassy,51.128736,71.46939,12.0,6.5,-3.1,84,967.3,17.8,2.2,5,12,14
2024-12-17,US Embassy,51.128736,71.46939,3.8,8.6,-12.8,74,983.7,22.3,0.0,1,12,17
2024-12-18,US Embassy,51.128736,71.46939,7.0,9.7,-8.5,78,970.7,22.3,0.6,2,12,18
2024-12-19,US Embassy,51.128736,71.46939,10.6,8.6,-2.4,87,966.3,26.0,3.9,3,12,19
2024-12-20,US Embassy,51.128736,71.46939,6.2,9.7,-6.7,87,969.6,20.8,1.3,4,12,20
2024-12-21,US Embassy,51.128736,71.46939,8.2,7.6,-11.4,86,981.9,17.9,1.9,5,12,21
2024-12-22,US Embassy,51.128736,71.46939,6.0,9.7,-10.3,87,985.5,19.7,5.3,6,12,22
2024-12-23,US Embassy,51.128736,71.46939,10.6,11.9,-6.0,91,988.4,12.4,1.1,0,12,23
2024-12-24,US Embassy,51.128736,71.46939,13.5,43.2,-6.5,88,992.6,6.1,0.0,1,12,24
2024-12-25,US Embassy,51.128736,71.46939,39.6,11.9,-10.3,90,994.0,7.0,0.0,2,12,25
2024-12-26,US Embassy,51.128736,71.46939,9.8,8.6,-12.0,76,987.2,12.2,0.0,3,12,26
2024-12-27,US Embassy,51.128736,71.46939,7.0,8.6,-11.4,85,980.2,19.7,0.0,4,12,27
2024-12-28,US Embassy,51.128736,71.46939,8.6,6.5,-5.2,90,980.5,21.9,2.3,5,12,28
2024-12-29,US Embassy,51.128736,71.46939,4.3,,-7.9,90,978.7,15.5,0.7,6,12,29
2025-01-01,US Embassy,51.128736,71.46939,11.3,6.5,-10.9,85,976.3,19.4,0.0,2,1,1
2025-01-02,US Embassy,51.128736,71.46939,5.8,6.5,-6.6,87,972.6,28.9,3.2,3,1,2
2025-01-03,US Embassy,51.128736,71.46939,4.8,3.2,-4.5,89,974.8,31.9,2.0,4,1,3
2025-01-04,US Embassy,51.128736,71.46939,3.1,7.6,-3.2,93,980.2,19.0,0.0,5,1,4
2025-01-05,US Embassy,51.128736,71.46939,5.5,10.8,-5.7,92,981.6,14.1,0.0,6,1,5
2025-01-06,US Embassy,51.128736,71.46939,8.4,11.9,-5.2,90,982.5,17.1,0.0,0,1,6
2025-01-07,US Embassy,51.128736,71.46939,11.0,10.8,-4.1,91,979.9,10.9,3.5,1,1,7
2025-01-08,US Embassy,51.128736,71.46939,11.3,6.5,-12.9,82,989.9,17.2,2.6,2,1,8
2025-01-09,US Embassy,51.128736,71.46939,3.6,5.4,-7.8,74,996.3,26.4,0.6,3,1,9
2025-01-10,US Embassy,51.128736,71.46939,5.5,16.2,-7.7,72,992.2,22.7,0.0,4,1,10
2025-01-11,US Embassy,51.128736,71.46939,16.4,20.5,-9.3,83,990.2,10.1,0.0,5,1,11
2025-01-12,US Embassy,51.128736,71.46939,18.8,29.2,-12.8,80,989.2,6.5,0.0,6,1,12
2025-01-13,US Embassy,51.128736,71.46939,35.9,17.3,-12.6,73,987.4,9.4,0.0,0,1,13
2025-01-14,US Embassy,51.128736,71.46939,16.4,10.8,-10.6,76,983.6,11.5,0.0,1,1,14
2025-01-15,US Embassy,51.128736,71.46939,10.8,11.9,-10.9,80,975.3,18.8,0.0,2,1,15
2025-01-16,US Embassy,51.128736,71.46939,11.0,7.6,-10.4,85,971.7,20.9,0.5,3,1,16
2025-01-17,US Embassy,51.128736,71.46939,8.2,7.6,-6.7,87,969.6,24.6,2.8,4,1,17
2025-01-18,US Embassy,51.128736,71.46939,7.2,7.6,-7.7,85,973.1,17.0,0.4,5,1,18
2025-01-19,US Embassy,51.128736,71.46939,7.4,6.5,-5.9,89,973.8,17.3,0.1,6,1,19
2025-01-20,US Embassy,51.128736,71.46939,7.4,3.2,-0.5,92,967.3,27.5,4.6,0,1,20
2025-01-21,US Embassy,51.128736,71.46939,4.8,4.3,-2.7,88,955.4,33.7,5.7,1,1,21
2025-01-22,US Embassy,51.128736,71.46939,6.5,3.2,-16.9,75,961.7,29.5,1.0,2,1,22
2025-01-23,US Embassy,51.128736,71.46939,7.4,10.8,-25.0,73,991.7,19.4,0.0,3,1,23
2025-01-28,US Embassy,51.128736,71.46939,9.8,5.4,-13.1,84,980.4,17.7,1.1,1,1,28
2025-01-29,US Embassy,51.128736,71.46939,7.7,19.4,-5.6,91,973.1,20.4,5.7,2,1,29
2025-01-30,US Embassy,51.128736,71.46939,23.5,25.9,-7.5,89,977.8,12.1,2.0,3,1,30
2025-01-31,US Embassy,51.128736,71.46939,31.6,16.2,-17.3,84,987.3,8.4,0.0,4,1,31
2025-02-01,US Embassy,51.128736,71.46939,14.0,11.9,-8.5,89,986.5,21.8,3.9,5,2,1
2025-02-02,US Embassy,51.128736,71.46939,14.5,10.8,-2.5,95,989.6,14.9,0.2,6,2,2
2025-02-03,US Embassy,51.128736,71.46939,12.0,19.4,-4.3,90,994.6,9.5,0.0,0,2,3
2025-02-04,US Embassy,51.128736,71.46939,29.2,9.7,-8.7,87,995.8,15.2,0.0,1,2,4
2025-02-05,US Embassy,51.128736,71.46939,15.4,13.0,-6.8,90,998.4,20.9,0.0,2,2,5
2025-02-06,US Embassy,51.128736,71.46939,15.4,9.7,-12.1,85,996.3,24.5,0.0,3,2,6
2025-02-07,US Embassy,51.128736,71.46939,15.4,17.3,-17.9,79,993.0,23.4,0.0,4,2,7
2025-02-08,US Embassy,51.128736,71.46939,20.7,73.2,-17.4,80,992.3,16.6,0.0,5,2,8
2025-02-09,US Embassy,51.128736,71.46939,71.0,31.3,-16.9,84,989.8,7.2,0.0,6,2,9
2025-02-10,US Embassy,51.128736,71.46939,25.9,6.5,-12.6,87,991.3,11.6,0.0,0,2,10
2025-02-11,US Embassy,51.128736,71.46939,7.0,6.5,-10.6,87,987.2,13.2,0.0,1,2,11
2025-02-12,US Embassy,51.128736,71.46939,6.5,8.6,-12.2,87,981.4,17.0,0.0,2,2,12
2025-02-13,US Embassy,51.128736,71.46939,11.3,9.7,-7.6,88,977.2,29.4,0.0,3,2,13
2025-02-14,US Embassy,51.128736,71.46939,10.8,15.1,-7.9,87,981.6,14.8,0.0,4,2,14
2025-02-15,US Embassy,51.128736,71.46939,12.1,20.5,-6.8,87,978.3,15.0,0.0,5,2,15
2025-02-16,US Embassy,51.128736,71.46939,15.0,16.2,-8.1,88,980.8,12.0,0.0,6,2,16
2025-02-17,US Embassy,51.128736,71.46939,18.3,9.7,-8.9,86,986.8,18.5,0.0,0,2,17
2025-02-18,US Embassy,51.128736,71.46939,12.0,28.1,-10.6,85,987.1,14.0,0.0,1,2,18
2025-02-19,US Embassy,51.128736,71.46939,40.4,24.8,-11.8,86,984.3,8.8,0.0,2,2,19
2025-02-21,US Embassy,51.128736,71.46939,39.6,35.6,-10.9,86,987.9,8.5,0.0,4,2,21
2025-02-22,US Embassy,51.128736,71.46939,42.4,38.9,-10.6,84,986.2,15.1,0.0,5,2,22
2025-02-23,US Embassy,51.128736,71.46939,43.2,34.6,-7.8,85,982.4,14.6,0.3,6,2,23
2025-02-24,US Embassy,51.128736,71.46939,42.8,14.0,-8.5,85,979.0,14.5,0.0,0,2,24
2025-02-25,US Embassy,51.128736,71.46939,21.6,22.7,-4.7,85,972.6,7.7,0.0,1,2,25
2025-02-26,US Embassy,51.128736,71.46939,28.7,8.6,-4.7,91,972.5,15.2,0.3,2,2,26
2025-02-27,US Embassy,51.128736,71.46939,9.4,21.6,-10.2,85,984.2,16.7,0.0,3,2,27
2025-02-28,US Embassy,51.128736,71.46939,25.4,40.0,-11.6,86,984.7,8.3,0.0,4,2,28
2025-03-01,US Embassy,51.128736,71.46939,39.2,34.6,-13.8,85,986.0,8.7,0.0,5,3,1
2025-03-02,US Embassy,51.128736,71.46939,40.8,8.6,-13.7,83,983.6,8.3,0.0,6,3,2
2025-03-03,US Embassy,51.128736,71.46939,10.1,13.0,-7.8,77,977.1,15.4,1.7,0,3,3
2025-03-04,US Embassy,51.128736,71.46939,15.0,10.8,-11.4,84,981.7,15.2,0.6,1,3,4
2024-12-14,Kazhydromet-9,51.155703,71.471415,1.06,1.3,-3.1,84,967.3,17.8,2.2,5,12,14
2024-12-17,Kazhydromet-9,51.155703,71.471415,2.0,2.74,-12.8,74,983.7,22.3,0.0,1,12,17
2024-12-18,Kazhydromet-9,51.155703,71.471415,1.86,2.33,-8.5,78,970.7,22.3,0.6,2,12,18
2024-12-19,Kazhydromet-9,51.155703,71.471415,0.96,1.09,-2.4,87,966.3,26.0,3.9,3,12,19
2024-12-20,Kazhydromet-9,51.155703,71.471415,3.51,3.68,-6.7,87,969.6,20.8,1.3,4,12,20
2024-12-21,Kazhydromet-9,51.155703,71.471415,1.4,1.61,-11.4,86,981.9,17.9,1.9,5,12,21
2024-12-22,Kazhydromet-9,51.155703,71.471415,1.51,1.84,-10.3,87,985.5,19.7,5.3,6,12,22
2024-12-23,Kazhydromet-9,51.155703,71.471415,2.22,2.12,-6.0,91,988.4,12.4,1.1,0,12,23
2024-12-24,Kazhydromet-9,51.155703,71.471415,2.41,2.93,-6.5,88,992.6,6.1,0.0,1,12,24
2024-12-25,Kazhydromet-9,51.155703,71.471415,0.77,0.93,-10.3,90,994.0,7.0,0.0,2,12,25
2024-12-26,Kazhydromet-9,51.155703,71.471415,1.68,1.92,-12.0,76,987.2,12.2,0.0,3,12,26
2024-12-27,Kazhydromet-9,51.155703,71.471415,1.04,1.55,-11.4,85,980.2,19.7,0.0,4,12,27
2024-12-28,Kazhydromet-9,51.155703,71.471415,0.85,1.21,-5.2,90,980.5,21.9,2.3,5,12,28
2024-12-29,Kazhydromet-9,51.155703,71.471415,1.29,1.52,-7.9,90,978.7,15.5,0.7,6,12,29
2025-01-01,Kazhydromet-9,51.155703,71.471415,1.39,1.72,-10.9,85,976.3,19.4,0.0,2,1,1
2025-01-02,Kazhydromet-9,51.155703,71.471415,2.54,3.08,-6.6,87,972.6,28.9,3.2,3,1,2
2025-01-03,Kazhydromet-9,51.155703,71.471415,3.39,3.55,-4.5,89,974.8,31.9,2.0,4,1,3
2025-01-04,Kazhydromet-9,51.155703,71.471415,1.26,1.39,-3.2,93,980.2,19.0,0.0,5,1,4
2025-01-05,Kazhydromet-9,51.155703,71.471415,0.69,0.94,-5.7,92,981.6,14.1,0.0,6,1,5
2025-01-06,Kazhydromet-9,51.155703,71.471415,1.55,2.48,-5.2,90,982.5,17.1,0.0,0,1,6
2025-01-07,Kazhydromet-9,51.155703,71.471415,1.97,2.79,-4.1,91,979.9,10.9,3.5,1,1,7
2025-01-08,Kazhydromet-9,51.155703,71.471415,1.5,1.84,-12.9,82,989.9,17.2,2.6,2,1,8
2025-01-09,Kazhydromet-9,51.155703,71.471415,2.04,1.98,-7.8,74,996.3,26.4,0.6,3,1,9
2025-01-10,Kazhydromet-9,51.155703,71.471415,0.85,1.37,-7.7,72,992.2,22.7,0.0,4,1,10
2025-01-11,Kazhydromet-9,51.155703,71.471415,1.36,1.61,-9.3,83,990.2,10.1,0.0,5,1,11
2025-01-12,Kazhydromet-9,51.155703,71.471415,1.14,1.35,-12.8,80,989.2,6.5,0.0,6,1,12
2025-01-13,Kazhydromet-9,51.155703,71.471415,0.69,0.89,-12.6,73,987.4,9.4,0.0,0,1,13
2025-01-14,Kazhydromet-9,51.155703,71.471415,2.74,3.19,-10.6,76,983.6,11.5,0.0,1,1,14
2025-01-15,Kazhydromet-9,51.155703,71.471415,2.19,2.4,-10.9,80,975.3,18.8,0.0,2,1,15
2025-01-16,Kazhydromet-9,51.155703,71.471415,1.01,1.77,-10.4,85,971.7,20.9,0.5,3,1,16
2025-01-17,Kazhydromet-9,51.155703,71.471415,1.73,1.93,-6.7,87,969.6,24.6,2.8,4,1,17
2025-01-18,Kazhydromet-9,51.155703,71.471415,0.93,1.3,-7.7,85,973.1,17.0,0.4,5,1,18
2025-01-19,Kazhydromet-9,51.155703,71.471415,1.12,1.38,-5.9,89,973.8,17.3,0.1,6,1,19
2025-01-20,Kazhydromet-9,51.155703,71.471415,3.72,4.32,-0.5,92,967.3,27.5,4.6,0,1,20
2025-01-21,Kazhydromet-9,51.155703,71.471415,1.49,2.04,-2.7,88,955.4,33.7,5.7,1,1,21
2025-01-22,Kazhydromet-9,51.155703,71.471415,2.11,2.54,-16.9,75,961.7,29.5,1.0,2,1,22
2025-01-23,Kazhydromet-9,51.155703,71.471415,1.56,1.72,-25.0,73,991.7,19.4,0.0,3,1,23
2025-01-28,Kazhydromet-9,51.155703,71.471415,1.66,2.69,-13.1,84,980.4,17.7,1.1,1,1,28
2025-01-29,Kazhydromet-9,51.155703,71.471415,1.26,1.82,-5.6,91,973.1,20.4,5.7,2,1,29
2025-01-30,Kazhydromet-9,51.155703,71.471415,4.69,5.34,-7.5,89,977.8,12.1,2.0,3,1,30
2025-01-31,Kazhydromet-9,51.155703,71.471415,2.36,2.27,-17.3,84,987.3,8.4,0.0,4,1,31
2025-02-01,Kazhydromet-9,51.155703,71.471415,1.02,1.59,-8.5,89,986.5,21.8,3.9,5,2,1
2025-02-02,Kazhydromet-9,51.155703,71.471415,1.59,1.58,-2.5,95,989.6,14.9,0.2,6,2,2
2025-02-03,Kazhydromet-9,51.155703,71.471415,2.47,2.57,-4.3,90,994.6,9.5,0.0,0,2,3
2025-02-04,Kazhydromet-9,51.155703,71.471415,2.72,2.69,-8.7,87,995.8,15.2,0.0,1,2,4
2025-02-05,Kazhydromet-9,51.155703,71.471415,1.86,2.12,-6.8,90,998.4,20.9,0.0,2,2,5
2025-02-06,Kazhydromet-9,51.155703,71.471415,0.84,1.1,-12.1,85,996.3,24.5,0.0,3,2,6
2025-02-07,Kazhydromet-9,51.155703,71.471415,1.87,2.52,-17.9,79,993.0,23.4,0.0,4,2,7
2025-02-08,Kazhydromet-9,51.155703,71.471415,2.22,3.31,-17.4,80,992.3,16.6,0.0,5,2,8
2025-02-09,Kazhydromet-9,51.155703,71.471415,0.63,0.93,-16.9,84,989.8,7.2,0.0,6,2,9
2025-02-10,Kazhydromet-9,51.155703,71.471415,1.2,1.5,-12.6,87,991.3,11.6,0.0,0,2,10
2025-02-11,Kazhydromet-9,51.155703,71.471415,0.98,1.47,-10.6,87,987.2,13.2,0.0,1,2,11
2025-02-12,Kazhydromet-9,51.155703,71.471415,3.61,4.12,-12.2,87,981.4,17.0,0.0,2,2,12
2025-02-13,Kazhydromet-9,51.155703,71.471415,1.65,1.96,-7.6,88,977.2,29.4,0.0,3,2,13
2025-02-14,Kazhydromet-9,51.155703,71.471415,2.41,2.69,-7.9,87,981.6,14.8,0.0,4,2,14
2025-02-15,Kazhydromet-9,51.155703,71.471415,3.95,4.59,-6.8,87,978.3,15.0,0.0,5,2,15
2025-02-16,Kazhydromet-9,51.155703,71.471415,1.47,1.98,-8.1,88,980.8,12.0,0.0,6,2,16
2025-02-17,Kazhydromet-9,51.155703,71.471415,1.5,1.72,-8.9,86,986.8,18.5,0.0,0,2,17
2025-02-18,Kazhydromet-9,51.155703,71.471415,1.75,2.42,-10.6,85,987.1,14.0,0.0,1,2,18
2025-02-19,Kazhydromet-9,51.155703,71.471415,2.21,2.4,-11.8,86,984.3,8.8,0.0,2,2,19
2025-02-21,Kazhydromet-9,51.155703,71.471415,1.53,1.68,-10.9,86,987.9,8.5,0.0,4,2,21
2025-02-22,Kazhydromet-9,51.155703,71.471415,2.0,2.57,-10.6,84,986.2,15.1,0.0,5,2,22
2025-02-23,Kazhydromet-9,51.155703,71.471415,1.6,2.06,-7.8,85,982.4,14.6,0.3,6,2,23
2025-02-24,Kazhydromet-9,51.155703,71.471415,3.74,4.3,-8.5,85,979.0,14.5,0.0,0,2,24
2025-02-25,Kazhydromet-9,51.155703,71.471415,1.36,1.84,-4.7,85,972.6,7.7,0.0,1,2,25
2025-02-26,Kazhydromet-9,51.155703,71.471415,0.84,0.92,-4.7,91,972.5,15.2,0.3,2,2,26
2025-02-27,Kazhydromet-9,51.155703,71.471415,1.52,2.19,-10.2,85,984.2,16.7,0.0,3,2,27
2025-02-28,Kazhydromet-9,51.155703,71.471415,2.02,2.02,-11.6,86,984.7,8.3,0.0,4,2,28
2025-03-01,Kazhydromet-9,51.155703,71.471415,2.31,2.44,-13.8,85,986.0,8.7,0.0,5,3,1
2025-03-02,Kazhydromet-9,51.155703,71.471415,1.64,2.04,-13.7,83,983.6,8.3,0.0,6,3,2
2025-03-03,Kazhydromet-9,51.155703,71.471415,1.78,2.29,-7.8,77,977.1,15.4,1.7,0,3,3
2025-03-04,Kazhydromet-9,51.155703,71.471415,0.68,1.13,-11.4,84,981.7,15.2,0.6,1,3,4
2025-03-17,Kazhydromet-9,51.155703,71.471415,1.17,1.33,0.5,79,977.1,24.5,0.0,0,3,17
2025-03-18,Kazhydromet-9,51.155703,71.471415,1.25,1.25,2.9,82,977.8,22.0,0.0,1,3,18
2025-03-19,Kazhydromet-9,51.155703,71.471415,2.13,2.21,2.6,77,976.6,20.0,0.0,2,3,19
2025-03-20,Kazhydromet-9,51.155703,71.471415,1.06,1.07,2.8,77,970.8,20.5,0.0,3,3,20
2025-03-21,Kazhydromet-9,51.155703,71.471415,1.53,1.71,0.5,90,973.3,13.1,3.6,4,3,21
2025-03-22,Kazhydromet-9,51.155703,71.471415,1.21,1.27,-3.4,83,984.5,7.5,0.0,5,3,22
2025-03-23,Kazhydromet-9,51.155703,71.471415,2.93,3.15,-4.0,88,979.5,11.9,0.0,6,3,23
2025-03-24,Kazhydromet-9,51.155703,71.471415,2.06,2.63,-5.2,77,979.0,18.8,0.5,0,3,24
2025-03-25,Kazhydromet-9,51.155703,71.471415,1.01,1.22,-7.8,78,991.7,8.8,0.0,1,3,25
2025-03-26,Kazhydromet-9,51.155703,71.471415,2.09,2.43,-5.9,85,994.3,5.1,0.0,2,3,26
2025-03-27,Kazhydromet-9,51.155703,71.471415,1.21,1.29,-2.1,78,989.7,15.1,0.0,3,3,27
2025-03-28,Kazhydromet-9,51.155703,71.471415,2.02,2.74,-0.4,72,986.6,16.0,0.0,4,3,28
2025-03-29,Kazhydromet-9,51.155703,71.471415,1.66,2.02,1.0,77,986.4,11.5,0.0,5,3,29
2025-03-30,Kazhydromet-9,51.155703,71.471415,0.92,1.46,0.9,73,986.7,4.4,0.0,6,3,30
2025-03-31,Kazhydromet-9,51.155703,71.471415,3.59,3.58,2.6,75,983.7,10.0,1.5,0,3,31
2025-04-01,Kazhydromet-9,51.155703,71.471415,1.32,2.04,3.5,86,979.5,13.6,0.1,1,4,1
2025-04-02,Kazhydromet-9,51.155703,71.471415,2.5,2.85,4.1,72,981.6,4.2,0.0,2,4,2
2025-04-03,Kazhydromet-9,51.155703,71.471415,1.09,1.79,7.7,60,971.4,20.5,0.0,3,4,3
2025-04-04,Kazhydromet-9,51.155703,71.471415,1.1,1.69,7.2,79,956.2,22.4,7.2,4,4,4
2025-04-05,Kazhydromet-9,51.155703,71.471415,1.04,1.37,4.8,67,971.5,17.6,0.0,5,4,5
2025-04-06,Kazhydromet-9,51.155703,71.471415,2.04,2.37,9.0,67,973.0,14.3,0.0,6,4,6
2025-04-07,Kazhydromet-9,51.155703,71.471415,3.04,3.31,8.9,72,968.5,14.1,0.3,0,4,7
2025-04-08,Kazhydromet-9,51.155703,71.471415,1.22,1.48,12.3,73,967.2,11.8,1.5,1,4,8
2025-04-09,Kazhydromet-9,51.155703,71.471415,1.48,1.98,10.7,75,977.8,6.2,0.6,2,4,9
2025-04-10,Kazhydromet-9,51.155703,71.471415,1.33,1.59,13.6,63,977.3,14.6,0.0,3,4,10
2025-04-11,Kazhydromet-9,51.155703,71.471415,1.19,1.41,15.8,48,971.9,19.6,0.0,4,4,11
2025-04-12,Kazhydromet-9,51.155703,71.471415,2.2,2.5,15.7,54,967.1,18.5,0.0,5,4,12
2025-04-13,Kazhydromet-9,51.155703,71.471415,1.75,2.29,6.5,85,971.4,16.7,15.2,6,4,13
2025-04-14,Kazhydromet-9,51.155703,71.471415,2.99,2.73,8.2,70,976.9,8.9,6.9,0,4,14
2025-04-15,Kazhydromet-9,51.155703,71.471415,0.84,1.26,8.2,77,977.2,9.6,2.4,1,4,15
2025-04-16,Kazhydromet-9,51.155703,71.471415,1.64,2.54,7.4,62,978.8,14.4,0.0,2,4,16
2025-04-17,Kazhydromet-9,51.155703,71.471415,1.24,1.09,5.1,56,972.5,21.9,0.5,3,4,17
2025-04-18,Kazhydromet-9,51.155703,71.471415,3.0,4.09,1.7,56,974.9,17.1,1.1,4,4,18
2025-04-19,Kazhydromet-9,51.155703,71.471415,1.56,2.1,-0.1,48,979.3,7.8,0.0,5,4,19
2025-04-20,Kazhydromet-9,51.155703,71.471415,1.37,1.69,12.3,54,973.4,22.9,0.0,6,4,20
2025-04-21,Kazhydromet-9,51.155703,71.471415,2.16,2.36,14.5,67,976.5,14.6,0.3,0,4,21
2025-04-22,Kazhydromet-9,51.155703,71.471415,0.76,0.91,14.8,70,979.1,10.4,0.0,1,4,22
2025-04-23,Kazhydromet-9,51.155703,71.471415,1.55,1.49,15.5,59,976.4,13.1,0.1,2,4,23
2025-04-24,Kazhydromet-9,51.155703,71.471415,1.79,2.59,11.4,65,980.7,15.0,0.0,3,4,24
2025-04-25,Kazhydromet-9,51.155703,71.471415,1.44,1.47,14.9,60,976.3,11.0,0.0,4,4,25
2025-04-26,Kazhydromet-9,51.155703,71.471415,0.86,1.04,17.5,48,969.7,18.6,0.0,5,4,26
2025-04-27,Kazhydromet-9,51.155703,71.471415,0.89,1.03,17.0,69,963.8,11.2,4.2,6,4,27
2025-04-28,Kazhydromet-9,51.155703,71.471415,1.22,1.21,17.7,67,966.3,17.7,1.0,0,4,28
2025-04-29,Kazhydromet-9,51.155703,71.471415,2.73,3.26,8.9,47,972.1,27.2,0.0,1,4,29
2025-04-30,Kazhydromet-9,51.155703,71.471415,1.99,2.0,5.9,55,984.8,9.6,0.0,2,4,30
2025-05-02,Kazhydromet-9,51.155703,71.471415,1.59,1.88,11.4,53,979.9,12.5,0.3,4,5,2
2025-05-03,Kazhydromet-9,51.155703,71.471415,2.96,3.85,11.5,55,983.4,10.8,0.0,5,5,3
2025-05-04,Kazhydromet-9,51.155703,71.471415,2.15,2.34,16.0,46,969.0,19.9,0.0,6,5,4
2025-05-05,Kazhydromet-9,51.155703,71.471415,1.42,1.56,14.1,53,973.8,12.4,0.0,0,5,5
2025-05-06,Kazhydromet-9,51.155703,71.471415,1.84,1.98,17.0,55,976.2,8.7,0.0,1,5,6
2025-05-07,Kazhydromet-9,51.155703,71.471415,0.96,1.26,18.4,54,970.6,6.9,0.0,2,5,7
2025-05-08,Kazhydromet-9,51.155703,71.471415,1.8,1.97,20.8,46,966.2,11.9,0.1,3,5,8
2025-05-09,Kazhydromet-9,51.155703,71.471415,2.23,2.04,19.7,56,962.7,13.9,0.8,4,5,9
2025-05-10,Kazhydromet-9,51.155703,71.471415,1.64,2.25,17.7,65,967.3,20.0,4.0,5,5,10
2025-05-11,Kazhydromet-9,51.155703,71.471415,1.72,1.72,14.1,75,974.2,13.1,0.7,6,5,11
2025-05-12,Kazhydromet-9,51.155703,71.471415,1.51,1.6,16.6,68,977.2,9.5,0.0,0,5,12
2025-05-13,Kazhydromet-9,51.155703,71.471415,1.66,1.71,20.9,54,972.0,12.9,0.0,1,5,13
2025-05-14,Kazhydromet-9,51.155703,71.471415,2.11,2.25,22.3,54,969.8,10.0,0.1,2,5,14
2025-05-15,Kazhydromet-9,51.155703,71.471415,2.15,2.43,24.6,50,971.9,10.4,0.0,3,5,15
2025-05-16,Kazhydromet-9,51.155703,71.471415,1.34,1.23,26.1,45,970.7,10.9,0.0,4,5,16
2025-05-17,Kazhydromet-9,51.155703,71.471415,2.27,2.13,24.4,43,962.9,16.5,0.4,5,5,17
2025-05-18,Kazhydromet-9,51.155703,71.471415,1.67,2.02,12.9,89,962.1,22.0,31.5,6,5,18
2025-05-19,Kazhydromet-9,51.155703,71.471415,0.97,1.12,13.8,57,977.2,11.4,0.0,0,5,19
2025-05-20,Kazhydromet-9,51.155703,71.471415,1.81,1.89,16.1,55,976.7,13.2,0.0,1,5,20
2025-05-21,Kazhydromet-9,51.155703,71.471415,1.68,2.02,18.6,51,972.2,15.2,0.0,2,5,21
2025-05-22,Kazhydromet-9,51.155703,71.471415,1.63,1.87,18.1,60,968.6,14.1,1.5,3,5,22
2025-05-23,Kazhydromet-9,51.155703,71.471415,2.31,2.48,15.5,67,963.1,25.2,1.0,4,5,23
2025-05-24,Kazhydromet-9,51.155703,71.471415,1.35,1.41,12.8,65,970.4,14.0,0.2,5,5,24
2025-05-25,Kazhydromet-9,51.155703,71.471415,2.27,3.05,10.6,65,971.2,6.9,0.9,6,5,25
2025-05-26,Kazhydromet-9,51.155703,71.471415,1.27,1.38,10.9,61,977.1,14.2,0.6,0,5,26
2025-05-27,Kazhydromet-9,51.155703,71.471415,3.2,3.34,12.6,58,982.3,10.3,0.0,1,5,27
2025-05-28,Kazhydromet-9,51.155703,71.471415,2.21,2.68,17.6,55,977.1,16.8,0.5,2,5,28
2025-05-29,Kazhydromet-9,51.155703,71.471415,2.18,2.9,16.3,66,979.1,6.3,0.2,3,5,29
2025-05-30,Kazhydromet-9,51.155703,71.471415,1.51,1.36,19.3,59,976.4,11.8,0.0,4,5,30
2025-05-31,Kazhydromet-9,51.155703,71.471415,1.46,1.77,20.7,56,977.5,6.4,0.2,5,5,31
2025-06-01,Kazhydromet-9,51.155703,71.471415,1.12,1.28,20.4,54,976.2,6.8,0.9,6,6,1
2025-06-02,Kazhydromet-9,51.155703,71.471415,1.37,1.28,21.5,53,971.9,4.1,0.0,0,6,2
2025-06-03,Kazhydromet-9,51.155703,71.471415,1.73,1.92,23.7,43,967.1,10.6,0.1,1,6,3
2025-06-04,Kazhydromet-9,51.155703,71.471415,1.12,1.4,21.7,57,963.4,12.5,3.1,2,6,4
2025-06-05,Kazhydromet-9,51.155703,71.471415,1.61,1.5,19.8,50,966.0,13.0,0.0,3,6,5
2025-06-06,Kazhydromet-9,51.155703,71.471415,1.31,1.51,23.0,51,970.2,7.6,0.0,4,6,6
2025-06-07,Kazhydromet-9,51.155703,71.471415,1.51,1.55,20.8,63,968.6,14.6,3.1,5,6,7
2025-06-08,Kazhydromet-9,51.155703,71.471415,1.68,1.92,15.0,85,971.7,17.2,17.2,6,6,8
2025-06-09,Kazhydromet-9,51.155703,71.471415,1.42,1.33,15.8,65,977.4,15.1,0.0,0,6,9
2025-06-10,Kazhydromet-9,51.155703,71.471415,1.4,1.62,18.0,60,975.9,17.0,0.0,1,6,10
2025-06-11,Kazhydromet-9,51.155703,71.471415,1.51,1.4,22.5,56,973.3,13.1,0.0,2,6,11
2025-06-12,Kazhydromet-9,51.155703,71.471415,1.26,1.21,22.2,61,973.4,8.8,0.0,3,6,12
2025-06-13,Kazhydromet-9,51.155703,71.471415,2.79,3.35,22.4,65,972.2,9.1,2.6,4,6,13
2025-06-14,Kazhydromet-9,51.155703,71.471415,1.84,1.85,22.1,65,969.1,7.1,0.2,5,6,14
2025-06-15,Kazhydromet-9,51.155703,71.471415,1.08,1.38,22.5,67,968.2,10.0,0.5,6,6,15
2025-06-16,Kazhydromet-9,51.155703,71.471415,1.0,1.03,23.9,57,969.2,7.6,0.0,0,6,16
2025-06-17,Kazhydromet-9,51.155703,71.471415,1.02,0.96,26.0,49,966.2,10.3,0.0,1,6,17
2025-06-18,Kazhydromet-9,51.155703,71.471415,0.92,0.86,27.0,41,962.3,13.7,1.1,2,6,18
2025-06-19,Kazhydromet-9,51.155703,71.471415,0.96,1.05,24.0,49,959.6,11.6,0.8,3,6,19
2025-06-20,Kazhydromet-9,51.155703,71.471415,2.4,2.71,20.3,59,961.5,18.4,1.0,4,6,20
2025-06-21,Kazhydromet-9,51.155703,71.471415,2.13,2.25,19.4,60,964.1,25.0,4.9,5,6,21
2025-06-22,Kazhydromet-9,51.155703,71.471415,1.25,1.23,21.5,51,965.0,18.8,0.0,6,6,22
2025-06-23,Kazhydromet-9,51.155703,71.471415,1.84,1.94,16.8,69,962.9,11.1,12.0,0,6,23
2025-06-24,Kazhydromet-9,51.155703,71.471415,1.43,1.49,17.3,69,965.8,10.9,0.2,1,6,24
2025-06-25,Kazhydromet-9,51.155703,71.471415,1.15,1.26,16.3,62,967.9,16.6,0.6,2,6,25
2025-06-26,Kazhydromet-9,51.155703,71.471415,1.46,1.64,15.0,77,966.8,17.8,8.3,3,6,26
2025-06-27,Kazhydromet-9,51.155703,71.471415,2.14,2.09,17.3,70,967.7,10.9,1.0,4,6,27
2025-06-28,Kazhydromet-9,51.155703,71.471415,2.17,2.44,19.8,65,962.2,10.7,1.6,5,6,28
2025-06-29,Kazhydromet-9,51.155703,71.471415,1.04,1.2,17.2,78,956.6,9.5,7.4,6,6,29
2025-06-30,Kazhydromet-9,51.155703,71.471415,2.84,3.01,17.8,75,957.5,9.1,0.2,0,6,30
2025-07-01,Kazhydromet-9,51.155703,71.471415,2.04,2.19,20.8,65,964.8,8.1,0.0,1,7,1
2025-07-02,Kazhydromet-9,51.155703,71.471415,1.53,1.44,22.8,66,970.0,3.7,0.0,2,7,2
2025-07-03,Kazhydromet-9,51.155703,71.471415,1.17,1.29,24.7,61,970.7,6.3,0.0,3,7,3
2025-07-04,Kazhydromet-9,51.155703,71.471415,1.07,1.04,24.0,59,963.6,14.6,2.8,4,7,4
2025-07-05,Kazhydromet-9,51.155703,71.471415,0.63,0.78,18.5,77,960.8,14.0,9.9,5,7,5
2025-07-06,Kazhydromet-9,51.155703,71.471415,1.91,2.02,20.4,64,964.6,14.0,0.0,6,7,6
2025-07-07,Kazhydromet-9,51.155703,71.471415,1.45,1.44,19.8,70,964.9,12.1,4.0,0,7,7
2025-07-08,Kazhydromet-9,51.155703,71.471415,1.78,1.87,18.3,61,970.4,9.6,0.0,1,7,8
2025-07-09,Kazhydromet-9,51.155703,71.471415,0.57,0.68,19.2,54,970.9,12.0,0.0,2,7,9
2025-07-10,Kazhydromet-9,51.155703,71.471415,1.33,1.39,19.8,61,970.5,7.6,0.1,3,7,10
2025-07-11,Kazhydromet-9,51.155703,71.471415,0.93,1.19,21.3,66,969.5,10.7,2.0,4,7,11
2025-07-12,Kazhydromet-9,51.155703,71.471415,1.79,2.0,19.7,57,969.9,14.1,0.0,5,7,12
2025-07-13,Kazhydromet-9,51.155703,71.471415,1.98,1.94,18.3,60,968.4,10.3,0.0,6,7,13
2025-07-14,Kazhydromet-9,51.155703,71.471415,1.24,1.36,17.3,67,966.5,10.1,0.1,0,7,14
2025-07-15,Kazhydromet-9,51.155703,71.471415,1.35,1.73,18.0,72,966.2,5.8,0.4,1,7,15
2025-07-16,Kazhydromet-9,51.155703,71.471415,1.62,1.6,21.1,60,965.9,5.0,0.0,2,7,16
2025-07-17,Kazhydromet-9,51.155703,71.471415,2.77,2.66,23.4,52,965.1,9.0,0.0,3,7,17
2025-07-18,Kazhydromet-9,51.155703,71.471415,2.02,1.97,23.9,55,965.2,9.6,0.3,4,7,18
2025-07-19,Kazhydromet-9,51.155703,71.471415,2.91,2.5,19.0,64,966.6,15.4,0.1,5,7,19
2025-07-20,Kazhydromet-9,51.155703,71.471415,1.11,1.2,18.2,59,975.4,5.7,0.0,6,7,20
2025-07-21,Kazhydromet-9,51.155703,71.471415,1.38,1.9,20.9,54,975.1,8.2,0.0,0,7,21
2025-07-22,Kazhydromet-9,51.155703,71.471415,1.81,2.1,22.7,49,974.4,9.5,0.0,1,7,22
2025-07-23,Kazhydromet-9,51.155703,71.471415,0.7,0.68,23.9,43,967.2,8.8,1.0,2,7,23
2025-07-24,Kazhydromet-9,51.155703,71.471415,1.5,1.57,22.7,46,961.2,13.1,0.0,3,7,24
2025-07-25,Kazhydromet-9,51.155703,71.471415,0.64,0.56,22.1,50,957.1,11.4,0.8,4,7,25
2025-07-26,Kazhydromet-9,51.155703,71.471415,1.69,2.08,21.7,74,956.9,10.2,6.5,5,7,26
2025-07-27,Kazhydromet-9,51.155703,71.471415,0.85,0.98,20.6,75,956.7,14.1,2.3,6,7,27
2025-07-28,Kazhydromet-9,51.155703,71.471415,1.07,0.87,21.5,61,961.0,12.6,0.0,0,7,28
2025-07-29,Kazhydromet-9,51.155703,71.471415,1.5,1.65,19.5,71,960.0,11.1,9.2,1,7,29
2025-07-30,Kazhydromet-9,51.155703,71.471415,0.89,0.84,17.8,75,958.9,7.6,5.5,2,7,30
2025-07-31,Kazhydromet-9,51.155703,71.471415,2.27,1.9,18.3,77,959.4,4.7,0.6,3,7,31
2025-08-01,Kazhydromet-9,51.155703,71.471415,1.95,2.04,18.0,81,960.9,6.8,9.4,4,8,1
2025-08-02,Kazhydromet-9,51.155703,71.471415,2.02,2.02,18.5,82,965.5,11.8,4.1,5,8,2
2025-08-03,Kazhydromet-9,51.155703,71.471415,1.67,1.74,17.0,65,973.2,13.6,0.0,6,8,3
2025-08-04,Kazhydromet-9,51.155703,71.471415,0.64,0.73,14.2,58,978.5,11.7,0.0,0,8,4
2025-08-05,Kazhydromet-9,51.155703,71.471415,0.93,0.9,16.0,58,976.7,10.5,0.0,1,8,5
2025-08-06,Kazhydromet-9,51.155703,71.471415,0.95,1.15,18.7,56,970.5,17.6,0.7,2,8,6
2025-08-07,Kazhydromet-9,51.155703,71.471415,1.04,0.94,17.3,70,968.8,8.6,4.2,3,8,7
2025-08-08,Kazhydromet-9,51.155703,71.471415,1.85,2.0,16.0,70,967.6,13.8,0.0,4,8,8
2025-08-09,Kazhydromet-9,51.155703,71.471415,2.42,2.29,15.8,62,972.8,11.9,0.0,5,8,9
2025-08-10,Kazhydromet-9,51.155703,71.471415,2.25,2.48,17.5,64,975.4,4.0,0.0,6,8,10
2025-08-11,Kazhydromet-9,51.155703,71.471415,0.94,1.1,20.1,53,972.0,10.1,0.0,0,8,11
2025-08-12,Kazhydromet-9,51.155703,71.471415,2.59,2.65,16.9,75,962.9,24.4,7.2,1,8,12
2025-08-13,Kazhydromet-9,51.155703,71.471415,1.25,1.23,18.9,65,967.0,11.9,0.0,2,8,13
2025-08-14,Kazhydromet-9,51.155703,71.471415,2.22,2.48,17.5,73,959.4,14.8,8.4,3,8,14
2025-08-15,Kazhydromet-9,51.155703,71.471415,1.65,1.9,16.9,74,960.1,14.7,0.8,4,8,15
2025-08-16,Kazhydromet-9,51.155703,71.471415,2.12,2.45,16.0,82,960.3,11.3,14.5,5,8,16
2025-08-17,Kazhydromet-9,51.155703,71.471415,3.84,3.52,16.2,75,961.8,14.9,7.0,6,8,17
2025-08-18,Kazhydromet-9,51.155703,71.471415,1.96,1.78,16.1,71,968.2,13.9,2.1,0,8,18
2025-08-19,Kazhydromet-9,51.155703,71.471415,2.09,2.36,18.2,68,970.5,8.0,1.0,1,8,19
2025-08-20,Kazhydromet-9,51.155703,71.471415,1.99,2.04,20.4,65,965.8,9.1,0.0,2,8,20
2025-08-21,Kazhydromet-9,51.155703,71.471415,1.28,1.22,19.0,60,963.0,11.5,0.1,3,8,21
2025-08-22,Kazhydromet-9,51.155703,71.471415,1.52,1.5,15.6,71,965.0,13.6,1.6,4,8,22
2025-08-23,Kazhydromet-9,51.155703,71.471415,0.99,0.97,17.9,72,968.6,12.2,1.2,5,8,23
2025-08-24,Kazhydromet-9,51.155703,71.471415,2.29,2.24,18.7,68,976.1,8.5,0.0,6,8,24
2025-08-25,Kazhydromet-9,51.155703,71.471415,1.54,1.74,18.7,56,979.3,9.5,0.0,0,8,25
2025-08-26,Kazhydromet-9,51.155703,71.471415,2.48,2.25,20.9,53,979.4,9.7,0.0,1,8,26
2025-08-27,Kazhydromet-9,51.155703,71.471415,1.73,1.51,23.0,44,978.4,8.2,0.0,2,8,27
2025-08-28,Kazhydromet-9,51.155703,71.471415,2.5,2.44,25.2,36,973.7,13.1,0.0,3,8,28
2025-08-29,Kazhydromet-9,51.155703,71.471415,1.91,2.04,20.4,50,973.2,10.6,0.1,4,8,29
2025-08-30,Kazhydromet-9,51.155703,71.471415,1.72,1.29,14.8,57,969.0,13.3,1.6,5,8,30
2025-08-31,Kazhydromet-9,51.155703,71.471415,0.96,0.97,12.6,65,974.0,17.6,0.3,6,8,31
2025-09-01,Kazhydromet-9,51.155703,71.471415,2.6,2.45,12.7,74,969.3,11.8,0.6,0,9,1
2025-09-02,Kazhydromet-9,51.155703,71.471415,0.52,0.57,12.5,69,973.8,13.2,0.2,1,9,2
2025-10-08,Kazhydromet-9,51.155703,71.471415,65.01,75.22,1.9,66,985.3,4.7,0.0,2,10,8
2025-10-09,Kazhydromet-9,51.155703,71.471415,11.55,13.1,4.7,66,983.5,8.2,0.0,3,10,9
2025-10-10,Kazhydromet-9,51.155703,71.471415,12.79,14.85,5.1,69,983.8,6.3,0.0,4,10,10
2025-10-11,Kazhydromet-9,51.155703,71.471415,8.52,9.78,2.8,73,979.3,16.3,0.0,5,10,11
2025-10-12,Kazhydromet-9,51.155703,71.471415,7.27,10.27,0.1,69,981.3,20.5,0.0,6,10,12
2025-10-13,Kazhydromet-9,51.155703,71.471415,7.78,11.28,-1.2,66,985.7,15.0,0.0,0,10,13
2025-10-14,Kazhydromet-9,51.155703,71.471415,7.3,9.25,-3.4,65,992.5,14.7,0.0,1,10,14
2025-10-15,Kazhydromet-9,51.155703,71.471415,7.57,10.32,-2.4,61,995.1,17.1,0.0,2,10,15
2025-10-16,Kazhydromet-9,51.155703,71.471415,7.81,11.23,0.1,51,990.0,18.1,0.0,3,10,16
2025-10-17,Kazhydromet-9,51.155703,71.471415,8.06,9.1,1.9,47,982.2,16.2,0.0,4,10,17
2025-10-18,Kazhydromet-9,51.155703,71.471415,12.75,14.28,3.1,66,977.5,16.0,0.0,5,10,18
2025-10-19,Kazhydromet-9,51.155703,71.471415,16.8,18.53,2.6,74,983.1,10.8,0.0,6,10,19
2025-10-20,Kazhydromet-9,51.155703,71.471415,39.9,45.5,2.5,68,985.7,5.1,0.0,0,10,20
2025-10-21,Kazhydromet-9,51.155703,71.471415,24.9,30.32,2.8,71,987.2,9.2,0.0,1,10,21
2025-10-22,Kazhydromet-9,51.155703,71.471415,9.86,11.81,3.2,67,989.6,16.0,0.0,2,10,22
2025-10-23,Kazhydromet-9,51.155703,71.471415,11.5,13.98,4.3,59,987.5,12.6,0.0,3,10,23
2025-10-24,Kazhydromet-9,51.155703,71.471415,12.9,16.23,5.7,54,981.5,9.5,0.0,4,10,24
2025-11-10,Kazhydromet-9,51.155703,71.471415,2.83,2.97,-2.7,89,974.5,18.3,0.4,0,11,10
2025-11-11,Kazhydromet-9,51.155703,71.471415,1.92,2.57,-0.3,90,977.9,25.0,1.2,1,11,11
2025-11-12,Kazhydromet-9,51.155703,71.471415,8.57,8.94,1.2,96,973.7,18.2,4.6,2,11,12
2025-11-13,Kazhydromet-9,51.155703,71.471415,8.3,9.84,-3.7,82,987.2,10.9,0.1,3,11,13
2025-11-14,Kazhydromet-9,51.155703,71.471415,11.47,12.12,-4.3,79,990.4,8.9,0.0,4,11,14
2025-11-15,Kazhydromet-9,51.155703,71.471415,4.63,6.13,0.1,74,986.7,12.2,0.0,5,11,15
2025-11-16,Kazhydromet-9,51.155703,71.471415,5.37,6.29,-0.2,66,983.1,14.1,0.0,6,11,16
2025-11-17,Kazhydromet-9,51.155703,71.471415,12.25,12.92,1.1,83,983.7,12.2,0.0,0,11,17
2025-11-18,Kazhydromet-9,51.155703,71.471415,14.33,15.03,1.3,83,987.2,9.8,0.0,1,11,18
2025-11-19,Kazhydromet-9,51.155703,71.471415,19.18,22.34,0.5,70,982.3,10.3,0.0,2,11,19
2025-11-20,Kazhydromet-9,51.155703,71.471415,5.86,6.45,0.6,91,982.8,16.5,1.7,3,11,20
2025-11-21,Kazhydromet-9,51.155703,71.471415,8.39,9.22,1.6,95,986.7,12.4,2.5,4,11,21
2025-11-22,Kazhydromet-9,51.155703,71.471415,9.28,9.55,-3.8,82,995.7,9.4,0.0,5,11,22
2025-11-23,Kazhydromet-9,51.155703,71.471415,7.7,7.12,2.1,91,984.3,23.1,0.0,6,11,23
2025-11-24,Kazhydromet-9,51.155703,71.471415,8.51,8.31,2.2,95,982.2,15.2,5.9,0,11,24
2025-11-25,Kazhydromet-9,51.155703,71.471415,9.19,8.99,2.1,93,985.2,13.8,0.0,1,11,25
2025-11-26,Kazhydromet-9,51.155703,71.471415,11.73,12.91,2.6,83,975.9,17.9,0.0,2,11,26
2025-11-27,Kazhydromet-9,51.155703,71.471415,10.23,11.13,0.2,87,978.1,10.8,0.0,3,11,27
2025-11-28,Kazhydromet-9,51.155703,71.471415,5.72,8.01,-1.9,75,988.5,6.9,0.0,4,11,28
2025-11-29,Kazhydromet-9,51.155703,71.471415,11.53,13.32,-2.6,73,986.2,10.6,0.0,5,11,29
2025-11-30,Kazhydromet-9,51.155703,71.471415,11.85,13.81,-0.7,80,983.9,7.1,0.3,6,11,30
2025-12-01,Kazhydromet-9,51.155703,71.471415,14.14,16.78,0.4,90,985.9,9.1,0.7,0,12,1
2025-12-02,Kazhydromet-9,51.155703,71.471415,41.3,42.9,0.2,93,985.4,4.5,0.0,1,12,2
2025-12-03,Kazhydromet-9,51.155703,71.471415,15.11,15.16,-0.2,94,980.7,7.8,1.2,2,12,3
2025-12-04,Kazhydromet-9,51.155703,71.471415,6.02,6.17,-1.2,88,979.8,15.7,0.0,3,12,4
2025-12-05,Kazhydromet-9,51.155703,71.471415,8.39,8.05,-1.3,87,983.3,13.2,0.2,4,12,5
2025-12-06,Kazhydromet-9,51.155703,71.471415,6.49,7.07,-1.9,89,985.8,12.1,0.8,5,12,6
2025-12-09,Kazhydromet-9,51.155703,71.471415,4.07,4.3,-16.2,80,980.7,17.6,3.4,1,12,9
2025-12-10,Kazhydromet-9,51.155703,71.471415,10.28,10.68,-20.0,78,997.7,11.7,0.0,2,12,10
2025-12-11,Kazhydromet-9,51.155703,71.471415,11.95,12.54,-17.9,73,996.6,12.8,0.0,3,12,11
2025-12-12,Kazhydromet-9,51.155703,71.471415,5.81,6.59,-7.8,69,973.2,13.0,0.0,4,12,12
2025-12-13,Kazhydromet-9,51.155703,71.471415,4.97,5.01,-5.0,90,966.0,17.0,2.2,5,12,13
2025-12-14,Kazhydromet-9,51.155703,71.471415,5.51,5.8,-3.4,91,965.0,19.5,1.3,6,12,14
2025-12-15,Kazhydromet-9,51.155703,71.471415,3.89,4.47,-8.8,80,967.0,29.7,2.1,0,12,15
2025-12-16,Kazhydromet-9,51.155703,71.471415,3.75,3.83,-10.0,81,972.9,28.1,1.9,1,12,16
2025-12-17,Kazhydromet-9,51.155703,71.471415,6.14,6.58,-16.1,80,978.2,17.8,0.0,2,12,17
2025-12-18,Kazhydromet-9,51.155703,71.471415,4.9,5.15,-14.2,84,983.9,14.8,0.3,3,12,18
2025-12-19,Kazhydromet-9,51.155703,71.471415,1.7,2.38,-7.5,88,983.2,22.0,0.3,4,12,19
2025-12-20,Kazhydromet-9,51.155703,71.471415,3.89,4.09,-6.9,87,969.0,21.7,5.1,5,12,20
2025-12-21,Kazhydromet-9,51.155703,71.471415,6.99,7.15,-19.8,78,980.6,10.7,0.4,6,12,21
2025-12-22,Kazhydromet-9,51.155703,71.471415,4.84,5.07,-15.8,83,985.0,21.8,0.0,0,12,22
2025-12-23,Kazhydromet-9,51.155703,71.471415,6.01,6.03,-3.8,88,981.8,23.2,0.3,1,12,23
2025-12-24,Kazhydromet-9,51.155703,71.471415,3.46,3.13,-3.6,90,976.7,23.0,2.3,2,12,24
2025-12-25,Kazhydromet-9,51.155703,71.471415,3.74,3.93,-5.8,86,971.1,23.2,1.3,3,12,25
2025-12-26,Kazhydromet-9,51.155703,71.471415,2.06,2.72,-20.3,78,973.2,16.6,0.3,4,12,26
2025-12-27,Kazhydromet-9,51.155703,71.471415,13.34,14.29,-23.6,78,981.2,13.8,0.0,5,12,27
2025-12-28,Kazhydromet-9,51.155703,71.471415,22.05,23.03,-19.7,79,977.5,11.6,0.0,6,12,28
2025-12-29,Kazhydromet-9,51.155703,71.471415,12.33,13.07,-8.2,80,967.7,16.3,0.0,0,12,29
2025-12-30,Kazhydromet-9,51.155703,71.471415,5.43,5.8,0.1,91,961.0,19.5,8.4,1,12,30
2025-12-31,Kazhydromet-9,51.155703,71.471415,8.55,9.23,-6.1,91,967.3,15.1,4.4,2,12,31
2026-01-01,Kazhydromet-9,51.155703,71.471415,5.72,6.08,-10.8,86,983.5,15.2,0.0,3,1,1
2026-01-02,Kazhydromet-9,51.155703,71.471415,24.18,25.25,-10.2,88,982.7,8.4,0.0,4,1,2
2026-01-03,Kazhydromet-9,51.155703,71.471415,14.6,16.17,-3.8,92,978.2,8.8,0.0,5,1,3
2026-01-04,Kazhydromet-9,51.155703,71.471415,19.43,21.06,-6.5,91,981.8,11.1,5.7,6,1,4
2026-01-05,Kazhydromet-9,51.155703,71.471415,2.1,2.91,-10.3,85,989.3,19.7,0.6,0,1,5
2026-01-06,Kazhydromet-9,51.155703,71.471415,4.59,5.29,-6.6,83,983.2,29.7,1.9,1,1,6
2026-01-07,Kazhydromet-9,51.155703,71.471415,8.0,10.38,-11.5,87,989.7,18.6,0.0,2,1,7
2026-01-08,Kazhydromet-9,51.155703,71.471415,14.31,16.02,-16.6,83,994.6,9.0,0.0,3,1,8
2026-01-09,Kazhydromet-9,51.155703,71.471415,9.4,10.06,-11.8,76,986.5,12.6,0.0,4,1,9
2026-01-10,Kazhydromet-9,51.155703,71.471415,7.0,7.6,-10.2,76,975.2,15.3,0.0,5,1,10
2026-01-11,Kazhydromet-9,51.155703,71.471415,12.76,14.85,-6.5,83,969.2,12.7,0.2,6,1,11
2026-01-12,Kazhydromet-9,51.155703,71.471415,14.26,15.44,-5.2,90,970.2,24.8,7.6,0,1,12
2026-01-13,Kazhydromet-9,51.155703,71.471415,11.71,12.35,-16.9,83,989.2,10.1,0.0,1,1,13
2026-01-14,Kazhydromet-9,51.155703,71.471415,0.75,0.9,-23.6,75,994.4,22.3,0.0,2,1,14
2026-01-15,Kazhydromet-9,51.155703,71.471415,3.78,3.96,-23.1,74,997.7,20.0,0.0,3,1,15
2026-01-16,Kazhydromet-9,51.155703,71.471415,4.01,4.55,-25.6,75,999.3,19.7,0.0,4,1,16
2026-01-17,Kazhydromet-9,51.155703,71.471415,21.12,22.26,-27.2,73,1002.1,9.3,0.0,5,1,17
2026-01-18,Kazhydromet-9,51.155703,71.471415,16.95,18.72,-25.3,71,994.8,8.7,0.0,6,1,18
2026-01-19,Kazhydromet-9,51.155703,71.471415,6.98,7.52,-19.1,70,985.3,16.5,0.1,0,1,19
2026-01-20,Kazhydromet-9,51.155703,71.471415,6.12,6.28,-15.9,76,980.4,15.6,0.6,1,1,20
2026-01-21,Kazhydromet-9,51.155703,71.471415,9.83,11.05,-13.9,83,982.0,7.6,0.6,2,1,21
2026-01-22,Kazhydromet-9,51.155703,71.471415,30.66,32.36,-18.4,81,981.8,10.2,0.0,3,1,22
2026-01-23,Kazhydromet-9,51.155703,71.471415,33.68,36.1,-24.6,76,981.6,11.1,0.0,4,1,23
2026-01-24,Kazhydromet-9,51.155703,71.471415,37.35,38.99,-21.8,79,981.8,7.0,0.4,5,1,24
2026-01-25,Kazhydromet-9,51.155703,71.471415,42.26,43.98,-17.2,82,979.8,9.9,0.5,6,1,25
2026-01-26,Kazhydromet-9,51.155703,71.471415,127.82,131.74,-17.8,81,980.9,5.9,0.2,0,1,26
2026-01-27,Kazhydromet-9,51.155703,71.471415,47.02,49.04,-21.6,79,984.4,10.2,0.0,1,1,27
2026-01-28,Kazhydromet-9,51.155703,71.471415,61.9,64.44,-22.6,79,985.1,9.8,0.0,2,1,28
2026-01-29,Kazhydromet-9,51.155703,71.471415,25.15,26.34,-18.4,81,991.1,13.9,0.0,3,1,29
2026-01-30,Kazhydromet-9,51.155703,71.471415,28.59,30.43,-18.0,78,987.8,10.6,0.0,4,1,30
2026-01-31,Kazhydromet-9,51.155703,71.471415,39.64,42.4,-17.3,73,980.1,5.6,0.0,5,1,31
2026-02-01,Kazhydromet-9,51.155703,71.471415,43.59,44.8,-13.5,83,979.5,8.3,0.0,6,2,1
2026-02-02,Kazhydromet-9,51.155703,71.471415,33.9,36.09,-13.1,84,977.1,15.4,3.3,0,2,2
2026-02-03,Kazhydromet-9,51.155703,71.471415,11.16,11.98,-15.7,82,981.5,14.2,0.2,1,2,3
2026-02-04,Kazhydromet-9,51.155703,71.471415,24.26,25.81,-13.4,84,982.8,13.5,0.0,2,2,4
2026-02-05,Kazhydromet-9,51.155703,71.471415,7.03,8.27,-3.8,84,970.8,18.1,2.3,3,2,5
2026-02-06,Kazhydromet-9,51.155703,71.471415,12.1,13.78,-5.4,92,968.1,15.1,18.3,4,2,6
2026-02-07,Kazhydromet-9,51.155703,71.471415,7.63,10.4,-14.9,83,983.9,13.7,0.2,5,2,7
2026-02-10,Kazhydromet-9,51.155703,71.471415,5.01,5.24,-0.5,93,955.2,23.2,4.7,1,2,10
2026-02-11,Kazhydromet-9,51.155703,71.471415,3.93,4.24,-13.7,79,966.5,29.2,1.6,2,2,11
2026-02-12,Kazhydromet-9,51.155703,71.471415,8.18,8.69,-21.1,81,985.6,11.4,0.0,3,2,12
2026-02-13,Kazhydromet-9,51.155703,71.471415,39.08,40.88,-21.2,76,984.9,8.6,0.0,4,2,13
2026-02-14,Kazhydromet-9,51.155703,71.471415,44.46,46.04,-19.3,72,983.1,8.7,0.0,5,2,14
2026-02-15,Kazhydromet-9,51.155703,71.471415,35.36,36.33,-15.3,76,981.2,9.5,0.0,6,2,15
2026-02-16,Kazhydromet-9,51.155703,71.471415,6.88,6.85,-4.2,89,973.1,19.3,0.2,0,2,16
2026-02-17,Kazhydromet-9,51.155703,71.471415,3.97,3.97,-1.7,94,975.4,21.6,0.0,1,2,17
2026-02-18,Kazhydromet-9,51.155703,71.471415,5.35,5.72,-0.3,93,968.9,23.7,2.0,2,2,18
2026-02-19,Kazhydromet-9,51.155703,71.471415,11.36,12.74,-11.7,84,978.6,16.5,0.0,3,2,19
2026-02-20,Kazhydromet-9,51.155703,71.471415,5.47,5.86,-16.4,80,989.9,11.2,0.0,4,2,20
2026-02-21,Kazhydromet-9,51.155703,71.471415,5.14,5.41,-8.9,78,977.6,20.9,3.5,5,2,21
2026-02-22,Kazhydromet-9,51.155703,71.471415,4.95,5.8,-7.0,87,972.7,20.4,3.1,6,2,22
2026-02-23,Kazhydromet-9,51.155703,71.471415,9.76,10.02,-16.0,79,971.7,20.2,2.1,0,2,23
2026-02-24,Kazhydromet-9,51.155703,71.471415,33.72,36.09,-24.0,81,990.5,2.5,0.0,1,2,24
2026-02-25,Kazhydromet-9,51.155703,71.471415,11.44,11.95,-20.4,72,990.9,10.1,0.0,2,2,25
2026-02-26,Kazhydromet-9,51.155703,71.471415,6.53,7.87,-23.5,74,988.8,17.7,0.0,3,2,26
2026-02-27,Kazhydromet-9,51.155703,71.471415,29.88,32.35,-27.9,75,990.3,7.5,0.0,4,2,27
2026-02-28,Kazhydromet-9,51.155703,71.471415,11.9,12.69,-26.9,78,987.9,5.8,0.0,5,2,28
2026-03-01,Kazhydromet-9,51.155703,71.471415,20.38,21.85,-22.8,75,987.2,9.3,0.0,6,3,1
2026-03-02,Kazhydromet-9,51.155703,71.471415,2.85,3.47,-11.8,84,979.4,20.4,1.3,0,3,2
2026-03-03,Kazhydromet-9,51.155703,71.471415,5.15,4.71,-5.5,89,977.9,18.3,1.4,1,3,3
2025-03-17,Kazhydromet-14,51.157984,71.413998,3.16,7.13,0.5,79,978.6,24.5,0.0,0,3,17
2025-03-18,Kazhydromet-14,51.157984,71.413998,3.0,6.34,2.9,82,979.4,22.0,0.0,1,3,18
2025-03-19,Kazhydromet-14,51.157984,71.413998,2.98,7.38,2.6,77,978.1,20.0,0.0,2,3,19
2025-03-20,Kazhydromet-14,51.157984,71.413998,2.27,7.2,2.8,77,972.4,20.5,0.0,3,3,20
2025-03-21,Kazhydromet-14,51.157984,71.413998,3.33,9.47,0.5,90,974.9,13.1,3.6,4,3,21
2025-03-22,Kazhydromet-14,51.157984,71.413998,4.7,11.77,-3.4,83,986.1,7.5,0.0,5,3,22
2025-03-23,Kazhydromet-14,51.157984,71.413998,4.7,11.77,-4.0,88,981.1,11.9,0.0,6,3,23
2025-03-24,Kazhydromet-14,51.157984,71.413998,4.7,11.77,-5.2,77,980.6,18.8,0.5,0,3,24
2025-03-25,Kazhydromet-14,51.157984,71.413998,4.7,11.77,-7.8,78,993.3,8.8,0.0,1,3,25
2025-03-26,Kazhydromet-14,51.157984,71.413998,4.7,11.77,-5.9,85,995.9,5.1,0.0,2,3,26
2025-03-27,Kazhydromet-14,51.157984,71.413998,4.7,11.77,-2.1,78,991.3,15.1,0.0,3,3,27
2025-03-28,Kazhydromet-14,51.157984,71.413998,3.41,14.34,-0.4,72,988.2,16.0,0.0,4,3,28
2025-03-29,Kazhydromet-14,51.157984,71.413998,3.41,14.34,1.0,77,987.9,11.5,0.0,5,3,29
2025-03-30,Kazhydromet-14,51.157984,71.413998,3.41,14.34,0.9,73,988.3,4.4,0.0,6,3,30
2025-03-31,Kazhydromet-14,51.157984,71.413998,3.41,13.1,2.6,75,985.3,10.0,1.5,0,3,31
2025-04-01,Kazhydromet-14,51.157984,71.413998,2.56,14.32,3.5,86,981.1,13.6,0.1,1,4,1
2025-04-02,Kazhydromet-14,51.157984,71.413998,2.64,13.75,4.1,72,983.1,4.2,0.0,2,4,2
2025-04-03,Kazhydromet-14,51.157984,71.413998,2.2,8.68,7.7,60,972.9,20.5,0.0,3,4,3
2025-04-04,Kazhydromet-14,51.157984,71.413998,2.31,7.81,7.2,79,957.7,22.4,7.2,4,4,4
2025-04-05,Kazhydromet-14,51.157984,71.413998,1.78,5.32,4.8,67,973.1,17.6,0.0,5,4,5
2025-04-06,Kazhydromet-14,51.157984,71.413998,2.82,8.14,9.0,67,974.6,14.3,0.0,6,4,6
2025-04-07,Kazhydromet-14,51.157984,71.413998,1.63,6.45,8.9,72,970.0,14.1,0.3,0,4,7
2025-04-08,Kazhydromet-14,51.157984,71.413998,2.4,10.84,12.3,73,968.7,11.8,1.5,1,4,8
2025-04-09,Kazhydromet-14,51.157984,71.413998,2.54,13.87,10.7,75,979.3,6.2,0.6,2,4,9
2025-04-10,Kazhydromet-14,51.157984,71.413998,1.88,8.02,13.6,63,978.8,14.6,0.0,3,4,10
2025-04-11,Kazhydromet-14,51.157984,71.413998,1.5,5.25,15.8,48,973.4,19.6,0.0,4,4,11
2025-04-12,Kazhydromet-14,51.157984,71.413998,1.63,6.25,15.7,54,968.5,18.5,0.0,5,4,12
2025-04-13,Kazhydromet-14,51.157984,71.413998,2.06,7.43,6.5,85,973.0,16.7,15.2,6,4,13
2025-04-14,Kazhydromet-14,51.157984,71.413998,2.9,12.82,8.2,70,978.5,8.9,6.9,0,4,14
2025-04-15,Kazhydromet-14,51.157984,71.413998,1.67,8.68,8.2,77,978.7,9.6,2.4,1,4,15
2025-04-16,Kazhydromet-14,51.157984,71.413998,1.65,5.49,7.4,62,980.4,14.4,0.0,2,4,16
2025-04-17,Kazhydromet-14,51.157984,71.413998,1.96,6.46,5.1,56,974.0,21.9,0.5,3,4,17
2025-04-18,Kazhydromet-14,51.157984,71.413998,1.19,6.77,1.7,56,976.5,17.1,1.1,4,4,18
2025-04-19,Kazhydromet-14,51.157984,71.413998,1.44,5.03,-0.1,48,980.9,7.8,0.0,5,4,19
2025-04-20,Kazhydromet-14,51.157984,71.413998,1.56,8.31,12.3,54,974.9,22.9,0.0,6,4,20
2025-04-21,Kazhydromet-14,51.157984,71.413998,1.12,9.11,14.5,67,978.0,14.6,0.3,0,4,21
2025-04-22,Kazhydromet-14,51.157984,71.413998,1.1,8.05,14.8,70,980.6,10.4,0.0,1,4,22
2025-04-23,Kazhydromet-14,51.157984,71.413998,1.52,8.16,15.5,59,977.9,13.1,0.1,2,4,23
2025-04-24,Kazhydromet-14,51.157984,71.413998,2.0,5.92,11.4,65,982.2,15.0,0.0,3,4,24
2025-04-25,Kazhydromet-14,51.157984,71.413998,1.69,6.65,14.9,60,977.8,11.0,0.0,4,4,25
2025-04-26,Kazhydromet-14,51.157984,71.413998,1.78,6.98,17.5,48,971.2,18.6,0.0,5,4,26
2025-04-27,Kazhydromet-14,51.157984,71.413998,1.74,6.05,17.0,69,965.3,11.2,4.2,6,4,27
2025-04-28,Kazhydromet-14,51.157984,71.413998,0.74,0.48,17.7,67,967.8,17.7,1.0,0,4,28
2025-04-29,Kazhydromet-14,51.157984,71.413998,1.09,13.59,8.9,47,973.6,27.2,0.0,1,4,29
2025-04-30,Kazhydromet-14,51.157984,71.413998,1.12,24.11,5.9,55,986.4,9.6,0.0,2,4,30
2025-05-02,Kazhydromet-14,51.157984,71.413998,5.69,6.74,11.4,53,981.4,12.5,0.3,4,5,2
2025-05-03,Kazhydromet-14,51.157984,71.413998,3.78,4.8,11.5,55,984.9,10.8,0.0,5,5,3
2025-05-04,Kazhydromet-14,51.157984,71.413998,4.5,5.55,16.0,46,970.5,19.9,0.0,6,5,4
2025-05-05,Kazhydromet-14,51.157984,71.413998,4.86,5.88,14.1,53,975.3,12.4,0.0,0,5,5
2025-05-06,Kazhydromet-14,51.157984,71.413998,4.26,5.51,17.0,55,977.7,8.7,0.0,1,5,6
2025-05-07,Kazhydromet-14,51.157984,71.413998,4.28,5.55,18.4,54,972.1,6.9,0.0,2,5,7
2025-05-08,Kazhydromet-14,51.157984,71.413998,4.43,5.53,20.8,46,967.7,11.9,0.1,3,5,8
2025-05-09,Kazhydromet-14,51.157984,71.413998,3.35,4.34,19.7,56,964.1,13.9,0.8,4,5,9
2025-05-10,Kazhydromet-14,51.157984,71.413998,4.62,5.68,17.7,65,968.8,20.0,4.0,5,5,10
2025-05-11,Kazhydromet-14,51.157984,71.413998,2.49,3.0,14.1,75,975.7,13.1,0.7,6,5,11
2025-05-12,Kazhydromet-14,51.157984,71.413998,2.41,3.19,16.6,68,978.6,9.5,0.0,0,5,12
2025-05-13,Kazhydromet-14,51.157984,71.413998,3.04,3.91,20.9,54,973.4,12.9,0.0,1,5,13
2025-05-14,Kazhydromet-14,51.157984,71.413998,4.08,5.05,22.3,54,971.2,10.0,0.1,2,5,14
2025-05-15,Kazhydromet-14,51.157984,71.413998,3.93,6.22,24.6,50,973.3,10.4,0.0,3,5,15
2025-05-16,Kazhydromet-14,51.157984,71.413998,4.8,7.01,26.1,45,972.1,10.9,0.0,4,5,16
2025-05-17,Kazhydromet-14,51.157984,71.413998,4.86,6.32,24.4,43,964.3,16.5,0.4,5,5,17
2025-05-18,Kazhydromet-14,51.157984,71.413998,3.9,4.71,12.9,89,963.6,22.0,31.5,6,5,18
2025-05-19,Kazhydromet-14,51.157984,71.413998,2.52,2.94,13.8,57,978.7,11.4,0.0,0,5,19
2025-05-20,Kazhydromet-14,51.157984,71.413998,3.55,4.72,16.1,55,978.2,13.2,0.0,1,5,20
2025-05-21,Kazhydromet-14,51.157984,71.413998,3.11,4.43,18.6,51,973.7,15.2,0.0,2,5,21
2025-05-22,Kazhydromet-14,51.157984,71.413998,3.5,5.37,18.1,60,970.0,14.1,1.5,3,5,22
2025-05-23,Kazhydromet-14,51.157984,71.413998,2.48,3.28,15.5,67,964.6,25.2,1.0,4,5,23
2025-05-24,Kazhydromet-14,51.157984,71.413998,2.68,4.15,12.8,65,971.9,14.0,0.2,5,5,24
2025-05-25,Kazhydromet-14,51.157984,71.413998,3.37,4.97,10.6,65,972.7,6.9,0.9,6,5,25
2025-05-26,Kazhydromet-14,51.157984,71.413998,2.91,3.93,10.9,61,978.6,14.2,0.6,0,5,26
2025-05-27,Kazhydromet-14,51.157984,71.413998,2.75,3.92,12.6,58,983.8,10.3,0.0,1,5,27
2025-05-28,Kazhydromet-14,51.157984,71.413998,3.33,4.32,17.6,55,978.5,16.8,0.5,2,5,28
2025-05-29,Kazhydromet-14,51.157984,71.413998,3.42,5.17,16.3,66,980.6,6.3,0.2,3,5,29
2025-05-30,Kazhydromet-14,51.157984,71.413998,5.43,6.43,19.3,59,977.9,11.8,0.0,4,5,30
2025-05-31,Kazhydromet-14,51.157984,71.413998,5.92,7.74,20.7,56,979.0,6.4,0.2,5,5,31
2025-06-01,Kazhydromet-14,51.157984,71.413998,3.62,4.76,20.4,54,977.6,6.8,0.9,6,6,1
2025-06-02,Kazhydromet-14,51.157984,71.413998,4.23,5.94,21.5,53,973.3,4.1,0.0,0,6,2
2025-06-03,Kazhydromet-14,51.157984,71.413998,4.32,5.69,23.7,43,968.5,10.6,0.1,1,6,3
2025-06-04,Kazhydromet-14,51.157984,71.413998,3.74,5.05,21.7,57,964.8,12.5,3.1,2,6,4
2025-06-05,Kazhydromet-14,51.157984,71.413998,4.72,5.75,19.8,50,967.5,13.0,0.0,3,6,5
2025-06-06,Kazhydromet-14,51.157984,71.413998,4.8,6.39,23.0,51,971.6,7.6,0.0,4,6,6
2025-06-07,Kazhydromet-14,51.157984,71.413998,4.83,6.97,20.8,63,970.1,14.6,3.1,5,6,7
2025-06-08,Kazhydromet-14,51.157984,71.413998,3.13,3.98,15.0,85,973.2,17.2,17.2,6,6,8
2025-06-09,Kazhydromet-14,51.157984,71.413998,3.53,4.63,15.8,65,978.8,15.1,0.0,0,6,9
2025-06-10,Kazhydromet-14,51.157984,71.413998,3.32,4.48,18.0,60,977.4,17.0,0.0,1,6,10
2025-06-11,Kazhydromet-14,51.157984,71.413998,2.77,4.2,22.5,56,974.8,13.1,0.0,2,6,11
2025-06-12,Kazhydromet-14,51.157984,71.413998,2.83,4.01,22.2,61,974.9,8.8,0.0,3,6,12
2025-06-13,Kazhydromet-14,51.157984,71.413998,2.22,2.09,22.4,65,973.6,9.1,2.6,4,6,13
2025-06-14,Kazhydromet-14,51.157984,71.413998,2.08,2.13,22.1,65,970.6,7.1,0.2,5,6,14
2025-06-15,Kazhydromet-14,51.157984,71.413998,1.15,1.46,22.5,67,969.7,10.0,0.5,6,6,15
2025-06-16,Kazhydromet-14,51.157984,71.413998,2.44,2.48,23.9,57,970.6,7.6,0.0,0,6,16
2025-06-17,Kazhydromet-14,51.157984,71.413998,1.96,1.58,26.0,49,967.6,10.3,0.0,1,6,17
2025-06-18,Kazhydromet-14,51.157984,71.413998,1.46,1.72,27.0,41,963.7,13.7,1.1,2,6,18
2025-06-19,Kazhydromet-14,51.157984,71.413998,1.91,1.67,24.0,49,961.0,11.6,0.8,3,6,19
2025-06-20,Kazhydromet-14,51.157984,71.413998,1.38,1.59,20.3,59,963.0,18.4,1.0,4,6,20
2025-06-21,Kazhydromet-14,51.157984,71.413998,1.39,1.64,19.4,60,965.6,25.0,4.9,5,6,21
2025-06-22,Kazhydromet-14,51.157984,71.413998,1.95,1.67,21.5,51,966.5,18.8,0.0,6,6,22
2025-06-23,Kazhydromet-14,51.157984,71.413998,1.94,1.85,16.8,69,964.4,11.1,12.0,0,6,23
2025-06-24,Kazhydromet-14,51.157984,71.413998,1.81,1.75,17.3,69,967.3,10.9,0.2,1,6,24
2025-06-25,Kazhydromet-14,51.157984,71.413998,1.08,1.29,16.3,62,969.4,16.6,0.6,2,6,25
2025-06-26,Kazhydromet-14,51.157984,71.413998,1.61,1.53,15.0,77,968.3,17.8,8.3,3,6,26
2025-06-27,Kazhydromet-14,51.157984,71.413998,1.61,1.33,17.3,70,969.2,10.9,1.0,4,6,27
2025-06-28,Kazhydromet-14,51.157984,71.413998,2.0,2.02,19.8,65,963.6,10.7,1.6,5,6,28
2025-06-29,Kazhydromet-14,51.157984,71.413998,2.4,2.14,17.2,78,958.0,9.5,7.4,6,6,29
2025-06-30,Kazhydromet-14,51.157984,71.413998,2.08,2.91,17.8,75,959.0,9.1,0.2,0,6,30
2025-07-01,Kazhydromet-14,51.157984,71.413998,1.82,2.64,20.8,65,966.2,8.1,0.0,1,7,1
2025-07-02,Kazhydromet-14,51.157984,71.413998,3.1,3.84,22.8,66,971.5,3.7,0.0,2,7,2
2025-07-03,Kazhydromet-14,51.157984,71.413998,2.44,3.28,24.7,61,972.1,6.3,0.0,3,7,3
2025-07-04,Kazhydromet-14,51.157984,71.413998,2.98,3.73,24.0,59,965.0,14.6,2.8,4,7,4
2025-07-05,Kazhydromet-14,51.157984,71.413998,2.91,4.01,18.5,77,962.2,14.0,9.9,5,7,5
2025-07-06,Kazhydromet-14,51.157984,71.413998,3.43,5.05,20.4,64,966.1,14.0,0.0,6,7,6
2025-07-07,Kazhydromet-14,51.157984,71.413998,3.27,4.59,19.8,70,966.4,12.1,4.0,0,7,7
2025-07-08,Kazhydromet-14,51.157984,71.413998,2.06,2.94,18.3,61,971.8,9.6,0.0,1,7,8
2025-07-09,Kazhydromet-14,51.157984,71.413998,2.06,2.81,19.2,54,972.4,12.0,0.0,2,7,9
2025-07-10,Kazhydromet-14,51.157984,71.413998,2.12,2.96,19.8,61,972.0,7.6,0.1,3,7,10
2025-07-11,Kazhydromet-14,51.157984,71.413998,2.84,3.94,21.3,66,971.0,10.7,2.0,4,7,11
2025-07-12,Kazhydromet-14,51.157984,71.413998,2.94,4.09,19.7,57,971.3,14.1,0.0,5,7,12
2025-07-13,Kazhydromet-14,51.157984,71.413998,2.92,3.07,18.3,60,969.8,10.3,0.0,6,7,13
2025-07-14,Kazhydromet-14,51.157984,71.413998,1.78,2.72,17.3,67,968.0,10.1,0.1,0,7,14
2025-07-15,Kazhydromet-14,51.157984,71.413998,1.97,2.63,18.0,72,967.6,5.8,0.4,1,7,15
2025-07-16,Kazhydromet-14,51.157984,71.413998,2.46,3.59,21.1,60,967.4,5.0,0.0,2,7,16
2025-07-17,Kazhydromet-14,51.157984,71.413998,3.66,5.36,23.4,52,966.6,9.0,0.0,3,7,17
2025-07-18,Kazhydromet-14,51.157984,71.413998,3.71,5.33,23.9,55,966.7,9.6,0.3,4,7,18
2025-07-19,Kazhydromet-14,51.157984,71.413998,3.41,4.47,19.0,64,968.0,15.4,0.1,5,7,19
2025-07-20,Kazhydromet-14,51.157984,71.413998,2.56,3.49,18.2,59,976.9,5.7,0.0,6,7,20
2025-07-21,Kazhydromet-14,51.157984,71.413998,2.27,2.95,20.9,54,976.6,8.2,0.0,0,7,21
2025-07-22,Kazhydromet-14,51.157984,71.413998,1.84,2.69,22.7,49,975.8,9.5,0.0,1,7,22
2025-07-23,Kazhydromet-14,51.157984,71.413998,2.06,3.2,23.9,43,968.6,8.8,1.0,2,7,23
2025-07-24,Kazhydromet-14,51.157984,71.413998,2.6,3.49,22.7,46,962.7,13.1,0.0,3,7,24
2025-07-25,Kazhydromet-14,51.157984,71.413998,1.97,2.68,22.1,50,958.5,11.4,0.8,4,7,25
2025-07-26,Kazhydromet-14,51.157984,71.413998,2.74,3.73,21.7,74,958.3,10.2,6.5,5,7,26
2025-07-27,Kazhydromet-14,51.157984,71.413998,3.0,3.53,20.6,75,958.1,14.1,2.3,6,7,27
2025-07-28,Kazhydromet-14,51.157984,71.413998,3.34,4.28,21.5,61,962.5,12.6,0.0,0,7,28
2025-07-29,Kazhydromet-14,51.157984,71.413998,3.09,3.31,19.5,71,961.4,11.1,9.2,1,7,29
2025-07-30,Kazhydromet-14,51.157984,71.413998,3.41,4.45,17.8,75,960.3,7.6,5.5,2,7,30
2025-07-31,Kazhydromet-14,51.157984,71.413998,1.97,2.62,18.3,77,960.9,4.7,0.6,3,7,31
2025-08-01,Kazhydromet-14,51.157984,71.413998,2.23,2.65,18.0,81,962.4,6.8,9.4,4,8,1
2025-08-02,Kazhydromet-14,51.157984,71.413998,2.64,3.62,18.5,82,966.9,11.8,4.1,5,8,2
2025-08-03,Kazhydromet-14,51.157984,71.413998,2.16,2.99,17.0,65,974.7,13.6,0.0,6,8,3
2025-08-04,Kazhydromet-14,51.157984,71.413998,2.75,3.79,14.2,58,980.0,11.7,0.0,0,8,4
2025-08-05,Kazhydromet-14,51.157984,71.413998,2.16,2.65,16.0,58,978.1,10.5,0.0,1,8,5
2025-08-06,Kazhydromet-14,51.157984,71.413998,2.79,3.91,18.7,56,972.0,17.6,0.7,2,8,6
2025-08-07,Kazhydromet-14,51.157984,71.413998,2.24,3.07,17.3,70,970.3,8.6,4.2,3,8,7
2025-08-08,Kazhydromet-14,51.157984,71.413998,2.69,3.58,16.0,70,969.1,13.8,0.0,4,8,8
2025-08-09,Kazhydromet-14,51.157984,71.413998,1.89,2.5,15.8,62,974.3,11.9,0.0,5,8,9
2025-08-10,Kazhydromet-14,51.157984,71.413998,2.06,2.95,17.5,64,976.8,4.0,0.0,6,8,10
2025-08-11,Kazhydromet-14,51.157984,71.413998,2.2,3.15,20.1,53,973.4,10.1,0.0,0,8,11
2025-08-12,Kazhydromet-14,51.157984,71.413998,2.63,3.18,16.9,75,964.4,24.4,7.2,1,8,12
2025-08-13,Kazhydromet-14,51.157984,71.413998,2.25,3.3,18.9,65,968.4,11.9,0.0,2,8,13
2025-08-14,Kazhydromet-14,51.157984,71.413998,2.34,2.77,17.5,73,960.9,14.8,8.4,3,8,14
2025-08-15,Kazhydromet-14,51.157984,71.413998,2.67,3.07,16.9,74,961.5,14.7,0.8,4,8,15
2025-08-16,Kazhydromet-14,51.157984,71.413998,3.05,3.56,16.0,82,961.7,11.3,14.5,5,8,16
2025-08-17,Kazhydromet-14,51.157984,71.413998,2.72,3.23,16.2,75,963.3,14.9,7.0,6,8,17
2025-08-18,Kazhydromet-14,51.157984,71.413998,2.93,4.72,16.1,71,969.7,13.9,2.1,0,8,18
2025-08-19,Kazhydromet-14,51.157984,71.413998,3.16,4.42,18.2,68,972.0,8.0,1.0,1,8,19
2025-08-20,Kazhydromet-14,51.157984,71.413998,2.93,3.87,20.4,65,967.2,9.1,0.0,2,8,20
2025-08-21,Kazhydromet-14,51.157984,71.413998,2.93,3.32,19.0,60,964.4,11.5,0.1,3,8,21
2025-08-22,Kazhydromet-14,51.157984,71.413998,2.47,3.02,15.6,71,966.5,13.6,1.6,4,8,22
2025-08-23,Kazhydromet-14,51.157984,71.413998,3.04,3.8,17.9,72,970.1,12.2,1.2,5,8,23
2025-08-24,Kazhydromet-14,51.157984,71.413998,3.4,4.51,18.7,68,977.6,8.5,0.0,6,8,24
2025-08-25,Kazhydromet-14,51.157984,71.413998,2.06,2.94,18.7,56,980.8,9.5,0.0,0,8,25
2025-08-26,Kazhydromet-14,51.157984,71.413998,2.08,2.78,20.9,53,980.9,9.7,0.0,1,8,26
2025-08-27,Kazhydromet-14,51.157984,71.413998,2.95,3.24,23.0,44,979.8,8.2,0.0,2,8,27
2025-08-28,Kazhydromet-14,51.157984,71.413998,3.58,3.95,25.2,36,975.1,13.1,0.0,3,8,28
2025-08-29,Kazhydromet-14,51.157984,71.413998,2.6,3.38,20.4,50,974.7,10.6,0.1,4,8,29
2025-08-30,Kazhydromet-14,51.157984,71.413998,3.5,4.23,14.8,57,970.5,13.3,1.6,5,8,30
2025-08-31,Kazhydromet-14,51.157984,71.413998,2.75,3.51,12.6,65,975.5,17.6,0.3,6,8,31
2025-09-01,Kazhydromet-14,51.157984,71.413998,2.86,3.57,12.7,74,970.8,11.8,0.6,0,9,1
2025-09-02,Kazhydromet-14,51.157984,71.413998,2.61,2.95,12.5,69,975.3,13.2,0.2,1,9,2
2025-10-08,Kazhydromet-14,51.157984,71.413998,7.33,8.17,1.9,66,986.9,4.7,0.0,2,10,8
2025-10-09,Kazhydromet-14,51.157984,71.413998,6.09,6.97,4.7,66,985.1,8.2,0.0,3,10,9
2025-10-10,Kazhydromet-14,51.157984,71.413998,4.51,5.17,5.1,69,985.4,6.3,0.0,4,10,10
2025-10-11,Kazhydromet-14,51.157984,71.413998,4.66,5.45,2.8,73,980.9,16.3,0.0,5,10,11
2025-10-12,Kazhydromet-14,51.157984,71.413998,5.63,6.58,0.1,69,982.9,20.5,0.0,6,10,12
2025-10-13,Kazhydromet-14,51.157984,71.413998,6.36,7.28,-1.2,66,987.3,15.0,0.0,0,10,13
2025-10-14,Kazhydromet-14,51.157984,71.413998,6.84,7.96,-3.4,65,994.1,14.7,0.0,1,10,14
2025-10-15,Kazhydromet-14,51.157984,71.413998,4.84,5.49,-2.4,61,996.7,17.1,0.0,2,10,15
2025-10-16,Kazhydromet-14,51.157984,71.413998,4.36,5.11,0.1,51,991.6,18.1,0.0,3,10,16
2025-10-17,Kazhydromet-14,51.157984,71.413998,5.22,6.17,1.9,47,983.7,16.2,0.0,4,10,17
2025-10-18,Kazhydromet-14,51.157984,71.413998,5.76,6.32,3.1,66,979.1,16.0,0.0,5,10,18
2025-10-19,Kazhydromet-14,51.157984,71.413998,7.27,8.02,2.6,74,984.7,10.8,0.0,6,10,19
2025-10-20,Kazhydromet-14,51.157984,71.413998,12.74,14.16,2.5,68,987.2,5.1,0.0,0,10,20
2025-10-21,Kazhydromet-14,51.157984,71.413998,11.7,12.65,2.8,71,988.8,9.2,0.0,1,10,21
2025-10-22,Kazhydromet-14,51.157984,71.413998,6.55,7.88,3.2,67,991.2,16.0,0.0,2,10,22
2025-10-23,Kazhydromet-14,51.157984,71.413998,5.86,6.68,4.3,59,989.1,12.6,0.0,3,10,23
2025-10-24,Kazhydromet-14,51.157984,71.413998,5.73,6.95,5.7,54,983.1,9.5,0.0,4,10,24
2025-11-10,Kazhydromet-14,51.157984,71.413998,4.71,5.59,-2.7,89,976.1,18.3,0.4,0,11,10
2025-11-11,Kazhydromet-14,51.157984,71.413998,4.11,4.87,-0.3,90,979.5,25.0,1.2,1,11,11
2025-11-12,Kazhydromet-14,51.157984,71.413998,4.82,5.32,1.2,96,975.3,18.2,4.6,2,11,12
2025-11-13,Kazhydromet-14,51.157984,71.413998,5.99,6.68,-3.7,82,988.8,10.9,0.1,3,11,13
2025-11-14,Kazhydromet-14,51.157984,71.413998,6.97,7.26,-4.3,79,992.0,8.9,0.0,4,11,14
2025-11-15,Kazhydromet-14,51.157984,71.413998,6.02,7.03,0.1,74,988.3,12.2,0.0,5,11,15
2025-11-16,Kazhydromet-14,51.157984,71.413998,4.43,4.88,-0.2,66,984.7,14.1,0.0,6,11,16
2025-11-17,Kazhydromet-14,51.157984,71.413998,6.35,8.21,1.1,83,985.3,12.2,0.0,0,11,17
2025-11-18,Kazhydromet-14,51.157984,71.413998,10.85,11.0,1.3,83,988.8,9.8,0.0,1,11,18
2025-11-19,Kazhydromet-14,51.157984,71.413998,8.61,9.63,0.5,70,983.9,10.3,0.0,2,11,19
2025-11-20,Kazhydromet-14,51.157984,71.413998,8.05,8.57,0.6,91,984.4,16.5,1.7,3,11,20
2025-11-21,Kazhydromet-14,51.157984,71.413998,8.3,8.6,1.6,95,988.2,12.4,2.5,4,11,21
2025-11-22,Kazhydromet-14,51.157984,71.413998,7.73,8.44,-3.8,82,997.3,9.4,0.0,5,11,22
2025-11-23,Kazhydromet-14,51.157984,71.413998,6.12,7.12,2.1,91,985.9,23.1,0.0,6,11,23
2025-11-24,Kazhydromet-14,51.157984,71.413998,4.75,5.62,2.2,95,983.8,15.2,5.9,0,11,24
2025-11-25,Kazhydromet-14,51.157984,71.413998,9.28,9.97,2.1,93,986.8,13.8,0.0,1,11,25
2025-11-26,Kazhydromet-14,51.157984,71.413998,9.08,9.49,2.6,83,977.5,17.9,0.0,2,11,26
2025-11-27,Kazhydromet-14,51.157984,71.413998,6.88,6.69,0.2,87,979.7,10.8,0.0,3,11,27
2025-11-28,Kazhydromet-14,51.157984,71.413998,5.91,6.89,-1.9,75,990.1,6.9,0.0,4,11,28
2025-11-29,Kazhydromet-14,51.157984,71.413998,6.33,7.13,-2.6,73,987.8,10.6,0.0,5,11,29
2025-11-30,Kazhydromet-14,51.157984,71.413998,6.72,7.95,-0.7,80,985.5,7.1,0.3,6,11,30
2025-12-01,Kazhydromet-14,51.157984,71.413998,11.26,12.04,0.4,90,987.5,9.1,0.7,0,12,1
2025-12-02,Kazhydromet-14,51.157984,71.413998,19.47,20.63,0.2,93,987.0,4.5,0.0,1,12,2
2025-12-03,Kazhydromet-14,51.157984,71.413998,7.41,8.48,-0.2,94,982.2,7.8,1.2,2,12,3
2025-12-04,Kazhydromet-14,51.157984,71.413998,5.3,6.14,-1.2,88,981.4,15.7,0.0,3,12,4
2025-12-05,Kazhydromet-14,51.157984,71.413998,5.37,6.08,-1.3,87,984.9,13.2,0.2,4,12,5
2025-12-06,Kazhydromet-14,51.157984,71.413998,2.91,3.48,-1.9,89,987.4,12.1,0.8,5,12,6
2025-12-09,Kazhydromet-14,51.157984,71.413998,3.86,3.86,-16.2,80,982.4,17.6,3.4,1,12,9
2025-12-10,Kazhydromet-14,51.157984,71.413998,7.05,7.8,-20.0,78,999.4,11.7,0.0,2,12,10
2025-12-11,Kazhydromet-14,51.157984,71.413998,9.52,10.68,-17.9,73,998.3,12.8,0.0,3,12,11
2025-12-12,Kazhydromet-14,51.157984,71.413998,5.53,5.31,-7.8,69,974.8,13.0,0.0,4,12,12
2025-12-13,Kazhydromet-14,51.157984,71.413998,4.97,5.0,-5.0,90,967.6,17.0,2.2,5,12,13
2025-12-14,Kazhydromet-14,51.157984,71.413998,5.8,7.32,-3.4,91,966.6,19.5,1.3,6,12,14
2025-12-15,Kazhydromet-14,51.157984,71.413998,3.78,4.5,-8.8,80,968.6,29.7,2.1,0,12,15
2025-12-16,Kazhydromet-14,51.157984,71.413998,4.3,5.04,-10.0,81,974.5,28.1,1.9,1,12,16
2025-12-17,Kazhydromet-14,51.157984,71.413998,4.47,5.2,-16.1,80,979.8,17.8,0.0,2,12,17
2025-12-18,Kazhydromet-14,51.157984,71.413998,4.83,5.33,-14.2,84,985.6,14.8,0.3,3,12,18
2025-12-19,Kazhydromet-14,51.157984,71.413998,5.38,5.68,-7.5,88,984.8,22.0,0.3,4,12,19
2025-12-20,Kazhydromet-14,51.157984,71.413998,7.19,7.98,-6.9,87,970.6,21.7,5.1,5,12,20
2025-12-21,Kazhydromet-14,51.157984,71.413998,6.77,7.34,-19.8,78,982.3,10.7,0.4,6,12,21
2025-12-22,Kazhydromet-14,51.157984,71.413998,4.76,5.3,-15.8,83,986.7,21.8,0.0,0,12,22
2025-12-23,Kazhydromet-14,51.157984,71.413998,5.83,6.78,-3.8,88,983.4,23.2,0.3,1,12,23
2025-12-24,Kazhydromet-14,51.157984,71.413998,4.84,5.14,-3.6,90,978.3,23.0,2.3,2,12,24
2025-12-25,Kazhydromet-14,51.157984,71.413998,4.28,5.23,-5.8,86,972.7,23.2,1.3,3,12,25
2025-12-26,Kazhydromet-14,51.157984,71.413998,4.4,4.19,-20.3,78,974.9,16.6,0.3,4,12,26
2025-12-27,Kazhydromet-14,51.157984,71.413998,5.5,5.35,-23.6,78,982.9,13.8,0.0,5,12,27
2025-12-28,Kazhydromet-14,51.157984,71.413998,8.91,9.19,-19.7,79,979.2,11.6,0.0,6,12,28
2025-12-29,Kazhydromet-14,51.157984,71.413998,8.92,9.61,-8.2,80,969.3,16.3,0.0,0,12,29
2025-12-30,Kazhydromet-14,51.157984,71.413998,5.56,7.01,0.1,91,962.5,19.5,8.4,1,12,30
2025-12-31,Kazhydromet-14,51.157984,71.413998,9.86,10.73,-6.1,91,968.9,15.1,4.4,2,12,31
2026-01-01,Kazhydromet-14,51.157984,71.413998,7.74,8.47,-10.8,86,985.1,15.2,0.0,3,1,1
2026-01-02,Kazhydromet-14,51.157984,71.413998,12.49,13.88,-10.2,88,984.4,8.4,0.0,4,1,2
2026-01-03,Kazhydromet-14,51.157984,71.413998,10.16,11.06,-3.8,92,979.8,8.8,0.0,5,1,3
2026-01-04,Kazhydromet-14,51.157984,71.413998,13.36,15.63,-6.5,91,983.4,11.1,5.7,6,1,4
2026-01-05,Kazhydromet-14,51.157984,71.413998,4.65,5.37,-10.3,85,991.0,19.7,0.6,0,1,5
2026-01-06,Kazhydromet-14,51.157984,71.413998,4.04,4.76,-6.6,83,984.8,29.7,1.9,1,1,6
2026-01-07,Kazhydromet-14,51.157984,71.413998,10.53,11.04,-11.5,87,991.4,18.6,0.0,2,1,7
2026-01-08,Kazhydromet-14,51.157984,71.413998,9.67,10.4,-16.6,83,996.4,9.0,0.0,3,1,8
2026-01-09,Kazhydromet-14,51.157984,71.413998,9.36,10.17,-11.8,76,988.2,12.6,0.0,4,1,9
2026-01-10,Kazhydromet-14,51.157984,71.413998,6.61,7.32,-10.2,76,976.8,15.3,0.0,5,1,10
2026-01-11,Kazhydromet-14,51.157984,71.413998,9.77,11.09,-6.5,83,970.8,12.7,0.2,6,1,11
2026-01-12,Kazhydromet-14,51.157984,71.413998,10.34,10.98,-5.2,90,971.7,24.8,7.6,0,1,12
2026-01-13,Kazhydromet-14,51.157984,71.413998,16.86,17.03,-16.9,83,990.9,10.1,0.0,1,1,13
2026-01-14,Kazhydromet-14,51.157984,71.413998,11.94,11.79,-23.6,75,996.2,22.3,0.0,2,1,14
2026-01-15,Kazhydromet-14,51.157984,71.413998,13.05,15.15,-23.1,74,999.5,20.0,0.0,3,1,15
2026-01-16,Kazhydromet-14,51.157984,71.413998,14.08,14.92,-25.6,75,1001.1,19.7,0.0,4,1,16
2026-01-17,Kazhydromet-14,51.157984,71.413998,28.01,28.42,-27.2,73,1003.9,9.3,0.0,5,1,17
2026-01-18,Kazhydromet-14,51.157984,71.413998,13.65,14.02,-25.3,71,996.6,8.7,0.0,6,1,18
2026-01-19,Kazhydromet-14,51.157984,71.413998,5.05,5.01,-19.1,70,987.0,16.5,0.1,0,1,19
2026-01-20,Kazhydromet-14,51.157984,71.413998,3.77,4.01,-15.9,76,982.1,15.6,0.6,1,1,20
2026-01-21,Kazhydromet-14,51.157984,71.413998,4.99,5.65,-13.9,83,983.7,7.6,0.6,2,1,21
2026-01-22,Kazhydromet-14,51.157984,71.413998,27.14,28.39,-18.4,81,983.5,10.2,0.0,3,1,22
2026-01-23,Kazhydromet-14,51.157984,71.413998,28.6,29.58,-24.6,76,983.4,11.1,0.0,4,1,23
2026-01-24,Kazhydromet-14,51.157984,71.413998,14.52,14.92,-21.8,79,983.5,7.0,0.4,5,1,24
2026-01-25,Kazhydromet-14,51.157984,71.413998,25.91,26.47,-17.2,82,981.5,9.9,0.5,6,1,25
2026-01-26,Kazhydromet-14,51.157984,71.413998,77.37,79.83,-17.8,81,982.6,5.9,0.2,0,1,26
2026-01-27,Kazhydromet-14,51.157984,71.413998,43.91,44.85,-21.6,79,986.1,10.2,0.0,1,1,27
2026-01-28,Kazhydromet-14,51.157984,71.413998,38.97,40.32,-22.6,79,986.9,9.8,0.0,2,1,28
2026-01-29,Kazhydromet-14,51.157984,71.413998,12.66,13.24,-18.4,81,992.8,13.9,0.0,3,1,29
2026-01-30,Kazhydromet-14,51.157984,71.413998,18.41,19.72,-18.0,78,989.5,10.6,0.0,4,1,30
2026-01-31,Kazhydromet-14,51.157984,71.413998,23.39,24.38,-17.3,73,981.8,5.6,0.0,5,1,31
2026-02-01,Kazhydromet-14,51.157984,71.413998,28.16,29.4,-13.5,83,981.2,8.3,0.0,6,2,1
2026-02-02,Kazhydromet-14,51.157984,71.413998,26.39,27.54,-13.1,84,978.7,15.4,3.3,0,2,2
2026-02-03,Kazhydromet-14,51.157984,71.413998,14.4,14.97,-15.7,82,983.2,14.2,0.2,1,2,3
2026-02-04,Kazhydromet-14,51.157984,71.413998,13.27,14.04,-13.4,84,984.5,13.5,0.0,2,2,4
2026-02-05,Kazhydromet-14,51.157984,71.413998,7.09,7.97,-3.8,84,972.4,18.1,2.3,3,2,5
2026-02-06,Kazhydromet-14,51.157984,71.413998,8.68,9.36,-5.4,92,969.7,15.1,18.3,4,2,6
2026-02-07,Kazhydromet-14,51.157984,71.413998,6.98,7.68,-14.9,83,985.6,13.7,0.2,5,2,7
2026-02-10,Kazhydromet-14,51.157984,71.413998,4.63,5.97,-0.5,93,956.7,23.2,4.7,1,2,10
2026-02-11,Kazhydromet-14,51.157984,71.413998,3.61,4.0,-13.7,79,968.1,29.2,1.6,2,2,11
2026-02-12,Kazhydromet-14,51.157984,71.413998,5.85,6.49,-21.1,81,987.3,11.4,0.0,3,2,12
2026-02-13,Kazhydromet-14,51.157984,71.413998,12.34,12.74,-21.2,76,986.6,8.6,0.0,4,2,13
2026-02-14,Kazhydromet-14,51.157984,71.413998,21.08,22.43,-19.3,72,984.8,8.7,0.0,5,2,14
2026-02-15,Kazhydromet-14,51.157984,71.413998,17.8,18.72,-15.3,76,982.8,9.5,0.0,6,2,15
2026-02-16,Kazhydromet-14,51.157984,71.413998,5.72,6.1,-4.2,89,974.7,19.3,0.2,0,2,16
2026-02-17,Kazhydromet-14,51.157984,71.413998,6.05,6.56,-1.7,94,976.9,21.6,0.0,1,2,17
2026-02-18,Kazhydromet-14,51.157984,71.413998,4.78,5.93,-0.3,93,970.5,23.7,2.0,2,2,18
2026-02-19,Kazhydromet-14,51.157984,71.413998,10.45,11.22,-11.7,84,980.2,16.5,0.0,3,2,19
2026-02-20,Kazhydromet-14,51.157984,71.413998,6.99,7.58,-16.4,80,991.6,11.2,0.0,4,2,20
2026-02-21,Kazhydromet-14,51.157984,71.413998,4.01,4.63,-8.9,78,979.2,20.9,3.5,5,2,21
2026-02-22,Kazhydromet-14,51.157984,71.413998,5.13,5.35,-7.0,87,974.3,20.4,3.1,6,2,22
2026-02-23,Kazhydromet-14,51.157984,71.413998,6.8,7.64,-16.0,79,973.4,20.2,2.1,0,2,23
2026-02-24,Kazhydromet-14,51.157984,71.413998,31.5,32.86,-24.0,81,992.2,2.5,0.0,1,2,24
2026-02-25,Kazhydromet-14,51.157984,71.413998,19.61,21.12,-20.4,72,992.6,10.1,0.0,2,2,25
2026-02-26,Kazhydromet-14,51.157984,71.413998,14.62,15.8,-23.5,74,990.6,17.7,0.0,3,2,26
2026-02-27,Kazhydromet-14,51.157984,71.413998,26.24,27.68,-27.9,75,992.1,7.5,0.0,4,2,27
2026-02-28,Kazhydromet-14,51.157984,71.413998,13.82,14.92,-26.9,78,989.7,5.8,0.0,5,2,28
2026-03-01,Kazhydromet-14,51.157984,71.413998,13.05,13.89,-22.8,75,988.9,9.3,0.0,6,3,1
2026-03-02,Kazhydromet-14,51.157984,71.413998,3.76,4.05,-11.8,84,981.0,20.4,1.3,0,3,2
2026-03-03,Kazhydromet-14,51.157984,71.413998,6.72,7.31,-5.5,89,979.5,18.3,1.4,1,3,3
