date,PM2.5,PM10,station_name,latitude,longitude,temperature,humidity,pressure,wind_speed,precipitation,dayofweek,month,day,synthetic_pm25,synthetic_pm10,day_of_week
2025-03-17,3.16,7.13,Kazhydromet-14,51.157984,71.413998,0.5,79,978.6,24.5,0.0,0,3,17,3.89,10.31,0
2025-03-18,3.0,6.34,Kazhydromet-14,51.157984,71.413998,2.9,82,979.4,22.0,0.0,1,3,18,4.61,10.97,1
2025-03-19,2.98,7.38,Kazhydromet-14,51.157984,71.413998,2.6,77,978.1,20.0,0.0,2,3,19,3.88,10.66,2
2025-03-20,2.27,7.2,Kazhydromet-14,51.157984,71.413998,2.8,77,972.4,20.5,0.0,3,3,20,3.17,9.69,3
2025-03-21,3.33,9.47,Kazhydromet-14,51.157984,71.413998,0.5,90,974.9,13.1,3.6,4,3,21,4.3,13.45,4
2025-03-22,4.7,11.77,Kazhydromet-14,51.157984,71.413998,-3.4,83,986.1,7.5,0.0,5,3,22,5.81,18.31,5
2025-03-23,4.7,11.77,Kazhydromet-14,51.157984,71.413998,-4.0,88,981.1,11.9,0.0,6,3,23,7.56,17.02,6
2025-03-24,4.7,11.77,Kazhydromet-14,51.157984,71.413998,-5.2,77,980.6,18.8,0.5,0,3,24,7.21,17.34,0
2025-03-25,4.7,11.77,Kazhydromet-14,51.157984,71.413998,-7.8,78,993.3,8.8,0.0,1,3,25,4.94,17.17,1
2025-03-26,4.7,11.77,Kazhydromet-14,51.157984,71.413998,-5.9,85,995.9,5.1,0.0,2,3,26,6.73,17.92,2
2025-03-27,4.7,11.77,Kazhydromet-14,51.157984,71.413998,-2.1,78,991.3,15.1,0.0,3,3,27,5.67,17.43,3
2025-03-28,3.41,14.34,Kazhydromet-14,51.157984,71.413998,-0.4,72,988.2,16.0,0.0,4,3,28,5.21,21.09,4
2025-03-29,3.41,14.34,Kazhydromet-14,51.157984,71.413998,1.0,77,987.9,11.5,0.0,5,3,29,4.4,19.8,5
2025-03-30,3.41,14.34,Kazhydromet-14,51.157984,71.413998,0.9,73,988.3,4.4,0.0,6,3,30,4.36,18.54,6
2025-03-31,3.41,13.1,Kazhydromet-14,51.157984,71.413998,2.6,75,985.3,10.0,1.5,0,3,31,4.64,21.01,0
2025-04-01,2.56,14.32,Kazhydromet-14,51.157984,71.413998,3.5,86,981.1,13.6,0.1,1,4,1,3.86,17.49,1
2025-04-02,2.64,13.75,Kazhydromet-14,51.157984,71.413998,4.1,72,983.1,4.2,0.0,2,4,2,3.03,20.35,2
2025-04-03,2.2,8.68,Kazhydromet-14,51.157984,71.413998,7.7,60,972.9,20.5,0.0,3,4,3,2.59,10.04,3
2025-04-04,2.31,7.81,Kazhydromet-14,51.157984,71.413998,7.2,79,957.7,22.4,7.2,4,4,4,3.06,10.64,4
2025-04-05,1.78,5.32,Kazhydromet-14,51.157984,71.413998,4.8,67,973.1,17.6,0.0,5,4,5,1.95,7.58,5
2025-04-06,2.82,8.14,Kazhydromet-14,51.157984,71.413998,9.0,67,974.6,14.3,0.0,6,4,6,4.25,9.78,6
2025-04-07,1.63,6.45,Kazhydromet-14,51.157984,71.413998,8.9,72,970.0,14.1,0.3,0,4,7,2.21,8.8,0
2025-04-08,2.4,10.84,Kazhydromet-14,51.157984,71.413998,12.3,73,968.7,11.8,1.5,1,4,8,2.81,13.34,1
2025-04-09,2.54,13.87,Kazhydromet-14,51.157984,71.413998,10.7,75,979.3,6.2,0.6,2,4,9,3.86,20.92,2
2025-04-10,1.88,8.02,Kazhydromet-14,51.157984,71.413998,13.6,63,978.8,14.6,0.0,3,4,10,2.89,10.45,3
2025-04-11,1.5,5.25,Kazhydromet-14,51.157984,71.413998,15.8,48,973.4,19.6,0.0,4,4,11,2.13,7.95,4
2025-04-12,1.63,6.25,Kazhydromet-14,51.157984,71.413998,15.7,54,968.5,18.5,0.0,5,4,12,1.55,7.5,5
2025-04-13,2.06,7.43,Kazhydromet-14,51.157984,71.413998,6.5,85,973.0,16.7,15.2,6,4,13,2.71,10.46,6
2025-04-14,2.9,12.82,Kazhydromet-14,51.157984,71.413998,8.2,70,978.5,8.9,6.9,0,4,14,4.14,15.27,0
2025-04-15,1.67,8.68,Kazhydromet-14,51.157984,71.413998,8.2,77,978.7,9.6,2.4,1,4,15,2.0,13.93,1
2025-04-16,1.65,5.49,Kazhydromet-14,51.157984,71.413998,7.4,62,980.4,14.4,0.0,2,4,16,2.16,6.82,2
2025-04-17,1.96,6.46,Kazhydromet-14,51.157984,71.413998,5.1,56,974.0,21.9,0.5,3,4,17,2.53,8.34,3
2025-04-18,1.19,6.77,Kazhydromet-14,51.157984,71.413998,1.7,56,976.5,17.1,1.1,4,4,18,1.21,8.43,4
2025-04-19,1.44,5.03,Kazhydromet-14,51.157984,71.413998,-0.1,48,980.9,7.8,0.0,5,4,19,1.85,6.09,5
2025-04-20,1.56,8.31,Kazhydromet-14,51.157984,71.413998,12.3,54,974.9,22.9,0.0,6,4,20,1.26,9.29,6
2025-04-21,1.12,9.11,Kazhydromet-14,51.157984,71.413998,14.5,67,978.0,14.6,0.3,0,4,21,1.25,11.66,0
2025-04-22,1.1,8.05,Kazhydromet-14,51.157984,71.413998,14.8,70,980.6,10.4,0.0,1,4,22,1.27,10.58,1
2025-04-23,1.52,8.16,Kazhydromet-14,51.157984,71.413998,15.5,59,977.9,13.1,0.1,2,4,23,1.49,8.25,2
2025-04-24,2.0,5.92,Kazhydromet-14,51.157984,71.413998,11.4,65,982.2,15.0,0.0,3,4,24,2.99,7.64,3
2025-04-25,1.69,6.65,Kazhydromet-14,51.157984,71.413998,14.9,60,977.8,11.0,0.0,4,4,25,1.69,7.13,4
2025-04-26,1.78,6.98,Kazhydromet-14,51.157984,71.413998,17.5,48,971.2,18.6,0.0,5,4,26,1.96,9.96,5
2025-04-27,1.74,6.05,Kazhydromet-14,51.157984,71.413998,17.0,69,965.3,11.2,4.2,6,4,27,2.16,5.79,6
2025-04-28,0.74,0.48,Kazhydromet-14,51.157984,71.413998,17.7,67,967.8,17.7,1.0,0,4,28,1.01,0.52,0
2025-04-29,1.09,13.59,Kazhydromet-14,51.157984,71.413998,8.9,47,973.6,27.2,0.0,1,4,29,1.17,16.89,1
2025-04-30,1.12,24.11,Kazhydromet-14,51.157984,71.413998,5.9,55,986.4,9.6,0.0,2,4,30,1.53,36.0,2
2025-05-02,5.69,6.74,Kazhydromet-14,51.157984,71.413998,11.4,53,981.4,12.5,0.3,4,5,2,7.12,8.55,4
2025-05-03,3.78,4.8,Kazhydromet-14,51.157984,71.413998,11.5,55,984.9,10.8,0.0,5,5,3,3.97,5.72,5
2025-05-04,4.5,5.55,Kazhydromet-14,51.157984,71.413998,16.0,46,970.5,19.9,0.0,6,5,4,5.84,8.28,6
2025-05-05,4.86,5.88,Kazhydromet-14,51.157984,71.413998,14.1,53,975.3,12.4,0.0,0,5,5,6.13,6.07,0
2025-05-06,4.26,5.51,Kazhydromet-14,51.157984,71.413998,17.0,55,977.7,8.7,0.0,1,5,6,4.63,4.69,1
2025-05-07,4.28,5.55,Kazhydromet-14,51.157984,71.413998,18.4,54,972.1,6.9,0.0,2,5,7,5.59,6.99,2
2025-05-08,4.43,5.53,Kazhydromet-14,51.157984,71.413998,20.8,46,967.7,11.9,0.1,3,5,8,5.35,6.69,3
2025-05-09,3.35,4.34,Kazhydromet-14,51.157984,71.413998,19.7,56,964.1,13.9,0.8,4,5,9,4.38,4.33,4
2025-05-10,4.62,5.68,Kazhydromet-14,51.157984,71.413998,17.7,65,968.8,20.0,4.0,5,5,10,6.39,7.21,5
2025-05-11,2.49,3.0,Kazhydromet-14,51.157984,71.413998,14.1,75,975.7,13.1,0.7,6,5,11,4.03,4.13,6
2025-05-12,2.41,3.19,Kazhydromet-14,51.157984,71.413998,16.6,68,978.6,9.5,0.0,0,5,12,2.66,3.41,0
2025-05-13,3.04,3.91,Kazhydromet-14,51.157984,71.413998,20.9,54,973.4,12.9,0.0,1,5,13,4.51,3.85,1
2025-05-14,4.08,5.05,Kazhydromet-14,51.157984,71.413998,22.3,54,971.2,10.0,0.1,2,5,14,3.62,6.91,2
2025-05-15,3.93,6.22,Kazhydromet-14,51.157984,71.413998,24.6,50,973.3,10.4,0.0,3,5,15,4.46,8.15,3
2025-05-16,4.8,7.01,Kazhydromet-14,51.157984,71.413998,26.1,45,972.1,10.9,0.0,4,5,16,6.18,8.9,4
2025-05-17,4.86,6.32,Kazhydromet-14,51.157984,71.413998,24.4,43,964.3,16.5,0.4,5,5,17,6.08,9.79,5
2025-05-18,3.9,4.71,Kazhydromet-14,51.157984,71.413998,12.9,89,963.6,22.0,31.5,6,5,18,4.81,5.76,6
2025-05-19,2.52,2.94,Kazhydromet-14,51.157984,71.413998,13.8,57,978.7,11.4,0.0,0,5,19,3.13,2.82,0
2025-05-20,3.55,4.72,Kazhydromet-14,51.157984,71.413998,16.1,55,978.2,13.2,0.0,1,5,20,4.01,5.21,1
2025-05-21,3.11,4.43,Kazhydromet-14,51.157984,71.413998,18.6,51,973.7,15.2,0.0,2,5,21,3.43,5.46,2
2025-05-22,3.5,5.37,Kazhydromet-14,51.157984,71.413998,18.1,60,970.0,14.1,1.5,3,5,22,4.76,6.59,3
2025-05-23,2.48,3.28,Kazhydromet-14,51.157984,71.413998,15.5,67,964.6,25.2,1.0,4,5,23,3.04,3.96,4
2025-05-24,2.68,4.15,Kazhydromet-14,51.157984,71.413998,12.8,65,971.9,14.0,0.2,5,5,24,3.13,5.25,5
2025-05-25,3.37,4.97,Kazhydromet-14,51.157984,71.413998,10.6,65,972.7,6.9,0.9,6,5,25,4.37,5.19,6
2025-05-26,2.91,3.93,Kazhydromet-14,51.157984,71.413998,10.9,61,978.6,14.2,0.6,0,5,26,3.91,5.63,0
2025-05-27,2.75,3.92,Kazhydromet-14,51.157984,71.413998,12.6,58,983.8,10.3,0.0,1,5,27,3.82,4.63,1
2025-05-28,3.33,4.32,Kazhydromet-14,51.157984,71.413998,17.6,55,978.5,16.8,0.5,2,5,28,4.24,6.31,2
2025-05-29,3.42,5.17,Kazhydromet-14,51.157984,71.413998,16.3,66,980.6,6.3,0.2,3,5,29,3.51,6.8,3
2025-05-30,5.43,6.43,Kazhydromet-14,51.157984,71.413998,19.3,59,977.9,11.8,0.0,4,5,30,6.45,7.97,4
2025-05-31,5.92,7.74,Kazhydromet-14,51.157984,71.413998,20.7,56,979.0,6.4,0.2,5,5,31,8.1,10.57,5
2025-06-01,3.62,4.76,Kazhydromet-14,51.157984,71.413998,20.4,54,977.6,6.8,0.9,6,6,1,4.89,6.14,6
2025-06-02,4.23,5.94,Kazhydromet-14,51.157984,71.413998,21.5,53,973.3,4.1,0.0,0,6,2,5.34,8.2,0
2025-06-03,4.32,5.69,Kazhydromet-14,51.157984,71.413998,23.7,43,968.5,10.6,0.1,1,6,3,5.09,8.36,1
2025-06-04,3.74,5.05,Kazhydromet-14,51.157984,71.413998,21.7,57,964.8,12.5,3.1,2,6,4,5.22,6.28,2
2025-06-05,4.72,5.75,Kazhydromet-14,51.157984,71.413998,19.8,50,967.5,13.0,0.0,3,6,5,5.09,7.24,3
2025-06-06,4.8,6.39,Kazhydromet-14,51.157984,71.413998,23.0,51,971.6,7.6,0.0,4,6,6,6.54,7.52,4
2025-06-07,4.83,6.97,Kazhydromet-14,51.157984,71.413998,20.8,63,970.1,14.6,3.1,5,6,7,5.86,10.09,5
2025-06-08,3.13,3.98,Kazhydromet-14,51.157984,71.413998,15.0,85,973.2,17.2,17.2,6,6,8,4.26,5.3,6
2025-06-09,3.53,4.63,Kazhydromet-14,51.157984,71.413998,15.8,65,978.8,15.1,0.0,0,6,9,4.67,6.75,0
2025-06-10,3.32,4.48,Kazhydromet-14,51.157984,71.413998,18.0,60,977.4,17.0,0.0,1,6,10,4.38,5.22,1
2025-06-11,2.77,4.2,Kazhydromet-14,51.157984,71.413998,22.5,56,974.8,13.1,0.0,2,6,11,3.66,4.45,2
2025-06-12,2.83,4.01,Kazhydromet-14,51.157984,71.413998,22.2,61,974.9,8.8,0.0,3,6,12,4.12,5.28,3
2025-06-13,2.22,2.09,Kazhydromet-14,51.157984,71.413998,22.4,65,973.6,9.1,2.6,4,6,13,2.77,2.35,4
2025-06-14,2.08,2.13,Kazhydromet-14,51.157984,71.413998,22.1,65,970.6,7.1,0.2,5,6,14,2.88,2.77,5
2025-06-15,1.15,1.46,Kazhydromet-14,51.157984,71.413998,22.5,67,969.7,10.0,0.5,6,6,15,1.35,1.6,6
2025-06-16,2.44,2.48,Kazhydromet-14,51.157984,71.413998,23.9,57,970.6,7.6,0.0,0,6,16,2.97,2.69,0
2025-06-17,1.96,1.58,Kazhydromet-14,51.157984,71.413998,26.0,49,967.6,10.3,0.0,1,6,17,2.43,1.59,1
2025-06-18,1.46,1.72,Kazhydromet-14,51.157984,71.413998,27.0,41,963.7,13.7,1.1,2,6,18,1.87,1.89,2
2025-06-19,1.91,1.67,Kazhydromet-14,51.157984,71.413998,24.0,49,961.0,11.6,0.8,3,6,19,2.53,1.46,3
2025-06-20,1.38,1.59,Kazhydromet-14,51.157984,71.413998,20.3,59,963.0,18.4,1.0,4,6,20,1.58,1.52,4
2025-06-21,1.39,1.64,Kazhydromet-14,51.157984,71.413998,19.4,60,965.6,25.0,4.9,5,6,21,2.14,2.21,5
2025-06-22,1.95,1.67,Kazhydromet-14,51.157984,71.413998,21.5,51,966.5,18.8,0.0,6,6,22,2.1,2.28,6
2025-06-23,1.94,1.85,Kazhydromet-14,51.157984,71.413998,16.8,69,964.4,11.1,12.0,0,6,23,2.0,2.48,0
2025-06-24,1.81,1.75,Kazhydromet-14,51.157984,71.413998,17.3,69,967.3,10.9,0.2,1,6,24,2.4,1.81,1
2025-06-25,1.08,1.29,Kazhydromet-14,51.157984,71.413998,16.3,62,969.4,16.6,0.6,2,6,25,1.39,1.48,2
2025-06-26,1.61,1.53,Kazhydromet-14,51.157984,71.413998,15.0,77,968.3,17.8,8.3,3,6,26,2.3,1.98,3
2025-06-27,1.61,1.33,Kazhydromet-14,51.157984,71.413998,17.3,70,969.2,10.9,1.0,4,6,27,2.16,1.48,4
2025-06-28,2.0,2.02,Kazhydromet-14,51.157984,71.413998,19.8,65,963.6,10.7,1.6,5,6,28,2.39,3.04,5
2025-06-29,2.4,2.14,Kazhydromet-14,51.157984,71.413998,17.2,78,958.0,9.5,7.4,6,6,29,3.09,3.19,6
2025-06-30,2.08,2.91,Kazhydromet-14,51.157984,71.413998,17.8,75,959.0,9.1,0.2,0,6,30,2.93,3.98,0
2025-07-01,1.82,2.64,Kazhydromet-14,51.157984,71.413998,20.8,65,966.2,8.1,0.0,1,7,1,1.98,3.31,1
2025-07-02,3.1,3.84,Kazhydromet-14,51.157984,71.413998,22.8,66,971.5,3.7,0.0,2,7,2,4.21,4.64,2
2025-07-03,2.44,3.28,Kazhydromet-14,51.157984,71.413998,24.7,61,972.1,6.3,0.0,3,7,3,3.03,3.22,3
2025-07-04,2.98,3.73,Kazhydromet-14,51.157984,71.413998,24.0,59,965.0,14.6,2.8,4,7,4,3.16,4.39,4
2025-07-05,2.91,4.01,Kazhydromet-14,51.157984,71.413998,18.5,77,962.2,14.0,9.9,5,7,5,3.74,5.0,5
2025-07-06,3.43,5.05,Kazhydromet-14,51.157984,71.413998,20.4,64,966.1,14.0,0.0,6,7,6,4.31,5.44,6
2025-07-07,3.27,4.59,Kazhydromet-14,51.157984,71.413998,19.8,70,966.4,12.1,4.0,0,7,7,3.56,5.12,0
2025-07-08,2.06,2.94,Kazhydromet-14,51.157984,71.413998,18.3,61,971.8,9.6,0.0,1,7,8,2.4,4.25,1
2025-07-09,2.06,2.81,Kazhydromet-14,51.157984,71.413998,19.2,54,972.4,12.0,0.0,2,7,9,2.69,3.81,2
2025-07-10,2.12,2.96,Kazhydromet-14,51.157984,71.413998,19.8,61,972.0,7.6,0.1,3,7,10,2.72,3.19,3
2025-07-11,2.84,3.94,Kazhydromet-14,51.157984,71.413998,21.3,66,971.0,10.7,2.0,4,7,11,3.42,5.23,4
2025-07-12,2.94,4.09,Kazhydromet-14,51.157984,71.413998,19.7,57,971.3,14.1,0.0,5,7,12,3.53,5.71,5
2025-07-13,2.92,3.07,Kazhydromet-14,51.157984,71.413998,18.3,60,969.8,10.3,0.0,6,7,13,3.54,4.14,6
2025-07-14,1.78,2.72,Kazhydromet-14,51.157984,71.413998,17.3,67,968.0,10.1,0.1,0,7,14,1.9,3.27,0
2025-07-15,1.97,2.63,Kazhydromet-14,51.157984,71.413998,18.0,72,967.6,5.8,0.4,1,7,15,2.39,3.39,1
2025-07-16,2.46,3.59,Kazhydromet-14,51.157984,71.413998,21.1,60,967.4,5.0,0.0,2,7,16,2.86,4.89,2
2025-07-17,3.66,5.36,Kazhydromet-14,51.157984,71.413998,23.4,52,966.6,9.0,0.0,3,7,17,4.58,6.72,3
2025-07-18,3.71,5.33,Kazhydromet-14,51.157984,71.413998,23.9,55,966.7,9.6,0.3,4,7,18,4.62,7.3,4
2025-07-19,3.41,4.47,Kazhydromet-14,51.157984,71.413998,19.0,64,968.0,15.4,0.1,5,7,19,4.73,5.89,5
2025-07-20,2.56,3.49,Kazhydromet-14,51.157984,71.413998,18.2,59,976.9,5.7,0.0,6,7,20,3.36,4.91,6
2025-07-21,2.27,2.95,Kazhydromet-14,51.157984,71.413998,20.9,54,976.6,8.2,0.0,0,7,21,2.7,3.57,0
2025-07-22,1.84,2.69,Kazhydromet-14,51.157984,71.413998,22.7,49,975.8,9.5,0.0,1,7,22,2.34,3.92,1
2025-07-23,2.06,3.2,Kazhydromet-14,51.157984,71.413998,23.9,43,968.6,8.8,1.0,2,7,23,2.33,3.88,2
2025-07-24,2.6,3.49,Kazhydromet-14,51.157984,71.413998,22.7,46,962.7,13.1,0.0,3,7,24,2.99,5.12,3
2025-07-25,1.97,2.68,Kazhydromet-14,51.157984,71.413998,22.1,50,958.5,11.4,0.8,4,7,25,2.33,2.91,4
2025-07-26,2.74,3.73,Kazhydromet-14,51.157984,71.413998,21.7,74,958.3,10.2,6.5,5,7,26,3.78,6.3,5
2025-07-27,3.0,3.53,Kazhydromet-14,51.157984,71.413998,20.6,75,958.1,14.1,2.3,6,7,27,3.5,4.67,6
2025-07-28,3.34,4.28,Kazhydromet-14,51.157984,71.413998,21.5,61,962.5,12.6,0.0,0,7,28,4.16,4.82,0
2025-07-29,3.09,3.31,Kazhydromet-14,51.157984,71.413998,19.5,71,961.4,11.1,9.2,1,7,29,4.96,4.27,1
2025-07-30,3.41,4.45,Kazhydromet-14,51.157984,71.413998,17.8,75,960.3,7.6,5.5,2,7,30,4.89,5.92,2
2025-07-31,1.97,2.62,Kazhydromet-14,51.157984,71.413998,18.3,77,960.9,4.7,0.6,3,7,31,2.84,3.82,3
2025-08-01,2.23,2.65,Kazhydromet-14,51.157984,71.413998,18.0,81,962.4,6.8,9.4,4,8,1,3.22,3.78,4
2025-08-02,2.64,3.62,Kazhydromet-14,51.157984,71.413998,18.5,82,966.9,11.8,4.1,5,8,2,3.63,4.41,5
2025-08-03,2.16,2.99,Kazhydromet-14,51.157984,71.413998,17.0,65,974.7,13.6,0.0,6,8,3,2.67,3.75,6
2025-08-04,2.75,3.79,Kazhydromet-14,51.157984,71.413998,14.2,58,980.0,11.7,0.0,0,8,4,3.57,5.86,0
2025-08-05,2.16,2.65,Kazhydromet-14,51.157984,71.413998,16.0,58,978.1,10.5,0.0,1,8,5,2.83,4.01,1
2025-08-06,2.79,3.91,Kazhydromet-14,51.157984,71.413998,18.7,56,972.0,17.6,0.7,2,8,6,2.99,5.01,2
2025-08-07,2.24,3.07,Kazhydromet-14,51.157984,71.413998,17.3,70,970.3,8.6,4.2,3,8,7,2.75,3.66,3
2025-08-08,2.69,3.58,Kazhydromet-14,51.157984,71.413998,16.0,70,969.1,13.8,0.0,4,8,8,3.42,4.62,4
2025-08-09,1.89,2.5,Kazhydromet-14,51.157984,71.413998,15.8,62,974.3,11.9,0.0,5,8,9,2.67,3.4,5
2025-08-10,2.06,2.95,Kazhydromet-14,51.157984,71.413998,17.5,64,976.8,4.0,0.0,6,8,10,2.68,3.25,6
2025-08-11,2.2,3.15,Kazhydromet-14,51.157984,71.413998,20.1,53,973.4,10.1,0.0,0,8,11,3.44,3.63,0
2025-08-12,2.63,3.18,Kazhydromet-14,51.157984,71.413998,16.9,75,964.4,24.4,7.2,1,8,12,3.24,3.67,1
2025-08-13,2.25,3.3,Kazhydromet-14,51.157984,71.413998,18.9,65,968.4,11.9,0.0,2,8,13,2.9,4.17,2
2025-08-14,2.34,2.77,Kazhydromet-14,51.157984,71.413998,17.5,73,960.9,14.8,8.4,3,8,14,3.13,3.8,3
2025-08-15,2.67,3.07,Kazhydromet-14,51.157984,71.413998,16.9,74,961.5,14.7,0.8,4,8,15,4.62,4.23,4
2025-08-16,3.05,3.56,Kazhydromet-14,51.157984,71.413998,16.0,82,961.7,11.3,14.5,5,8,16,3.8,5.52,5
2025-08-17,2.72,3.23,Kazhydromet-14,51.157984,71.413998,16.2,75,963.3,14.9,7.0,6,8,17,3.3,4.09,6
2025-08-18,2.93,4.72,Kazhydromet-14,51.157984,71.413998,16.1,71,969.7,13.9,2.1,0,8,18,3.77,5.26,0
2025-08-19,3.16,4.42,Kazhydromet-14,51.157984,71.413998,18.2,68,972.0,8.0,1.0,1,8,19,3.09,5.35,1
2025-08-20,2.93,3.87,Kazhydromet-14,51.157984,71.413998,20.4,65,967.2,9.1,0.0,2,8,20,3.24,5.37,2
2025-08-21,2.93,3.32,Kazhydromet-14,51.157984,71.413998,19.0,60,964.4,11.5,0.1,3,8,21,3.33,5.09,3
2025-08-22,2.47,3.02,Kazhydromet-14,51.157984,71.413998,15.6,71,966.5,13.6,1.6,4,8,22,3.51,4.12,4
2025-08-23,3.04,3.8,Kazhydromet-14,51.157984,71.413998,17.9,72,970.1,12.2,1.2,5,8,23,4.33,6.15,5
2025-08-24,3.4,4.51,Kazhydromet-14,51.157984,71.413998,18.7,68,977.6,8.5,0.0,6,8,24,5.24,5.61,6
2025-08-25,2.06,2.94,Kazhydromet-14,51.157984,71.413998,18.7,56,980.8,9.5,0.0,0,8,25,2.78,3.61,0
2025-08-26,2.08,2.78,Kazhydromet-14,51.157984,71.413998,20.9,53,980.9,9.7,0.0,1,8,26,2.41,3.92,1
2025-08-27,2.95,3.24,Kazhydromet-14,51.157984,71.413998,23.0,44,979.8,8.2,0.0,2,8,27,3.28,4.16,2
2025-08-28,3.58,3.95,Kazhydromet-14,51.157984,71.413998,25.2,36,975.1,13.1,0.0,3,8,28,4.67,3.9,3
2025-08-29,2.6,3.38,Kazhydromet-14,51.157984,71.413998,20.4,50,974.7,10.6,0.1,4,8,29,2.51,4.75,4
2025-08-30,3.5,4.23,Kazhydromet-14,51.157984,71.413998,14.8,57,970.5,13.3,1.6,5,8,30,5.43,6.37,5
2025-08-31,2.75,3.51,Kazhydromet-14,51.157984,71.413998,12.6,65,975.5,17.6,0.3,6,8,31,3.78,4.2,6
2025-09-01,2.86,3.57,Kazhydromet-14,51.157984,71.413998,12.7,74,970.8,11.8,0.6,0,9,1,3.57,4.77,0
2025-09-02,2.61,2.95,Kazhydromet-14,51.157984,71.413998,12.5,69,975.3,13.2,0.2,1,9,2,2.35,3.92,1
2025-10-08,7.33,8.17,Kazhydromet-14,51.157984,71.413998,1.9,66,986.9,4.7,0.0,2,10,8,10.57,10.85,2
2025-10-09,6.09,6.97,Kazhydromet-14,51.157984,71.413998,4.7,66,985.1,8.2,0.0,3,10,9,7.52,7.63,3
2025-10-10,4.51,5.17,Kazhydromet-14,51.157984,71.413998,5.1,69,985.4,6.3,0.0,4,10,10,6.04,5.87,4
2025-10-11,4.66,5.45,Kazhydromet-14,51.157984,71.413998,2.8,73,980.9,16.3,0.0,5,10,11,5.45,7.59,5
2025-10-12,5.63,6.58,Kazhydromet-14,51.157984,71.413998,0.1,69,982.9,20.5,0.0,6,10,12,6.16,8.76,6
2025-10-13,6.36,7.28,Kazhydromet-14,51.157984,71.413998,-1.2,66,987.3,15.0,0.0,0,10,13,7.93,9.73,0
2025-10-14,6.84,7.96,Kazhydromet-14,51.157984,71.413998,-3.4,65,994.1,14.7,0.0,1,10,14,8.09,9.07,1
2025-10-15,4.84,5.49,Kazhydromet-14,51.157984,71.413998,-2.4,61,996.7,17.1,0.0,2,10,15,5.74,7.71,2
2025-10-16,4.36,5.11,Kazhydromet-14,51.157984,71.413998,0.1,51,991.6,18.1,0.0,3,10,16,5.67,4.44,3
2025-10-17,5.22,6.17,Kazhydromet-14,51.157984,71.413998,1.9,47,983.7,16.2,0.0,4,10,17,5.9,9.03,4
2025-10-18,5.76,6.32,Kazhydromet-14,51.157984,71.413998,3.1,66,979.1,16.0,0.0,5,10,18,6.62,6.07,5
2025-10-19,7.27,8.02,Kazhydromet-14,51.157984,71.413998,2.6,74,984.7,10.8,0.0,6,10,19,9.91,10.64,6
2025-10-20,12.74,14.16,Kazhydromet-14,51.157984,71.413998,2.5,68,987.2,5.1,0.0,0,10,20,15.85,15.7,0
2025-10-21,11.7,12.65,Kazhydromet-14,51.157984,71.413998,2.8,71,988.8,9.2,0.0,1,10,21,17.94,14.77,1
2025-10-22,6.55,7.88,Kazhydromet-14,51.157984,71.413998,3.2,67,991.2,16.0,0.0,2,10,22,7.29,11.41,2
2025-10-23,5.86,6.68,Kazhydromet-14,51.157984,71.413998,4.3,59,989.1,12.6,0.0,3,10,23,5.62,7.25,3
2025-10-24,5.73,6.95,Kazhydromet-14,51.157984,71.413998,5.7,54,983.1,9.5,0.0,4,10,24,8.25,8.98,4
2025-11-10,4.71,5.59,Kazhydromet-14,51.157984,71.413998,-2.7,89,976.1,18.3,0.4,0,11,10,6.92,7.48,0
2025-11-11,4.11,4.87,Kazhydromet-14,51.157984,71.413998,-0.3,90,979.5,25.0,1.2,1,11,11,5.14,6.79,1
2025-11-12,4.82,5.32,Kazhydromet-14,51.157984,71.413998,1.2,96,975.3,18.2,4.6,2,11,12,7.89,6.9,2
2025-11-13,5.99,6.68,Kazhydromet-14,51.157984,71.413998,-3.7,82,988.8,10.9,0.1,3,11,13,8.11,8.02,3
2025-11-14,6.97,7.26,Kazhydromet-14,51.157984,71.413998,-4.3,79,992.0,8.9,0.0,4,11,14,10.2,10.96,4
2025-11-15,6.02,7.03,Kazhydromet-14,51.157984,71.413998,0.1,74,988.3,12.2,0.0,5,11,15,8.94,9.38,5
2025-11-16,4.43,4.88,Kazhydromet-14,51.157984,71.413998,-0.2,66,984.7,14.1,0.0,6,11,16,7.06,4.52,6
2025-11-17,6.35,8.21,Kazhydromet-14,51.157984,71.413998,1.1,83,985.3,12.2,0.0,0,11,17,10.46,10.93,0
2025-11-18,10.85,11.0,Kazhydromet-14,51.157984,71.413998,1.3,83,988.8,9.8,0.0,1,11,18,14.3,17.27,1
2025-11-19,8.61,9.63,Kazhydromet-14,51.157984,71.413998,0.5,70,983.9,10.3,0.0,2,11,19,11.61,13.44,2
2025-11-20,8.05,8.57,Kazhydromet-14,51.157984,71.413998,0.6,91,984.4,16.5,1.7,3,11,20,12.45,11.27,3
2025-11-21,8.3,8.6,Kazhydromet-14,51.157984,71.413998,1.6,95,988.2,12.4,2.5,4,11,21,13.71,11.45,4
2025-11-22,7.73,8.44,Kazhydromet-14,51.157984,71.413998,-3.8,82,997.3,9.4,0.0,5,11,22,9.66,11.63,5
2025-11-23,6.12,7.12,Kazhydromet-14,51.157984,71.413998,2.1,91,985.9,23.1,0.0,6,11,23,9.57,12.29,6
2025-11-24,4.75,5.62,Kazhydromet-14,51.157984,71.413998,2.2,95,983.8,15.2,5.9,0,11,24,7.45,7.93,0
2025-11-25,9.28,9.97,Kazhydromet-14,51.157984,71.413998,2.1,93,986.8,13.8,0.0,1,11,25,9.58,14.13,1
2025-11-26,9.08,9.49,Kazhydromet-14,51.157984,71.413998,2.6,83,977.5,17.9,0.0,2,11,26,10.08,14.69,2
2025-11-27,6.88,6.69,Kazhydromet-14,51.157984,71.413998,0.2,87,979.7,10.8,0.0,3,11,27,7.97,8.69,3
2025-11-28,5.91,6.89,Kazhydromet-14,51.157984,71.413998,-1.9,75,990.1,6.9,0.0,4,11,28,8.05,9.75,4
2025-11-29,6.33,7.13,Kazhydromet-14,51.157984,71.413998,-2.6,73,987.8,10.6,0.0,5,11,29,8.94,9.68,5
2025-11-30,6.72,7.95,Kazhydromet-14,51.157984,71.413998,-0.7,80,985.5,7.1,0.3,6,11,30,10.62,11.19,6
2025-12-01,11.26,12.04,Kazhydromet-14,51.157984,71.413998,0.4,90,987.5,9.1,0.7,0,12,1,16.21,16.52,0
2025-12-02,19.47,20.63,Kazhydromet-14,51.157984,71.413998,0.2,93,987.0,4.5,0.0,1,12,2,29.4,31.3,1
2025-12-03,7.41,8.48,Kazhydromet-14,51.157984,71.413998,-0.2,94,982.2,7.8,1.2,2,12,3,8.14,11.87,2
2025-12-04,5.3,6.14,Kazhydromet-14,51.157984,71.413998,-1.2,88,981.4,15.7,0.0,3,12,4,5.84,9.17,3
2025-12-05,5.37,6.08,Kazhydromet-14,51.157984,71.413998,-1.3,87,984.9,13.2,0.2,4,12,5,7.62,8.09,4
2025-12-06,2.91,3.48,Kazhydromet-14,51.157984,71.413998,-1.9,89,987.4,12.1,0.8,5,12,6,4.1,4.72,5
2025-12-09,3.86,3.86,Kazhydromet-14,51.157984,71.413998,-16.2,80,982.4,17.6,3.4,1,12,9,5.16,4.17,1
2025-12-10,7.05,7.8,Kazhydromet-14,51.157984,71.413998,-20.0,78,999.4,11.7,0.0,2,12,10,7.92,11.9,2
2025-12-11,9.52,10.68,Kazhydromet-14,51.157984,71.413998,-17.9,73,998.3,12.8,0.0,3,12,11,12.95,16.04,3
2025-12-12,5.53,5.31,Kazhydromet-14,51.157984,71.413998,-7.8,69,974.8,13.0,0.0,4,12,12,5.55,7.51,4
2025-12-13,4.97,5.0,Kazhydromet-14,51.157984,71.413998,-5.0,90,967.6,17.0,2.2,5,12,13,7.44,4.42,5
2025-12-14,5.8,7.32,Kazhydromet-14,51.157984,71.413998,-3.4,91,966.6,19.5,1.3,6,12,14,8.61,12.49,6
2025-12-15,3.78,4.5,Kazhydromet-14,51.157984,71.413998,-8.8,80,968.6,29.7,2.1,0,12,15,4.72,6.13,0
2025-12-16,4.3,5.04,Kazhydromet-14,51.157984,71.413998,-10.0,81,974.5,28.1,1.9,1,12,16,5.83,7.59,1
2025-12-17,4.47,5.2,Kazhydromet-14,51.157984,71.413998,-16.1,80,979.8,17.8,0.0,2,12,17,5.32,6.23,2
2025-12-18,4.83,5.33,Kazhydromet-14,51.157984,71.413998,-14.2,84,985.6,14.8,0.3,3,12,18,6.25,7.78,3
2025-12-19,5.38,5.68,Kazhydromet-14,51.157984,71.413998,-7.5,88,984.8,22.0,0.3,4,12,19,8.22,6.75,4
2025-12-20,7.19,7.98,Kazhydromet-14,51.157984,71.413998,-6.9,87,970.6,21.7,5.1,5,12,20,8.32,9.84,5
2025-12-21,6.77,7.34,Kazhydromet-14,51.157984,71.413998,-19.8,78,982.3,10.7,0.4,6,12,21,9.38,11.78,6
2025-12-22,4.76,5.3,Kazhydromet-14,51.157984,71.413998,-15.8,83,986.7,21.8,0.0,0,12,22,6.61,6.86,0
2025-12-23,5.83,6.78,Kazhydromet-14,51.157984,71.413998,-3.8,88,983.4,23.2,0.3,1,12,23,7.36,9.39,1
2025-12-24,4.84,5.14,Kazhydromet-14,51.157984,71.413998,-3.6,90,978.3,23.0,2.3,2,12,24,6.93,8.2,2
2025-12-25,4.28,5.23,Kazhydromet-14,51.157984,71.413998,-5.8,86,972.7,23.2,1.3,3,12,25,5.39,7.55,3
2025-12-26,4.4,4.19,Kazhydromet-14,51.157984,71.413998,-20.3,78,974.9,16.6,0.3,4,12,26,5.9,5.88,4
2025-12-27,5.5,5.35,Kazhydromet-14,51.157984,71.413998,-23.6,78,982.9,13.8,0.0,5,12,27,6.44,7.77,5
2025-12-28,8.91,9.19,Kazhydromet-14,51.157984,71.413998,-19.7,79,979.2,11.6,0.0,6,12,28,14.84,15.16,6
2025-12-29,8.92,9.61,Kazhydromet-14,51.157984,71.413998,-8.2,80,969.3,16.3,0.0,0,12,29,12.02,13.84,0
2025-12-30,5.56,7.01,Kazhydromet-14,51.157984,71.413998,0.1,91,962.5,19.5,8.4,1,12,30,7.03,10.47,1
2025-12-31,9.86,10.73,Kazhydromet-14,51.157984,71.413998,-6.1,91,968.9,15.1,4.4,2,12,31,14.29,15.44,2
2026-01-01,7.74,8.47,Kazhydromet-14,51.157984,71.413998,-10.8,86,985.1,15.2,0.0,3,1,1,10.18,13.11,3
2026-01-02,12.49,13.88,Kazhydromet-14,51.157984,71.413998,-10.2,88,984.4,8.4,0.0,4,1,2,15.82,21.93,4
2026-01-03,10.16,11.06,Kazhydromet-14,51.157984,71.413998,-3.8,92,979.8,8.8,0.0,5,1,3,15.58,17.04,5
2026-01-04,13.36,15.63,Kazhydromet-14,51.157984,71.413998,-6.5,91,983.4,11.1,5.7,6,1,4,18.78,18.1,6
2026-01-05,4.65,5.37,Kazhydromet-14,51.157984,71.413998,-10.3,85,991.0,19.7,0.6,0,1,5,6.37,8.76,0
2026-01-06,4.04,4.76,Kazhydromet-14,51.157984,71.413998,-6.6,83,984.8,29.7,1.9,1,1,6,5.48,5.61,1
2026-01-07,10.53,11.04,Kazhydromet-14,51.157984,71.413998,-11.5,87,991.4,18.6,0.0,2,1,7,14.82,16.33,2
2026-01-08,9.67,10.4,Kazhydromet-14,51.157984,71.413998,-16.6,83,996.4,9.0,0.0,3,1,8,9.3,12.88,3
2026-01-09,9.36,10.17,Kazhydromet-14,51.157984,71.413998,-11.8,76,988.2,12.6,0.0,4,1,9,10.41,14.86,4
2026-01-10,6.61,7.32,Kazhydromet-14,51.157984,71.413998,-10.2,76,976.8,15.3,0.0,5,1,10,11.15,10.9,5
2026-01-11,9.77,11.09,Kazhydromet-14,51.157984,71.413998,-6.5,83,970.8,12.7,0.2,6,1,11,15.8,15.67,6
2026-01-12,10.34,10.98,Kazhydromet-14,51.157984,71.413998,-5.2,90,971.7,24.8,7.6,0,1,12,14.76,15.7,0
2026-01-13,16.86,17.03,Kazhydromet-14,51.157984,71.413998,-16.9,83,990.9,10.1,0.0,1,1,13,26.53,26.26,1
2026-01-14,11.94,11.79,Kazhydromet-14,51.157984,71.413998,-23.6,75,996.2,22.3,0.0,2,1,14,17.85,17.02,2
2026-01-15,13.05,15.15,Kazhydromet-14,51.157984,71.413998,-23.1,74,999.5,20.0,0.0,3,1,15,23.11,20.29,3
2026-01-16,14.08,14.92,Kazhydromet-14,51.157984,71.413998,-25.6,75,1001.1,19.7,0.0,4,1,16,21.59,22.03,4
2026-01-17,28.01,28.42,Kazhydromet-14,51.157984,71.413998,-27.2,73,1003.9,9.3,0.0,5,1,17,39.75,46.31,5
2026-01-18,13.65,14.02,Kazhydromet-14,51.157984,71.413998,-25.3,71,996.6,8.7,0.0,6,1,18,16.33,16.41,6
2026-01-19,5.05,5.01,Kazhydromet-14,51.157984,71.413998,-19.1,70,987.0,16.5,0.1,0,1,19,4.72,6.25,0
2026-01-20,3.77,4.01,Kazhydromet-14,51.157984,71.413998,-15.9,76,982.1,15.6,0.6,1,1,20,5.42,6.27,1
2026-01-21,4.99,5.65,Kazhydromet-14,51.157984,71.413998,-13.9,83,983.7,7.6,0.6,2,1,21,6.84,7.61,2
2026-01-22,27.14,28.39,Kazhydromet-14,51.157984,71.413998,-18.4,81,983.5,10.2,0.0,3,1,22,33.48,47.44,3
2026-01-23,28.6,29.58,Kazhydromet-14,51.157984,71.413998,-24.6,76,983.4,11.1,0.0,4,1,23,36.71,41.1,4
2026-01-24,14.52,14.92,Kazhydromet-14,51.157984,71.413998,-21.8,79,983.5,7.0,0.4,5,1,24,16.17,20.55,5
2026-01-25,25.91,26.47,Kazhydromet-14,51.157984,71.413998,-17.2,82,981.5,9.9,0.5,6,1,25,43.89,36.04,6
2026-01-26,77.37,79.83,Kazhydromet-14,51.157984,71.413998,-17.8,81,982.6,5.9,0.2,0,1,26,124.92,114.71,0
2026-01-27,43.91,44.85,Kazhydromet-14,51.157984,71.413998,-21.6,79,986.1,10.2,0.0,1,1,27,56.31,53.53,1
2026-01-28,38.97,40.32,Kazhydromet-14,51.157984,71.413998,-22.6,79,986.9,9.8,0.0,2,1,28,63.98,43.84,2
2026-01-29,12.66,13.24,Kazhydromet-14,51.157984,71.413998,-18.4,81,992.8,13.9,0.0,3,1,29,18.74,21.69,3
2026-01-30,18.41,19.72,Kazhydromet-14,51.157984,71.413998,-18.0,78,989.5,10.6,0.0,4,1,30,23.63,23.52,4
2026-01-31,23.39,24.38,Kazhydromet-14,51.157984,71.413998,-17.3,73,981.8,5.6,0.0,5,1,31,38.41,27.88,5
2026-02-01,28.16,29.4,Kazhydromet-14,51.157984,71.413998,-13.5,83,981.2,8.3,0.0,6,2,1,41.57,32.38,6
2026-02-02,26.39,27.54,Kazhydromet-14,51.157984,71.413998,-13.1,84,978.7,15.4,3.3,0,2,2,30.45,35.76,0
2026-02-03,14.4,14.97,Kazhydromet-14,51.157984,71.413998,-15.7,82,983.2,14.2,0.2,1,2,3,18.71,17.5,1
2026-02-04,13.27,14.04,Kazhydromet-14,51.157984,71.413998,-13.4,84,984.5,13.5,0.0,2,2,4,17.52,21.76,2
2026-02-05,7.09,7.97,Kazhydromet-14,51.157984,71.413998,-3.8,84,972.4,18.1,2.3,3,2,5,8.26,12.58,3
2026-02-06,8.68,9.36,Kazhydromet-14,51.157984,71.413998,-5.4,92,969.7,15.1,18.3,4,2,6,13.47,11.67,4
2026-02-07,6.98,7.68,Kazhydromet-14,51.157984,71.413998,-14.9,83,985.6,13.7,0.2,5,2,7,11.96,12.74,5
2026-02-10,4.63,5.97,Kazhydromet-14,51.157984,71.413998,-0.5,93,956.7,23.2,4.7,1,2,10,5.42,9.69,1
2026-02-11,3.61,4.0,Kazhydromet-14,51.157984,71.413998,-13.7,79,968.1,29.2,1.6,2,2,11,5.42,5.58,2
2026-02-12,5.85,6.49,Kazhydromet-14,51.157984,71.413998,-21.1,81,987.3,11.4,0.0,3,2,12,7.64,7.16,3
2026-02-13,12.34,12.74,Kazhydromet-14,51.157984,71.413998,-21.2,76,986.6,8.6,0.0,4,2,13,16.15,22.93,4
2026-02-14,21.08,22.43,Kazhydromet-14,51.157984,71.413998,-19.3,72,984.8,8.7,0.0,5,2,14,28.25,26.03,5
2026-02-15,17.8,18.72,Kazhydromet-14,51.157984,71.413998,-15.3,76,982.8,9.5,0.0,6,2,15,22.87,22.07,6
2026-02-16,5.72,6.1,Kazhydromet-14,51.157984,71.413998,-4.2,89,974.7,19.3,0.2,0,2,16,8.08,8.71,0
2026-02-17,6.05,6.56,Kazhydromet-14,51.157984,71.413998,-1.7,94,976.9,21.6,0.0,1,2,17,7.39,11.54,1
2026-02-18,4.78,5.93,Kazhydromet-14,51.157984,71.413998,-0.3,93,970.5,23.7,2.0,2,2,18,6.51,9.2,2
2026-02-19,10.45,11.22,Kazhydromet-14,51.157984,71.413998,-11.7,84,980.2,16.5,0.0,3,2,19,13.32,16.4,3
2026-02-20,6.99,7.58,Kazhydromet-14,51.157984,71.413998,-16.4,80,991.6,11.2,0.0,4,2,20,9.44,11.63,4
2026-02-21,4.01,4.63,Kazhydromet-14,51.157984,71.413998,-8.9,78,979.2,20.9,3.5,5,2,21,4.66,7.1,5
2026-02-22,5.13,5.35,Kazhydromet-14,51.157984,71.413998,-7.0,87,974.3,20.4,3.1,6,2,22,6.8,7.78,6
2026-02-23,6.8,7.64,Kazhydromet-14,51.157984,71.413998,-16.0,79,973.4,20.2,2.1,0,2,23,10.07,10.36,0
2026-02-24,31.5,32.86,Kazhydromet-14,51.157984,71.413998,-24.0,81,992.2,2.5,0.0,1,2,24,44.92,45.22,1
2026-02-25,19.61,21.12,Kazhydromet-14,51.157984,71.413998,-20.4,72,992.6,10.1,0.0,2,2,25,24.61,27.29,2
2026-02-26,14.62,15.8,Kazhydromet-14,51.157984,71.413998,-23.5,74,990.6,17.7,0.0,3,2,26,18.58,20.25,3
2026-02-27,26.24,27.68,Kazhydromet-14,51.157984,71.413998,-27.9,75,992.1,7.5,0.0,4,2,27,37.65,37.41,4
2026-02-28,13.82,14.92,Kazhydromet-14,51.157984,71.413998,-26.9,78,989.7,5.8,0.0,5,2,28,15.77,16.45,5
2026-03-01,13.05,13.89,Kazhydromet-14,51.157984,71.413998,-22.8,75,988.9,9.3,0.0,6,3,1,19.34,19.75,6
2026-03-02,3.76,4.05,Kazhydromet-14,51.157984,71.413998,-11.8,84,981.0,20.4,1.3,0,3,2,4.45,5.22,0
2026-03-03,6.72,7.31,Kazhydromet-14,51.157984,71.413998,-5.5,89,979.5,18.3,1.4,1,3,3,9.78,8.91,1
2024-12-14,1.06,1.3,Kazhydromet-9,51.155703,71.471415,-3.1,84,967.3,17.8,2.2,5,12,14,1.52,1.85,5
2024-12-17,2.0,2.74,Kazhydromet-9,51.155703,71.471415,-12.8,74,983.7,22.3,0.0,1,12,17,3.11,3.14,1
2024-12-18,1.86,2.33,Kazhydromet-9,51.155703,71.471415,-8.5,78,970.7,22.3,0.6,2,12,18,2.08,3.13,2
2024-12-19,0.96,1.09,Kazhydromet-9,51.155703,71.471415,-2.4,87,966.3,26.0,3.9,3,12,19,1.2,1.47,3
2024-12-20,3.51,3.68,Kazhydromet-9,51.155703,71.471415,-6.7,87,969.6,20.8,1.3,4,12,20,5.23,5.19,4
2024-12-21,1.4,1.61,Kazhydromet-9,51.155703,71.471415,-11.4,86,981.9,17.9,1.9,5,12,21,2.48,2.14,5
2024-12-22,1.51,1.84,Kazhydromet-9,51.155703,71.471415,-10.3,87,985.5,19.7,5.3,6,12,22,1.96,2.33,6
2024-12-23,2.22,2.12,Kazhydromet-9,51.155703,71.471415,-6.0,91,988.4,12.4,1.1,0,12,23,2.72,3.32,0
2024-12-24,2.41,2.93,Kazhydromet-9,51.155703,71.471415,-6.5,88,992.6,6.1,0.0,1,12,24,3.3,3.91,1
2024-12-25,0.77,0.93,Kazhydromet-9,51.155703,71.471415,-10.3,90,994.0,7.0,0.0,2,12,25,1.17,1.09,2
2024-12-26,1.68,1.92,Kazhydromet-9,51.155703,71.471415,-12.0,76,987.2,12.2,0.0,3,12,26,2.17,3.25,3
2024-12-27,1.04,1.55,Kazhydromet-9,51.155703,71.471415,-11.4,85,980.2,19.7,0.0,4,12,27,1.28,2.51,4
2024-12-28,0.85,1.21,Kazhydromet-9,51.155703,71.471415,-5.2,90,980.5,21.9,2.3,5,12,28,1.01,1.46,5
2024-12-29,1.29,1.52,Kazhydromet-9,51.155703,71.471415,-7.9,90,978.7,15.5,0.7,6,12,29,1.57,2.14,6
2025-01-01,1.39,1.72,Kazhydromet-9,51.155703,71.471415,-10.9,85,976.3,19.4,0.0,2,1,1,2.03,2.19,2
2025-01-02,2.54,3.08,Kazhydromet-9,51.155703,71.471415,-6.6,87,972.6,28.9,3.2,3,1,2,4.13,4.3,3
2025-01-03,3.39,3.55,Kazhydromet-9,51.155703,71.471415,-4.5,89,974.8,31.9,2.0,4,1,3,5.11,4.9,4
2025-01-04,1.26,1.39,Kazhydromet-9,51.155703,71.471415,-3.2,93,980.2,19.0,0.0,5,1,4,1.73,1.81,5
2025-01-05,0.69,0.94,Kazhydromet-9,51.155703,71.471415,-5.7,92,981.6,14.1,0.0,6,1,5,0.87,1.23,6
2025-01-06,1.55,2.48,Kazhydromet-9,51.155703,71.471415,-5.2,90,982.5,17.1,0.0,0,1,6,1.77,3.35,0
2025-01-07,1.97,2.79,Kazhydromet-9,51.155703,71.471415,-4.1,91,979.9,10.9,3.5,1,1,7,2.99,3.43,1
2025-01-08,1.5,1.84,Kazhydromet-9,51.155703,71.471415,-12.9,82,989.9,17.2,2.6,2,1,8,1.99,2.21,2
2025-01-09,2.04,1.98,Kazhydromet-9,51.155703,71.471415,-7.8,74,996.3,26.4,0.6,3,1,9,2.83,2.86,3
2025-01-10,0.85,1.37,Kazhydromet-9,51.155703,71.471415,-7.7,72,992.2,22.7,0.0,4,1,10,1.51,1.83,4
2025-01-11,1.36,1.61,Kazhydromet-9,51.155703,71.471415,-9.3,83,990.2,10.1,0.0,5,1,11,1.93,2.41,5
2025-01-12,1.14,1.35,Kazhydromet-9,51.155703,71.471415,-12.8,80,989.2,6.5,0.0,6,1,12,1.45,2.18,6
2025-01-13,0.69,0.89,Kazhydromet-9,51.155703,71.471415,-12.6,73,987.4,9.4,0.0,0,1,13,0.89,1.09,0
2025-01-14,2.74,3.19,Kazhydromet-9,51.155703,71.471415,-10.6,76,983.6,11.5,0.0,1,1,14,4.0,4.42,1
2025-01-15,2.19,2.4,Kazhydromet-9,51.155703,71.471415,-10.9,80,975.3,18.8,0.0,2,1,15,3.08,3.69,2
2025-01-16,1.01,1.77,Kazhydromet-9,51.155703,71.471415,-10.4,85,971.7,20.9,0.5,3,1,16,1.21,2.5,3
2025-01-17,1.73,1.93,Kazhydromet-9,51.155703,71.471415,-6.7,87,969.6,24.6,2.8,4,1,17,2.42,2.66,4
2025-01-18,0.93,1.3,Kazhydromet-9,51.155703,71.471415,-7.7,85,973.1,17.0,0.4,5,1,18,1.3,2.05,5
2025-01-19,1.12,1.38,Kazhydromet-9,51.155703,71.471415,-5.9,89,973.8,17.3,0.1,6,1,19,1.8,2.02,6
2025-01-20,3.72,4.32,Kazhydromet-9,51.155703,71.471415,-0.5,92,967.3,27.5,4.6,0,1,20,5.95,5.01,0
2025-01-21,1.49,2.04,Kazhydromet-9,51.155703,71.471415,-2.7,88,955.4,33.7,5.7,1,1,21,2.03,2.94,1
2025-01-22,2.11,2.54,Kazhydromet-9,51.155703,71.471415,-16.9,75,961.7,29.5,1.0,2,1,22,3.12,3.6,2
2025-01-23,1.56,1.72,Kazhydromet-9,51.155703,71.471415,-25.0,73,991.7,19.4,0.0,3,1,23,2.11,2.19,3
2025-01-28,1.66,2.69,Kazhydromet-9,51.155703,71.471415,-13.1,84,980.4,17.7,1.1,1,1,28,2.46,3.76,1
2025-01-29,1.26,1.82,Kazhydromet-9,51.155703,71.471415,-5.6,91,973.1,20.4,5.7,2,1,29,1.82,2.52,2
2025-01-30,4.69,5.34,Kazhydromet-9,51.155703,71.471415,-7.5,89,977.8,12.1,2.0,3,1,30,5.41,7.38,3
2025-01-31,2.36,2.27,Kazhydromet-9,51.155703,71.471415,-17.3,84,987.3,8.4,0.0,4,1,31,3.15,3.6,4
2025-02-01,1.02,1.59,Kazhydromet-9,51.155703,71.471415,-8.5,89,986.5,21.8,3.9,5,2,1,1.52,2.64,5
2025-02-02,1.59,1.58,Kazhydromet-9,51.155703,71.471415,-2.5,95,989.6,14.9,0.2,6,2,2,2.13,2.0,6
2025-02-03,2.47,2.57,Kazhydromet-9,51.155703,71.471415,-4.3,90,994.6,9.5,0.0,0,2,3,3.5,3.09,0
2025-02-04,2.72,2.69,Kazhydromet-9,51.155703,71.471415,-8.7,87,995.8,15.2,0.0,1,2,4,3.57,3.65,1
2025-02-05,1.86,2.12,Kazhydromet-9,51.155703,71.471415,-6.8,90,998.4,20.9,0.0,2,2,5,2.73,3.1,2
2025-02-06,0.84,1.1,Kazhydromet-9,51.155703,71.471415,-12.1,85,996.3,24.5,0.0,3,2,6,1.36,1.5,3
2025-02-07,1.87,2.52,Kazhydromet-9,51.155703,71.471415,-17.9,79,993.0,23.4,0.0,4,2,7,2.3,4.01,4
2025-02-08,2.22,3.31,Kazhydromet-9,51.155703,71.471415,-17.4,80,992.3,16.6,0.0,5,2,8,2.98,3.87,5
2025-02-09,0.63,0.93,Kazhydromet-9,51.155703,71.471415,-16.9,84,989.8,7.2,0.0,6,2,9,0.99,1.38,6
2025-02-10,1.2,1.5,Kazhydromet-9,51.155703,71.471415,-12.6,87,991.3,11.6,0.0,0,2,10,1.56,1.77,0
2025-02-11,0.98,1.47,Kazhydromet-9,51.155703,71.471415,-10.6,87,987.2,13.2,0.0,1,2,11,1.43,2.34,1
2025-02-12,3.61,4.12,Kazhydromet-9,51.155703,71.471415,-12.2,87,981.4,17.0,0.0,2,2,12,4.31,6.73,2
2025-02-13,1.65,1.96,Kazhydromet-9,51.155703,71.471415,-7.6,88,977.2,29.4,0.0,3,2,13,2.23,2.34,3
2025-02-14,2.41,2.69,Kazhydromet-9,51.155703,71.471415,-7.9,87,981.6,14.8,0.0,4,2,14,3.27,3.22,4
2025-02-15,3.95,4.59,Kazhydromet-9,51.155703,71.471415,-6.8,87,978.3,15.0,0.0,5,2,15,6.14,6.99,5
2025-02-16,1.47,1.98,Kazhydromet-9,51.155703,71.471415,-8.1,88,980.8,12.0,0.0,6,2,16,2.29,2.81,6
2025-02-17,1.5,1.72,Kazhydromet-9,51.155703,71.471415,-8.9,86,986.8,18.5,0.0,0,2,17,2.77,2.39,0
2025-02-18,1.75,2.42,Kazhydromet-9,51.155703,71.471415,-10.6,85,987.1,14.0,0.0,1,2,18,2.63,3.57,1
2025-02-19,2.21,2.4,Kazhydromet-9,51.155703,71.471415,-11.8,86,984.3,8.8,0.0,2,2,19,2.94,2.63,2
2025-02-21,1.53,1.68,Kazhydromet-9,51.155703,71.471415,-10.9,86,987.9,8.5,0.0,4,2,21,2.06,2.43,4
2025-02-22,2.0,2.57,Kazhydromet-9,51.155703,71.471415,-10.6,84,986.2,15.1,0.0,5,2,22,2.64,3.06,5
2025-02-23,1.6,2.06,Kazhydromet-9,51.155703,71.471415,-7.8,85,982.4,14.6,0.3,6,2,23,2.21,2.79,6
2025-02-24,3.74,4.3,Kazhydromet-9,51.155703,71.471415,-8.5,85,979.0,14.5,0.0,0,2,24,4.92,7.29,0
2025-02-25,1.36,1.84,Kazhydromet-9,51.155703,71.471415,-4.7,85,972.6,7.7,0.0,1,2,25,1.9,2.22,1
2025-02-26,0.84,0.92,Kazhydromet-9,51.155703,71.471415,-4.7,91,972.5,15.2,0.3,2,2,26,1.24,1.41,2
2025-02-27,1.52,2.19,Kazhydromet-9,51.155703,71.471415,-10.2,85,984.2,16.7,0.0,3,2,27,1.85,2.95,3
2025-02-28,2.02,2.02,Kazhydromet-9,51.155703,71.471415,-11.6,86,984.7,8.3,0.0,4,2,28,3.0,2.69,4
2025-03-01,2.31,2.44,Kazhydromet-9,51.155703,71.471415,-13.8,85,986.0,8.7,0.0,5,3,1,3.4,3.69,5
2025-03-02,1.64,2.04,Kazhydromet-9,51.155703,71.471415,-13.7,83,983.6,8.3,0.0,6,3,2,2.13,2.87,6
2025-03-03,1.78,2.29,Kazhydromet-9,51.155703,71.471415,-7.8,77,977.1,15.4,1.7,0,3,3,2.06,3.24,0
2025-03-04,0.68,1.13,Kazhydromet-9,51.155703,71.471415,-11.4,84,981.7,15.2,0.6,1,3,4,0.93,1.71,1
2025-03-17,1.17,1.33,Kazhydromet-9,51.155703,71.471415,0.5,79,977.1,24.5,0.0,0,3,17,1.91,1.82,0
2025-03-18,1.25,1.25,Kazhydromet-9,51.155703,71.471415,2.9,82,977.8,22.0,0.0,1,3,18,1.76,1.59,1
2025-03-19,2.13,2.21,Kazhydromet-9,51.155703,71.471415,2.6,77,976.6,20.0,0.0,2,3,19,2.45,2.72,2
2025-03-20,1.06,1.07,Kazhydromet-9,51.155703,71.471415,2.8,77,970.8,20.5,0.0,3,3,20,1.38,1.38,3
2025-03-21,1.53,1.71,Kazhydromet-9,51.155703,71.471415,0.5,90,973.3,13.1,3.6,4,3,21,2.24,3.14,4
2025-03-22,1.21,1.27,Kazhydromet-9,51.155703,71.471415,-3.4,83,984.5,7.5,0.0,5,3,22,1.84,2.12,5
2025-03-23,2.93,3.15,Kazhydromet-9,51.155703,71.471415,-4.0,88,979.5,11.9,0.0,6,3,23,3.89,3.8,6
2025-03-24,2.06,2.63,Kazhydromet-9,51.155703,71.471415,-5.2,77,979.0,18.8,0.5,0,3,24,2.74,3.32,0
2025-03-25,1.01,1.22,Kazhydromet-9,51.155703,71.471415,-7.8,78,991.7,8.8,0.0,1,3,25,1.26,1.84,1
2025-03-26,2.09,2.43,Kazhydromet-9,51.155703,71.471415,-5.9,85,994.3,5.1,0.0,2,3,26,2.56,3.33,2
2025-03-27,1.21,1.29,Kazhydromet-9,51.155703,71.471415,-2.1,78,989.7,15.1,0.0,3,3,27,1.95,1.87,3
2025-03-28,2.02,2.74,Kazhydromet-9,51.155703,71.471415,-0.4,72,986.6,16.0,0.0,4,3,28,2.75,3.71,4
2025-03-29,1.66,2.02,Kazhydromet-9,51.155703,71.471415,1.0,77,986.4,11.5,0.0,5,3,29,2.56,2.58,5
2025-03-30,0.92,1.46,Kazhydromet-9,51.155703,71.471415,0.9,73,986.7,4.4,0.0,6,3,30,1.46,2.11,6
2025-03-31,3.59,3.58,Kazhydromet-9,51.155703,71.471415,2.6,75,983.7,10.0,1.5,0,3,31,5.48,5.21,0
2025-04-01,1.32,2.04,Kazhydromet-9,51.155703,71.471415,3.5,86,979.5,13.6,0.1,1,4,1,1.8,1.93,1
2025-04-02,2.5,2.85,Kazhydromet-9,51.155703,71.471415,4.1,72,981.6,4.2,0.0,2,4,2,3.63,3.79,2
2025-04-03,1.09,1.79,Kazhydromet-9,51.155703,71.471415,7.7,60,971.4,20.5,0.0,3,4,3,1.41,2.04,3
2025-04-04,1.1,1.69,Kazhydromet-9,51.155703,71.471415,7.2,79,956.2,22.4,7.2,4,4,4,1.43,2.32,4
2025-04-05,1.04,1.37,Kazhydromet-9,51.155703,71.471415,4.8,67,971.5,17.6,0.0,5,4,5,1.3,2.19,5
2025-04-06,2.04,2.37,Kazhydromet-9,51.155703,71.471415,9.0,67,973.0,14.3,0.0,6,4,6,2.2,2.86,6
2025-04-07,3.04,3.31,Kazhydromet-9,51.155703,71.471415,8.9,72,968.5,14.1,0.3,0,4,7,4.61,4.24,0
2025-04-08,1.22,1.48,Kazhydromet-9,51.155703,71.471415,12.3,73,967.2,11.8,1.5,1,4,8,1.57,2.39,1
2025-04-09,1.48,1.98,Kazhydromet-9,51.155703,71.471415,10.7,75,977.8,6.2,0.6,2,4,9,2.2,2.78,2
2025-04-10,1.33,1.59,Kazhydromet-9,51.155703,71.471415,13.6,63,977.3,14.6,0.0,3,4,10,1.59,2.08,3
2025-04-11,1.19,1.41,Kazhydromet-9,51.155703,71.471415,15.8,48,971.9,19.6,0.0,4,4,11,1.48,1.8,4
2025-04-12,2.2,2.5,Kazhydromet-9,51.155703,71.471415,15.7,54,967.1,18.5,0.0,5,4,12,2.88,3.77,5
2025-04-13,1.75,2.29,Kazhydromet-9,51.155703,71.471415,6.5,85,971.4,16.7,15.2,6,4,13,2.37,2.87,6
2025-04-14,2.99,2.73,Kazhydromet-9,51.155703,71.471415,8.2,70,976.9,8.9,6.9,0,4,14,4.12,3.63,0
2025-04-15,0.84,1.26,Kazhydromet-9,51.155703,71.471415,8.2,77,977.2,9.6,2.4,1,4,15,1.04,1.51,1
2025-04-16,1.64,2.54,Kazhydromet-9,51.155703,71.471415,7.4,62,978.8,14.4,0.0,2,4,16,2.07,3.3,2
2025-04-17,1.24,1.09,Kazhydromet-9,51.155703,71.471415,5.1,56,972.5,21.9,0.5,3,4,17,1.9,1.11,3
2025-04-18,3.0,4.09,Kazhydromet-9,51.155703,71.471415,1.7,56,974.9,17.1,1.1,4,4,18,3.03,4.74,4
2025-04-19,1.56,2.1,Kazhydromet-9,51.155703,71.471415,-0.1,48,979.3,7.8,0.0,5,4,19,1.76,2.53,5
2025-04-20,1.37,1.69,Kazhydromet-9,51.155703,71.471415,12.3,54,973.4,22.9,0.0,6,4,20,1.71,2.22,6
2025-04-21,2.16,2.36,Kazhydromet-9,51.155703,71.471415,14.5,67,976.5,14.6,0.3,0,4,21,2.78,3.14,0
2025-04-22,0.76,0.91,Kazhydromet-9,51.155703,71.471415,14.8,70,979.1,10.4,0.0,1,4,22,0.97,0.93,1
2025-04-23,1.55,1.49,Kazhydromet-9,51.155703,71.471415,15.5,59,976.4,13.1,0.1,2,4,23,2.05,1.93,2
2025-04-24,1.79,2.59,Kazhydromet-9,51.155703,71.471415,11.4,65,980.7,15.0,0.0,3,4,24,2.24,3.09,3
2025-04-25,1.44,1.47,Kazhydromet-9,51.155703,71.471415,14.9,60,976.3,11.0,0.0,4,4,25,1.91,1.42,4
2025-04-26,0.86,1.04,Kazhydromet-9,51.155703,71.471415,17.5,48,969.7,18.6,0.0,5,4,26,1.13,1.28,5
2025-04-27,0.89,1.03,Kazhydromet-9,51.155703,71.471415,17.0,69,963.8,11.2,4.2,6,4,27,1.0,1.19,6
2025-04-28,1.22,1.21,Kazhydromet-9,51.155703,71.471415,17.7,67,966.3,17.7,1.0,0,4,28,1.54,1.9,0
2025-04-29,2.73,3.26,Kazhydromet-9,51.155703,71.471415,8.9,47,972.1,27.2,0.0,1,4,29,3.92,4.33,1
2025-04-30,1.99,2.0,Kazhydromet-9,51.155703,71.471415,5.9,55,984.8,9.6,0.0,2,4,30,2.53,2.16,2
2025-05-02,1.59,1.88,Kazhydromet-9,51.155703,71.471415,11.4,53,979.9,12.5,0.3,4,5,2,1.77,2.27,4
2025-05-03,2.96,3.85,Kazhydromet-9,51.155703,71.471415,11.5,55,983.4,10.8,0.0,5,5,3,4.05,5.35,5
2025-05-04,2.15,2.34,Kazhydromet-9,51.155703,71.471415,16.0,46,969.0,19.9,0.0,6,5,4,2.53,3.55,6
2025-05-05,1.42,1.56,Kazhydromet-9,51.155703,71.471415,14.1,53,973.8,12.4,0.0,0,5,5,1.24,1.61,0
2025-05-06,1.84,1.98,Kazhydromet-9,51.155703,71.471415,17.0,55,976.2,8.7,0.0,1,5,6,2.56,1.79,1
2025-05-07,0.96,1.26,Kazhydromet-9,51.155703,71.471415,18.4,54,970.6,6.9,0.0,2,5,7,1.12,1.91,2
2025-05-08,1.8,1.97,Kazhydromet-9,51.155703,71.471415,20.8,46,966.2,11.9,0.1,3,5,8,2.1,2.49,3
2025-05-09,2.23,2.04,Kazhydromet-9,51.155703,71.471415,19.7,56,962.7,13.9,0.8,4,5,9,2.73,2.28,4
2025-05-10,1.64,2.25,Kazhydromet-9,51.155703,71.471415,17.7,65,967.3,20.0,4.0,5,5,10,1.96,2.85,5
2025-05-11,1.72,1.72,Kazhydromet-9,51.155703,71.471415,14.1,75,974.2,13.1,0.7,6,5,11,2.59,1.55,6
2025-05-12,1.51,1.6,Kazhydromet-9,51.155703,71.471415,16.6,68,977.2,9.5,0.0,0,5,12,1.81,2.06,0
2025-05-13,1.66,1.71,Kazhydromet-9,51.155703,71.471415,20.9,54,972.0,12.9,0.0,1,5,13,2.1,2.08,1
2025-05-14,2.11,2.25,Kazhydromet-9,51.155703,71.471415,22.3,54,969.8,10.0,0.1,2,5,14,2.35,3.07,2
2025-05-15,2.15,2.43,Kazhydromet-9,51.155703,71.471415,24.6,50,971.9,10.4,0.0,3,5,15,2.74,2.51,3
2025-05-16,1.34,1.23,Kazhydromet-9,51.155703,71.471415,26.1,45,970.7,10.9,0.0,4,5,16,1.86,1.44,4
2025-05-17,2.27,2.13,Kazhydromet-9,51.155703,71.471415,24.4,43,962.9,16.5,0.4,5,5,17,2.39,2.17,5
2025-05-18,1.67,2.02,Kazhydromet-9,51.155703,71.471415,12.9,89,962.1,22.0,31.5,6,5,18,2.58,2.75,6
2025-05-19,0.97,1.12,Kazhydromet-9,51.155703,71.471415,13.8,57,977.2,11.4,0.0,0,5,19,1.13,1.28,0
2025-05-20,1.81,1.89,Kazhydromet-9,51.155703,71.471415,16.1,55,976.7,13.2,0.0,1,5,20,2.4,2.14,1
2025-05-21,1.68,2.02,Kazhydromet-9,51.155703,71.471415,18.6,51,972.2,15.2,0.0,2,5,21,2.08,2.31,2
2025-05-22,1.63,1.87,Kazhydromet-9,51.155703,71.471415,18.1,60,968.6,14.1,1.5,3,5,22,2.35,2.5,3
2025-05-23,2.31,2.48,Kazhydromet-9,51.155703,71.471415,15.5,67,963.1,25.2,1.0,4,5,23,2.79,3.33,4
2025-05-24,1.35,1.41,Kazhydromet-9,51.155703,71.471415,12.8,65,970.4,14.0,0.2,5,5,24,1.64,1.69,5
2025-05-25,2.27,3.05,Kazhydromet-9,51.155703,71.471415,10.6,65,971.2,6.9,0.9,6,5,25,2.82,3.76,6
2025-05-26,1.27,1.38,Kazhydromet-9,51.155703,71.471415,10.9,61,977.1,14.2,0.6,0,5,26,1.5,1.44,0
2025-05-27,3.2,3.34,Kazhydromet-9,51.155703,71.471415,12.6,58,982.3,10.3,0.0,1,5,27,4.08,3.83,1
2025-05-28,2.21,2.68,Kazhydromet-9,51.155703,71.471415,17.6,55,977.1,16.8,0.5,2,5,28,2.33,3.2,2
2025-05-29,2.18,2.9,Kazhydromet-9,51.155703,71.471415,16.3,66,979.1,6.3,0.2,3,5,29,2.42,4.86,3
2025-05-30,1.51,1.36,Kazhydromet-9,51.155703,71.471415,19.3,59,976.4,11.8,0.0,4,5,30,1.56,1.53,4
2025-05-31,1.46,1.77,Kazhydromet-9,51.155703,71.471415,20.7,56,977.5,6.4,0.2,5,5,31,2.1,2.66,5
2025-06-01,1.12,1.28,Kazhydromet-9,51.155703,71.471415,20.4,54,976.2,6.8,0.9,6,6,1,1.68,1.74,6
2025-06-02,1.37,1.28,Kazhydromet-9,51.155703,71.471415,21.5,53,971.9,4.1,0.0,0,6,2,1.67,1.68,0
2025-06-03,1.73,1.92,Kazhydromet-9,51.155703,71.471415,23.7,43,967.1,10.6,0.1,1,6,3,2.14,2.85,1
2025-06-04,1.12,1.4,Kazhydromet-9,51.155703,71.471415,21.7,57,963.4,12.5,3.1,2,6,4,1.44,1.79,2
2025-06-05,1.61,1.5,Kazhydromet-9,51.155703,71.471415,19.8,50,966.0,13.0,0.0,3,6,5,2.29,1.86,3
2025-06-06,1.31,1.51,Kazhydromet-9,51.155703,71.471415,23.0,51,970.2,7.6,0.0,4,6,6,1.35,1.86,4
2025-06-07,1.51,1.55,Kazhydromet-9,51.155703,71.471415,20.8,63,968.6,14.6,3.1,5,6,7,1.87,2.11,5
2025-06-08,1.68,1.92,Kazhydromet-9,51.155703,71.471415,15.0,85,971.7,17.2,17.2,6,6,8,2.71,2.89,6
2025-06-09,1.42,1.33,Kazhydromet-9,51.155703,71.471415,15.8,65,977.4,15.1,0.0,0,6,9,1.79,1.58,0
2025-06-10,1.4,1.62,Kazhydromet-9,51.155703,71.471415,18.0,60,975.9,17.0,0.0,1,6,10,1.73,1.59,1
2025-06-11,1.51,1.4,Kazhydromet-9,51.155703,71.471415,22.5,56,973.3,13.1,0.0,2,6,11,2.06,1.58,2
2025-06-12,1.26,1.21,Kazhydromet-9,51.155703,71.471415,22.2,61,973.4,8.8,0.0,3,6,12,1.02,1.26,3
2025-06-13,2.79,3.35,Kazhydromet-9,51.155703,71.471415,22.4,65,972.2,9.1,2.6,4,6,13,3.75,4.29,4
2025-06-14,1.84,1.85,Kazhydromet-9,51.155703,71.471415,22.1,65,969.1,7.1,0.2,5,6,14,2.2,2.61,5
2025-06-15,1.08,1.38,Kazhydromet-9,51.155703,71.471415,22.5,67,968.2,10.0,0.5,6,6,15,0.98,1.58,6
2025-06-16,1.0,1.03,Kazhydromet-9,51.155703,71.471415,23.9,57,969.2,7.6,0.0,0,6,16,1.24,1.3,0
2025-06-17,1.02,0.96,Kazhydromet-9,51.155703,71.471415,26.0,49,966.2,10.3,0.0,1,6,17,1.41,1.23,1
2025-06-18,0.92,0.86,Kazhydromet-9,51.155703,71.471415,27.0,41,962.3,13.7,1.1,2,6,18,1.16,1.14,2
2025-06-19,0.96,1.05,Kazhydromet-9,51.155703,71.471415,24.0,49,959.6,11.6,0.8,3,6,19,1.33,0.96,3
2025-06-20,2.4,2.71,Kazhydromet-9,51.155703,71.471415,20.3,59,961.5,18.4,1.0,4,6,20,3.44,3.18,4
2025-06-21,2.13,2.25,Kazhydromet-9,51.155703,71.471415,19.4,60,964.1,25.0,4.9,5,6,21,3.13,2.88,5
2025-06-22,1.25,1.23,Kazhydromet-9,51.155703,71.471415,21.5,51,965.0,18.8,0.0,6,6,22,1.91,1.66,6
2025-06-23,1.84,1.94,Kazhydromet-9,51.155703,71.471415,16.8,69,962.9,11.1,12.0,0,6,23,2.55,2.34,0
2025-06-24,1.43,1.49,Kazhydromet-9,51.155703,71.471415,17.3,69,965.8,10.9,0.2,1,6,24,1.86,1.41,1
2025-06-25,1.15,1.26,Kazhydromet-9,51.155703,71.471415,16.3,62,967.9,16.6,0.6,2,6,25,1.09,1.62,2
2025-06-26,1.46,1.64,Kazhydromet-9,51.155703,71.471415,15.0,77,966.8,17.8,8.3,3,6,26,1.98,2.1,3
2025-06-27,2.14,2.09,Kazhydromet-9,51.155703,71.471415,17.3,70,967.7,10.9,1.0,4,6,27,2.34,2.04,4
2025-06-28,2.17,2.44,Kazhydromet-9,51.155703,71.471415,19.8,65,962.2,10.7,1.6,5,6,28,3.48,2.62,5
2025-06-29,1.04,1.2,Kazhydromet-9,51.155703,71.471415,17.2,78,956.6,9.5,7.4,6,6,29,1.44,1.72,6
2025-06-30,2.84,3.01,Kazhydromet-9,51.155703,71.471415,17.8,75,957.5,9.1,0.2,0,6,30,4.01,3.72,0
2025-07-01,2.04,2.19,Kazhydromet-9,51.155703,71.471415,20.8,65,964.8,8.1,0.0,1,7,1,2.72,1.93,1
2025-07-02,1.53,1.44,Kazhydromet-9,51.155703,71.471415,22.8,66,970.0,3.7,0.0,2,7,2,1.81,1.96,2
2025-07-03,1.17,1.29,Kazhydromet-9,51.155703,71.471415,24.7,61,970.7,6.3,0.0,3,7,3,1.74,1.74,3
2025-07-04,1.07,1.04,Kazhydromet-9,51.155703,71.471415,24.0,59,963.6,14.6,2.8,4,7,4,1.29,1.45,4
2025-07-05,0.63,0.78,Kazhydromet-9,51.155703,71.471415,18.5,77,960.8,14.0,9.9,5,7,5,0.9,0.9,5
2025-07-06,1.91,2.02,Kazhydromet-9,51.155703,71.471415,20.4,64,964.6,14.0,0.0,6,7,6,2.0,2.35,6
2025-07-07,1.45,1.44,Kazhydromet-9,51.155703,71.471415,19.8,70,964.9,12.1,4.0,0,7,7,1.42,1.72,0
2025-07-08,1.78,1.87,Kazhydromet-9,51.155703,71.471415,18.3,61,970.4,9.6,0.0,1,7,8,1.92,2.38,1
2025-07-09,0.57,0.68,Kazhydromet-9,51.155703,71.471415,19.2,54,970.9,12.0,0.0,2,7,9,0.71,0.85,2
2025-07-10,1.33,1.39,Kazhydromet-9,51.155703,71.471415,19.8,61,970.5,7.6,0.1,3,7,10,1.61,1.6,3
2025-07-11,0.93,1.19,Kazhydromet-9,51.155703,71.471415,21.3,66,969.5,10.7,2.0,4,7,11,1.0,1.56,4
2025-07-12,1.79,2.0,Kazhydromet-9,51.155703,71.471415,19.7,57,969.9,14.1,0.0,5,7,12,1.82,2.5,5
2025-07-13,1.98,1.94,Kazhydromet-9,51.155703,71.471415,18.3,60,968.4,10.3,0.0,6,7,13,2.5,2.85,6
2025-07-14,1.24,1.36,Kazhydromet-9,51.155703,71.471415,17.3,67,966.5,10.1,0.1,0,7,14,1.28,1.86,0
2025-07-15,1.35,1.73,Kazhydromet-9,51.155703,71.471415,18.0,72,966.2,5.8,0.4,1,7,15,2.04,2.73,1
2025-07-16,1.62,1.6,Kazhydromet-9,51.155703,71.471415,21.1,60,965.9,5.0,0.0,2,7,16,2.03,1.96,2
2025-07-17,2.77,2.66,Kazhydromet-9,51.155703,71.471415,23.4,52,965.1,9.0,0.0,3,7,17,2.79,3.74,3
2025-07-18,2.02,1.97,Kazhydromet-9,51.155703,71.471415,23.9,55,965.2,9.6,0.3,4,7,18,2.32,2.48,4
2025-07-19,2.91,2.5,Kazhydromet-9,51.155703,71.471415,19.0,64,966.6,15.4,0.1,5,7,19,3.26,2.82,5
2025-07-20,1.11,1.2,Kazhydromet-9,51.155703,71.471415,18.2,59,975.4,5.7,0.0,6,7,20,1.44,1.78,6
2025-07-21,1.38,1.9,Kazhydromet-9,51.155703,71.471415,20.9,54,975.1,8.2,0.0,0,7,21,2.05,2.44,0
2025-07-22,1.81,2.1,Kazhydromet-9,51.155703,71.471415,22.7,49,974.4,9.5,0.0,1,7,22,1.75,2.39,1
2025-07-23,0.7,0.68,Kazhydromet-9,51.155703,71.471415,23.9,43,967.2,8.8,1.0,2,7,23,0.9,0.83,2
2025-07-24,1.5,1.57,Kazhydromet-9,51.155703,71.471415,22.7,46,961.2,13.1,0.0,3,7,24,1.72,2.07,3
2025-07-25,0.64,0.56,Kazhydromet-9,51.155703,71.471415,22.1,50,957.1,11.4,0.8,4,7,25,0.84,0.77,4
2025-07-26,1.69,2.08,Kazhydromet-9,51.155703,71.471415,21.7,74,956.9,10.2,6.5,5,7,26,2.18,2.93,5
2025-07-27,0.85,0.98,Kazhydromet-9,51.155703,71.471415,20.6,75,956.7,14.1,2.3,6,7,27,1.06,1.33,6
2025-07-28,1.07,0.87,Kazhydromet-9,51.155703,71.471415,21.5,61,961.0,12.6,0.0,0,7,28,1.3,1.3,0
2025-07-29,1.5,1.65,Kazhydromet-9,51.155703,71.471415,19.5,71,960.0,11.1,9.2,1,7,29,1.97,2.53,1
2025-07-30,0.89,0.84,Kazhydromet-9,51.155703,71.471415,17.8,75,958.9,7.6,5.5,2,7,30,1.27,1.11,2
2025-07-31,2.27,1.9,Kazhydromet-9,51.155703,71.471415,18.3,77,959.4,4.7,0.6,3,7,31,3.1,2.9,3
2025-08-01,1.95,2.04,Kazhydromet-9,51.155703,71.471415,18.0,81,960.9,6.8,9.4,4,8,1,3.24,2.58,4
2025-08-02,2.02,2.02,Kazhydromet-9,51.155703,71.471415,18.5,82,965.5,11.8,4.1,5,8,2,2.62,2.88,5
2025-08-03,1.67,1.74,Kazhydromet-9,51.155703,71.471415,17.0,65,973.2,13.6,0.0,6,8,3,1.88,2.68,6
2025-08-04,0.64,0.73,Kazhydromet-9,51.155703,71.471415,14.2,58,978.5,11.7,0.0,0,8,4,0.66,0.88,0
2025-08-05,0.93,0.9,Kazhydromet-9,51.155703,71.471415,16.0,58,976.7,10.5,0.0,1,8,5,0.9,1.05,1
2025-08-06,0.95,1.15,Kazhydromet-9,51.155703,71.471415,18.7,56,970.5,17.6,0.7,2,8,6,0.89,1.22,2
2025-08-07,1.04,0.94,Kazhydromet-9,51.155703,71.471415,17.3,70,968.8,8.6,4.2,3,8,7,1.29,0.96,3
2025-08-08,1.85,2.0,Kazhydromet-9,51.155703,71.471415,16.0,70,967.6,13.8,0.0,4,8,8,2.49,2.25,4
2025-08-09,2.42,2.29,Kazhydromet-9,51.155703,71.471415,15.8,62,972.8,11.9,0.0,5,8,9,2.41,2.61,5
2025-08-10,2.25,2.48,Kazhydromet-9,51.155703,71.471415,17.5,64,975.4,4.0,0.0,6,8,10,2.89,2.59,6
2025-08-11,0.94,1.1,Kazhydromet-9,51.155703,71.471415,20.1,53,972.0,10.1,0.0,0,8,11,1.12,1.39,0
2025-08-12,2.59,2.65,Kazhydromet-9,51.155703,71.471415,16.9,75,962.9,24.4,7.2,1,8,12,3.49,3.85,1
2025-08-13,1.25,1.23,Kazhydromet-9,51.155703,71.471415,18.9,65,967.0,11.9,0.0,2,8,13,1.88,1.34,2
2025-08-14,2.22,2.48,Kazhydromet-9,51.155703,71.471415,17.5,73,959.4,14.8,8.4,3,8,14,3.15,3.98,3
2025-08-15,1.65,1.9,Kazhydromet-9,51.155703,71.471415,16.9,74,960.1,14.7,0.8,4,8,15,2.37,2.64,4
2025-08-16,2.12,2.45,Kazhydromet-9,51.155703,71.471415,16.0,82,960.3,11.3,14.5,5,8,16,2.48,3.79,5
2025-08-17,3.84,3.52,Kazhydromet-9,51.155703,71.471415,16.2,75,961.8,14.9,7.0,6,8,17,3.84,4.68,6
2025-08-18,1.96,1.78,Kazhydromet-9,51.155703,71.471415,16.1,71,968.2,13.9,2.1,0,8,18,2.43,2.72,0
2025-08-19,2.09,2.36,Kazhydromet-9,51.155703,71.471415,18.2,68,970.5,8.0,1.0,1,8,19,2.43,2.58,1
2025-08-20,1.99,2.04,Kazhydromet-9,51.155703,71.471415,20.4,65,965.8,9.1,0.0,2,8,20,2.26,2.76,2
2025-08-21,1.28,1.22,Kazhydromet-9,51.155703,71.471415,19.0,60,963.0,11.5,0.1,3,8,21,1.64,1.6,3
2025-08-22,1.52,1.5,Kazhydromet-9,51.155703,71.471415,15.6,71,965.0,13.6,1.6,4,8,22,2.05,2.28,4
2025-08-23,0.99,0.97,Kazhydromet-9,51.155703,71.471415,17.9,72,968.6,12.2,1.2,5,8,23,1.28,1.16,5
2025-08-24,2.29,2.24,Kazhydromet-9,51.155703,71.471415,18.7,68,976.1,8.5,0.0,6,8,24,2.66,2.56,6
2025-08-25,1.54,1.74,Kazhydromet-9,51.155703,71.471415,18.7,56,979.3,9.5,0.0,0,8,25,2.01,2.23,0
2025-08-26,2.48,2.25,Kazhydromet-9,51.155703,71.471415,20.9,53,979.4,9.7,0.0,1,8,26,3.24,2.54,1
2025-08-27,1.73,1.51,Kazhydromet-9,51.155703,71.471415,23.0,44,978.4,8.2,0.0,2,8,27,1.81,1.89,2
2025-08-28,2.5,2.44,Kazhydromet-9,51.155703,71.471415,25.2,36,973.7,13.1,0.0,3,8,28,3.56,2.43,3
2025-08-29,1.91,2.04,Kazhydromet-9,51.155703,71.471415,20.4,50,973.2,10.6,0.1,4,8,29,2.37,2.71,4
2025-08-30,1.72,1.29,Kazhydromet-9,51.155703,71.471415,14.8,57,969.0,13.3,1.6,5,8,30,1.98,1.43,5
2025-08-31,0.96,0.97,Kazhydromet-9,51.155703,71.471415,12.6,65,974.0,17.6,0.3,6,8,31,1.3,1.32,6
2025-09-01,2.6,2.45,Kazhydromet-9,51.155703,71.471415,12.7,74,969.3,11.8,0.6,0,9,1,3.57,3.56,0
2025-09-02,0.52,0.57,Kazhydromet-9,51.155703,71.471415,12.5,69,973.8,13.2,0.2,1,9,2,0.73,0.66,1
2025-10-08,65.01,75.22,Kazhydromet-9,51.155703,71.471415,1.9,66,985.3,4.7,0.0,2,10,8,78.47,99.41,2
2025-10-09,11.55,13.1,Kazhydromet-9,51.155703,71.471415,4.7,66,983.5,8.2,0.0,3,10,9,13.24,17.44,3
2025-10-10,12.79,14.85,Kazhydromet-9,51.155703,71.471415,5.1,69,983.8,6.3,0.0,4,10,10,16.32,16.98,4
2025-10-11,8.52,9.78,Kazhydromet-9,51.155703,71.471415,2.8,73,979.3,16.3,0.0,5,10,11,10.24,11.74,5
2025-10-12,7.27,10.27,Kazhydromet-9,51.155703,71.471415,0.1,69,981.3,20.5,0.0,6,10,12,8.55,9.04,6
2025-10-13,7.78,11.28,Kazhydromet-9,51.155703,71.471415,-1.2,66,985.7,15.0,0.0,0,10,13,9.59,14.89,0
2025-10-14,7.3,9.25,Kazhydromet-9,51.155703,71.471415,-3.4,65,992.5,14.7,0.0,1,10,14,8.78,9.49,1
2025-10-15,7.57,10.32,Kazhydromet-9,51.155703,71.471415,-2.4,61,995.1,17.1,0.0,2,10,15,9.2,12.61,2
2025-10-16,7.81,11.23,Kazhydromet-9,51.155703,71.471415,0.1,51,990.0,18.1,0.0,3,10,16,7.48,12.51,3
2025-10-17,8.06,9.1,Kazhydromet-9,51.155703,71.471415,1.9,47,982.2,16.2,0.0,4,10,17,9.42,12.54,4
2025-10-18,12.75,14.28,Kazhydromet-9,51.155703,71.471415,3.1,66,977.5,16.0,0.0,5,10,18,16.38,15.8,5
2025-10-19,16.8,18.53,Kazhydromet-9,51.155703,71.471415,2.6,74,983.1,10.8,0.0,6,10,19,23.5,24.64,6
2025-10-20,39.9,45.5,Kazhydromet-9,51.155703,71.471415,2.5,68,985.7,5.1,0.0,0,10,20,44.67,63.94,0
2025-10-21,24.9,30.32,Kazhydromet-9,51.155703,71.471415,2.8,71,987.2,9.2,0.0,1,10,21,38.49,41.56,1
2025-10-22,9.86,11.81,Kazhydromet-9,51.155703,71.471415,3.2,67,989.6,16.0,0.0,2,10,22,10.17,14.56,2
2025-10-23,11.5,13.98,Kazhydromet-9,51.155703,71.471415,4.3,59,987.5,12.6,0.0,3,10,23,15.0,18.54,3
2025-10-24,12.9,16.23,Kazhydromet-9,51.155703,71.471415,5.7,54,981.5,9.5,0.0,4,10,24,16.31,16.92,4
2025-11-10,2.83,2.97,Kazhydromet-9,51.155703,71.471415,-2.7,89,974.5,18.3,0.4,0,11,10,3.82,4.51,0
2025-11-11,1.92,2.57,Kazhydromet-9,51.155703,71.471415,-0.3,90,977.9,25.0,1.2,1,11,11,3.29,3.85,1
2025-11-12,8.57,8.94,Kazhydromet-9,51.155703,71.471415,1.2,96,973.7,18.2,4.6,2,11,12,10.56,10.42,2
2025-11-13,8.3,9.84,Kazhydromet-9,51.155703,71.471415,-3.7,82,987.2,10.9,0.1,3,11,13,12.92,12.96,3
2025-11-14,11.47,12.12,Kazhydromet-9,51.155703,71.471415,-4.3,79,990.4,8.9,0.0,4,11,14,17.25,16.59,4
2025-11-15,4.63,6.13,Kazhydromet-9,51.155703,71.471415,0.1,74,986.7,12.2,0.0,5,11,15,5.87,8.56,5
2025-11-16,5.37,6.29,Kazhydromet-9,51.155703,71.471415,-0.2,66,983.1,14.1,0.0,6,11,16,7.56,7.72,6
2025-11-17,12.25,12.92,Kazhydromet-9,51.155703,71.471415,1.1,83,983.7,12.2,0.0,0,11,17,15.76,21.51,0
2025-11-18,14.33,15.03,Kazhydromet-9,51.155703,71.471415,1.3,83,987.2,9.8,0.0,1,11,18,19.71,23.06,1
2025-11-19,19.18,22.34,Kazhydromet-9,51.155703,71.471415,0.5,70,982.3,10.3,0.0,2,11,19,23.44,22.62,2
2025-11-20,5.86,6.45,Kazhydromet-9,51.155703,71.471415,0.6,91,982.8,16.5,1.7,3,11,20,8.02,9.28,3
2025-11-21,8.39,9.22,Kazhydromet-9,51.155703,71.471415,1.6,95,986.7,12.4,2.5,4,11,21,12.76,14.68,4
2025-11-22,9.28,9.55,Kazhydromet-9,51.155703,71.471415,-3.8,82,995.7,9.4,0.0,5,11,22,14.68,13.45,5
2025-11-23,7.7,7.12,Kazhydromet-9,51.155703,71.471415,2.1,91,984.3,23.1,0.0,6,11,23,9.23,10.56,6
2025-11-24,8.51,8.31,Kazhydromet-9,51.155703,71.471415,2.2,95,982.2,15.2,5.9,0,11,24,13.13,13.82,0
2025-11-25,9.19,8.99,Kazhydromet-9,51.155703,71.471415,2.1,93,985.2,13.8,0.0,1,11,25,9.93,14.3,1
2025-11-26,11.73,12.91,Kazhydromet-9,51.155703,71.471415,2.6,83,975.9,17.9,0.0,2,11,26,18.44,19.12,2
2025-11-27,10.23,11.13,Kazhydromet-9,51.155703,71.471415,0.2,87,978.1,10.8,0.0,3,11,27,16.4,17.42,3
2025-11-28,5.72,8.01,Kazhydromet-9,51.155703,71.471415,-1.9,75,988.5,6.9,0.0,4,11,28,6.87,10.54,4
2025-11-29,11.53,13.32,Kazhydromet-9,51.155703,71.471415,-2.6,73,986.2,10.6,0.0,5,11,29,15.29,17.97,5
2025-11-30,11.85,13.81,Kazhydromet-9,51.155703,71.471415,-0.7,80,983.9,7.1,0.3,6,11,30,15.47,18.86,6
2025-12-01,14.14,16.78,Kazhydromet-9,51.155703,71.471415,0.4,90,985.9,9.1,0.7,0,12,1,19.03,27.89,0
2025-12-02,41.3,42.9,Kazhydromet-9,51.155703,71.471415,0.2,93,985.4,4.5,0.0,1,12,2,54.49,57.51,1
2025-12-03,15.11,15.16,Kazhydromet-9,51.155703,71.471415,-0.2,94,980.7,7.8,1.2,2,12,3,22.15,22.82,2
2025-12-04,6.02,6.17,Kazhydromet-9,51.155703,71.471415,-1.2,88,979.8,15.7,0.0,3,12,4,9.35,9.01,3
2025-12-05,8.39,8.05,Kazhydromet-9,51.155703,71.471415,-1.3,87,983.3,13.2,0.2,4,12,5,13.24,8.46,4
2025-12-06,6.49,7.07,Kazhydromet-9,51.155703,71.471415,-1.9,89,985.8,12.1,0.8,5,12,6,7.92,10.49,5
2025-12-09,4.07,4.3,Kazhydromet-9,51.155703,71.471415,-16.2,80,980.7,17.6,3.4,1,12,9,5.12,4.49,1
2025-12-10,10.28,10.68,Kazhydromet-9,51.155703,71.471415,-20.0,78,997.7,11.7,0.0,2,12,10,11.28,15.84,2
2025-12-11,11.95,12.54,Kazhydromet-9,51.155703,71.471415,-17.9,73,996.6,12.8,0.0,3,12,11,15.58,18.34,3
2025-12-12,5.81,6.59,Kazhydromet-9,51.155703,71.471415,-7.8,69,973.2,13.0,0.0,4,12,12,7.76,7.61,4
2025-12-13,4.97,5.01,Kazhydromet-9,51.155703,71.471415,-5.0,90,966.0,17.0,2.2,5,12,13,8.02,6.91,5
2025-12-14,5.51,5.8,Kazhydromet-9,51.155703,71.471415,-3.4,91,965.0,19.5,1.3,6,12,14,6.37,9.98,6
2025-12-15,3.89,4.47,Kazhydromet-9,51.155703,71.471415,-8.8,80,967.0,29.7,2.1,0,12,15,5.15,5.66,0
2025-12-16,3.75,3.83,Kazhydromet-9,51.155703,71.471415,-10.0,81,972.9,28.1,1.9,1,12,16,4.96,4.54,1
2025-12-17,6.14,6.58,Kazhydromet-9,51.155703,71.471415,-16.1,80,978.2,17.8,0.0,2,12,17,8.56,11.08,2
2025-12-18,4.9,5.15,Kazhydromet-9,51.155703,71.471415,-14.2,84,983.9,14.8,0.3,3,12,18,6.2,8.63,3
2025-12-19,1.7,2.38,Kazhydromet-9,51.155703,71.471415,-7.5,88,983.2,22.0,0.3,4,12,19,2.58,3.31,4
2025-12-20,3.89,4.09,Kazhydromet-9,51.155703,71.471415,-6.9,87,969.0,21.7,5.1,5,12,20,4.86,6.27,5
2025-12-21,6.99,7.15,Kazhydromet-9,51.155703,71.471415,-19.8,78,980.6,10.7,0.4,6,12,21,10.14,10.93,6
2025-12-22,4.84,5.07,Kazhydromet-9,51.155703,71.471415,-15.8,83,985.0,21.8,0.0,0,12,22,7.19,6.3,0
2025-12-23,6.01,6.03,Kazhydromet-9,51.155703,71.471415,-3.8,88,981.8,23.2,0.3,1,12,23,8.08,7.44,1
2025-12-24,3.46,3.13,Kazhydromet-9,51.155703,71.471415,-3.6,90,976.7,23.0,2.3,2,12,24,4.4,5.16,2
2025-12-25,3.74,3.93,Kazhydromet-9,51.155703,71.471415,-5.8,86,971.1,23.2,1.3,3,12,25,4.84,6.56,3
2025-12-26,2.06,2.72,Kazhydromet-9,51.155703,71.471415,-20.3,78,973.2,16.6,0.3,4,12,26,2.95,4.07,4
2025-12-27,13.34,14.29,Kazhydromet-9,51.155703,71.471415,-23.6,78,981.2,13.8,0.0,5,12,27,17.22,18.75,5
2025-12-28,22.05,23.03,Kazhydromet-9,51.155703,71.471415,-19.7,79,977.5,11.6,0.0,6,12,28,29.65,37.06,6
2025-12-29,12.33,13.07,Kazhydromet-9,51.155703,71.471415,-8.2,80,967.7,16.3,0.0,0,12,29,20.47,16.56,0
2025-12-30,5.43,5.8,Kazhydromet-9,51.155703,71.471415,0.1,91,961.0,19.5,8.4,1,12,30,8.03,7.66,1
2025-12-31,8.55,9.23,Kazhydromet-9,51.155703,71.471415,-6.1,91,967.3,15.1,4.4,2,12,31,10.63,12.56,2
2026-01-01,5.72,6.08,Kazhydromet-9,51.155703,71.471415,-10.8,86,983.5,15.2,0.0,3,1,1,8.64,9.43,3
2026-01-02,24.18,25.25,Kazhydromet-9,51.155703,71.471415,-10.2,88,982.7,8.4,0.0,4,1,2,31.29,36.71,4
2026-01-03,14.6,16.17,Kazhydromet-9,51.155703,71.471415,-3.8,92,978.2,8.8,0.0,5,1,3,22.93,23.62,5
2026-01-04,19.43,21.06,Kazhydromet-9,51.155703,71.471415,-6.5,91,981.8,11.1,5.7,6,1,4,28.53,32.86,6
2026-01-05,2.1,2.91,Kazhydromet-9,51.155703,71.471415,-10.3,85,989.3,19.7,0.6,0,1,5,2.98,3.74,0
2026-01-06,4.59,5.29,Kazhydromet-9,51.155703,71.471415,-6.6,83,983.2,29.7,1.9,1,1,6,6.42,7.66,1
2026-01-07,8.0,10.38,Kazhydromet-9,51.155703,71.471415,-11.5,87,989.7,18.6,0.0,2,1,7,8.34,10.28,2
2026-01-08,14.31,16.02,Kazhydromet-9,51.155703,71.471415,-16.6,83,994.6,9.0,0.0,3,1,8,17.35,21.74,3
2026-01-09,9.4,10.06,Kazhydromet-9,51.155703,71.471415,-11.8,76,986.5,12.6,0.0,4,1,9,10.71,13.2,4
2026-01-10,7.0,7.6,Kazhydromet-9,51.155703,71.471415,-10.2,76,975.2,15.3,0.0,5,1,10,9.42,8.77,5
2026-01-11,12.76,14.85,Kazhydromet-9,51.155703,71.471415,-6.5,83,969.2,12.7,0.2,6,1,11,21.07,21.95,6
2026-01-12,14.26,15.44,Kazhydromet-9,51.155703,71.471415,-5.2,90,970.2,24.8,7.6,0,1,12,23.29,20.69,0
2026-01-13,11.71,12.35,Kazhydromet-9,51.155703,71.471415,-16.9,83,989.2,10.1,0.0,1,1,13,16.84,20.67,1
2026-01-14,0.75,0.9,Kazhydromet-9,51.155703,71.471415,-23.6,75,994.4,22.3,0.0,2,1,14,1.1,1.42,2
2026-01-15,3.78,3.96,Kazhydromet-9,51.155703,71.471415,-23.1,74,997.7,20.0,0.0,3,1,15,4.27,5.11,3
2026-01-16,4.01,4.55,Kazhydromet-9,51.155703,71.471415,-25.6,75,999.3,19.7,0.0,4,1,16,5.16,5.88,4
2026-01-17,21.12,22.26,Kazhydromet-9,51.155703,71.471415,-27.2,73,1002.1,9.3,0.0,5,1,17,24.91,29.31,5
2026-01-18,16.95,18.72,Kazhydromet-9,51.155703,71.471415,-25.3,71,994.8,8.7,0.0,6,1,18,21.42,24.73,6
2026-01-19,6.98,7.52,Kazhydromet-9,51.155703,71.471415,-19.1,70,985.3,16.5,0.1,0,1,19,7.89,9.17,0
2026-01-20,6.12,6.28,Kazhydromet-9,51.155703,71.471415,-15.9,76,980.4,15.6,0.6,1,1,20,7.29,7.88,1
2026-01-21,9.83,11.05,Kazhydromet-9,51.155703,71.471415,-13.9,83,982.0,7.6,0.6,2,1,21,10.83,13.86,2
2026-01-22,30.66,32.36,Kazhydromet-9,51.155703,71.471415,-18.4,81,981.8,10.2,0.0,3,1,22,43.67,50.04,3
2026-01-23,33.68,36.1,Kazhydromet-9,51.155703,71.471415,-24.6,76,981.6,11.1,0.0,4,1,23,41.03,55.07,4
2026-01-24,37.35,38.99,Kazhydromet-9,51.155703,71.471415,-21.8,79,981.8,7.0,0.4,5,1,24,51.84,47.67,5
2026-01-25,42.26,43.98,Kazhydromet-9,51.155703,71.471415,-17.2,82,979.8,9.9,0.5,6,1,25,70.42,64.71,6
2026-01-26,127.82,131.74,Kazhydromet-9,51.155703,71.471415,-17.8,81,980.9,5.9,0.2,0,1,26,167.01,171.73,0
2026-01-27,47.02,49.04,Kazhydromet-9,51.155703,71.471415,-21.6,79,984.4,10.2,0.0,1,1,27,41.13,65.38,1
2026-01-28,61.9,64.44,Kazhydromet-9,51.155703,71.471415,-22.6,79,985.1,9.8,0.0,2,1,28,83.76,90.74,2
2026-01-29,25.15,26.34,Kazhydromet-9,51.155703,71.471415,-18.4,81,991.1,13.9,0.0,3,1,29,41.65,36.91,3
2026-01-30,28.59,30.43,Kazhydromet-9,51.155703,71.471415,-18.0,78,987.8,10.6,0.0,4,1,30,48.02,44.21,4
2026-01-31,39.64,42.4,Kazhydromet-9,51.155703,71.471415,-17.3,73,980.1,5.6,0.0,5,1,31,50.5,55.55,5
2026-02-01,43.59,44.8,Kazhydromet-9,51.155703,71.471415,-13.5,83,979.5,8.3,0.0,6,2,1,59.44,60.44,6
2026-02-02,33.9,36.09,Kazhydromet-9,51.155703,71.471415,-13.1,84,977.1,15.4,3.3,0,2,2,44.76,47.31,0
2026-02-03,11.16,11.98,Kazhydromet-9,51.155703,71.471415,-15.7,82,981.5,14.2,0.2,1,2,3,15.07,16.46,1
2026-02-04,24.26,25.81,Kazhydromet-9,51.155703,71.471415,-13.4,84,982.8,13.5,0.0,2,2,4,43.87,33.36,2
2026-02-05,7.03,8.27,Kazhydromet-9,51.155703,71.471415,-3.8,84,970.8,18.1,2.3,3,2,5,8.92,9.83,3
2026-02-06,12.1,13.78,Kazhydromet-9,51.155703,71.471415,-5.4,92,968.1,15.1,18.3,4,2,6,16.2,18.04,4
2026-02-07,7.63,10.4,Kazhydromet-9,51.155703,71.471415,-14.9,83,983.9,13.7,0.2,5,2,7,10.83,13.71,5
2026-02-10,5.01,5.24,Kazhydromet-9,51.155703,71.471415,-0.5,93,955.2,23.2,4.7,1,2,10,7.61,6.69,1
2026-02-11,3.93,4.24,Kazhydromet-9,51.155703,71.471415,-13.7,79,966.5,29.2,1.6,2,2,11,5.62,5.46,2
2026-02-12,8.18,8.69,Kazhydromet-9,51.155703,71.471415,-21.1,81,985.6,11.4,0.0,3,2,12,11.27,11.93,3
2026-02-13,39.08,40.88,Kazhydromet-9,51.155703,71.471415,-21.2,76,984.9,8.6,0.0,4,2,13,53.29,62.75,4
2026-02-14,44.46,46.04,Kazhydromet-9,51.155703,71.471415,-19.3,72,983.1,8.7,0.0,5,2,14,61.51,70.68,5
2026-02-15,35.36,36.33,Kazhydromet-9,51.155703,71.471415,-15.3,76,981.2,9.5,0.0,6,2,15,45.27,45.12,6
2026-02-16,6.88,6.85,Kazhydromet-9,51.155703,71.471415,-4.2,89,973.1,19.3,0.2,0,2,16,9.89,7.85,0
2026-02-17,3.97,3.97,Kazhydromet-9,51.155703,71.471415,-1.7,94,975.4,21.6,0.0,1,2,17,5.04,5.02,1
2026-02-18,5.35,5.72,Kazhydromet-9,51.155703,71.471415,-0.3,93,968.9,23.7,2.0,2,2,18,7.36,7.65,2
2026-02-19,11.36,12.74,Kazhydromet-9,51.155703,71.471415,-11.7,84,978.6,16.5,0.0,3,2,19,15.0,17.32,3
2026-02-20,5.47,5.86,Kazhydromet-9,51.155703,71.471415,-16.4,80,989.9,11.2,0.0,4,2,20,8.46,7.18,4
2026-02-21,5.14,5.41,Kazhydromet-9,51.155703,71.471415,-8.9,78,977.6,20.9,3.5,5,2,21,6.97,6.42,5
2026-02-22,4.95,5.8,Kazhydromet-9,51.155703,71.471415,-7.0,87,972.7,20.4,3.1,6,2,22,5.58,7.56,6
2026-02-23,9.76,10.02,Kazhydromet-9,51.155703,71.471415,-16.0,79,971.7,20.2,2.1,0,2,23,15.17,13.94,0
2026-02-24,33.72,36.09,Kazhydromet-9,51.155703,71.471415,-24.0,81,990.5,2.5,0.0,1,2,24,44.78,52.52,1
2026-02-25,11.44,11.95,Kazhydromet-9,51.155703,71.471415,-20.4,72,990.9,10.1,0.0,2,2,25,14.45,15.04,2
2026-02-26,6.53,7.87,Kazhydromet-9,51.155703,71.471415,-23.5,74,988.8,17.7,0.0,3,2,26,8.23,10.31,3
2026-02-27,29.88,32.35,Kazhydromet-9,51.155703,71.471415,-27.9,75,990.3,7.5,0.0,4,2,27,49.02,39.54,4
2026-02-28,11.9,12.69,Kazhydromet-9,51.155703,71.471415,-26.9,78,987.9,5.8,0.0,5,2,28,12.96,17.5,5
2026-03-01,20.38,21.85,Kazhydromet-9,51.155703,71.471415,-22.8,75,987.2,9.3,0.0,6,3,1,36.25,29.71,6
2026-03-02,2.85,3.47,Kazhydromet-9,51.155703,71.471415,-11.8,84,979.4,20.4,1.3,0,3,2,4.32,5.13,0
2026-03-03,5.15,4.71,Kazhydromet-9,51.155703,71.471415,-5.5,89,977.9,18.3,1.4,1,3,3,7.14,5.49,1
2024-12-14,12.0,6.5,US Embassy,51.128736,71.46939,-3.1,84,967.3,17.8,2.2,5,12,14,14.95,8.33,5
2024-12-17,3.8,8.6,US Embassy,51.128736,71.46939,-12.8,74,983.7,22.3,0.0,1,12,17,5.21,12.66,1
2024-12-18,7.0,9.7,US Embassy,51.128736,71.46939,-8.5,78,970.7,22.3,0.6,2,12,18,9.93,14.73,2
2024-12-19,10.6,8.6,US Embassy,51.128736,71.46939,-2.4,87,966.3,26.0,3.9,3,12,19,14.46,12.85,3
2024-12-20,6.2,9.7,US Embassy,51.128736,71.46939,-6.7,87,969.6,20.8,1.3,4,12,20,7.68,13.87,4
2024-12-21,8.2,7.6,US Embassy,51.128736,71.46939,-11.4,86,981.9,17.9,1.9,5,12,21,12.28,8.83,5
2024-12-22,6.0,9.7,US Embassy,51.128736,71.46939,-10.3,87,985.5,19.7,5.3,6,12,22,8.91,12.22,6
2024-12-23,10.6,11.9,US Embassy,51.128736,71.46939,-6.0,91,988.4,12.4,1.1,0,12,23,10.57,18.37,0
2024-12-24,13.5,43.2,US Embassy,51.128736,71.46939,-6.5,88,992.6,6.1,0.0,1,12,24,20.53,67.74,1
2024-12-25,39.6,11.9,US Embassy,51.128736,71.46939,-10.3,90,994.0,7.0,0.0,2,12,25,50.32,16.78,2
2024-12-26,9.8,8.6,US Embassy,51.128736,71.46939,-12.0,76,987.2,12.2,0.0,3,12,26,13.7,10.71,3
2024-12-27,7.0,8.6,US Embassy,51.128736,71.46939,-11.4,85,980.2,19.7,0.0,4,12,27,11.46,8.98,4
2024-12-28,8.6,6.5,US Embassy,51.128736,71.46939,-5.2,90,980.5,21.9,2.3,5,12,28,9.4,7.57,5
2025-01-01,11.3,6.5,US Embassy,51.128736,71.46939,-10.9,85,976.3,19.4,0.0,2,1,1,14.67,7.98,2
2025-01-02,5.8,6.5,US Embassy,51.128736,71.46939,-6.6,87,972.6,28.9,3.2,3,1,2,7.7,9.57,3
2025-01-03,4.8,3.2,US Embassy,51.128736,71.46939,-4.5,89,974.8,31.9,2.0,4,1,3,7.74,5.05,4
2025-01-04,3.1,7.6,US Embassy,51.128736,71.46939,-3.2,93,980.2,19.0,0.0,5,1,4,3.82,9.67,5
2025-01-05,5.5,10.8,US Embassy,51.128736,71.46939,-5.7,92,981.6,14.1,0.0,6,1,5,6.98,14.98,6
2025-01-06,8.4,11.9,US Embassy,51.128736,71.46939,-5.2,90,982.5,17.1,0.0,0,1,6,11.62,17.7,0
2025-01-07,11.0,10.8,US Embassy,51.128736,71.46939,-4.1,91,979.9,10.9,3.5,1,1,7,13.07,15.38,1
2025-01-08,11.3,6.5,US Embassy,51.128736,71.46939,-12.9,82,989.9,17.2,2.6,2,1,8,14.89,11.39,2
2025-01-09,3.6,5.4,US Embassy,51.128736,71.46939,-7.8,74,996.3,26.4,0.6,3,1,9,4.85,5.96,3
2025-01-10,5.5,16.2,US Embassy,51.128736,71.46939,-7.7,72,992.2,22.7,0.0,4,1,10,7.4,23.94,4
2025-01-11,16.4,20.5,US Embassy,51.128736,71.46939,-9.3,83,990.2,10.1,0.0,5,1,11,23.23,26.25,5
2025-01-12,18.8,29.2,US Embassy,51.128736,71.46939,-12.8,80,989.2,6.5,0.0,6,1,12,25.52,46.03,6
2025-01-13,35.9,17.3,US Embassy,51.128736,71.46939,-12.6,73,987.4,9.4,0.0,0,1,13,38.22,24.65,0
2025-01-14,16.4,10.8,US Embassy,51.128736,71.46939,-10.6,76,983.6,11.5,0.0,1,1,14,24.63,14.13,1
2025-01-15,10.8,11.9,US Embassy,51.128736,71.46939,-10.9,80,975.3,18.8,0.0,2,1,15,17.05,17.18,2
2025-01-16,11.0,7.6,US Embassy,51.128736,71.46939,-10.4,85,971.7,20.9,0.5,3,1,16,15.22,9.02,3
2025-01-17,8.2,7.6,US Embassy,51.128736,71.46939,-6.7,87,969.6,24.6,2.8,4,1,17,10.84,11.02,4
2025-01-18,7.2,7.6,US Embassy,51.128736,71.46939,-7.7,85,973.1,17.0,0.4,5,1,18,9.83,10.86,5
2025-01-19,7.4,6.5,US Embassy,51.128736,71.46939,-5.9,89,973.8,17.3,0.1,6,1,19,9.04,9.97,6
2025-01-20,7.4,3.2,US Embassy,51.128736,71.46939,-0.5,92,967.3,27.5,4.6,0,1,20,11.94,4.82,0
2025-01-21,4.8,4.3,US Embassy,51.128736,71.46939,-2.7,88,955.4,33.7,5.7,1,1,21,6.78,5.95,1
2025-01-22,6.5,3.2,US Embassy,51.128736,71.46939,-16.9,75,961.7,29.5,1.0,2,1,22,10.67,4.39,2
2025-01-23,7.4,10.8,US Embassy,51.128736,71.46939,-25.0,73,991.7,19.4,0.0,3,1,23,8.92,12.85,3
2025-01-28,9.8,5.4,US Embassy,51.128736,71.46939,-13.1,84,980.4,17.7,1.1,1,1,28,16.47,6.84,1
2025-01-29,7.7,19.4,US Embassy,51.128736,71.46939,-5.6,91,973.1,20.4,5.7,2,1,29,11.14,29.72,2
2025-01-30,23.5,25.9,US Embassy,51.128736,71.46939,-7.5,89,977.8,12.1,2.0,3,1,30,36.35,40.75,3
2025-01-31,31.6,16.2,US Embassy,51.128736,71.46939,-17.3,84,987.3,8.4,0.0,4,1,31,45.68,22.77,4
2025-02-01,14.0,11.9,US Embassy,51.128736,71.46939,-8.5,89,986.5,21.8,3.9,5,2,1,18.75,16.29,5
2025-02-02,14.5,10.8,US Embassy,51.128736,71.46939,-2.5,95,989.6,14.9,0.2,6,2,2,21.57,13.59,6
2025-02-03,12.0,19.4,US Embassy,51.128736,71.46939,-4.3,90,994.6,9.5,0.0,0,2,3,16.42,30.63,0
2025-02-04,29.2,9.7,US Embassy,51.128736,71.46939,-8.7,87,995.8,15.2,0.0,1,2,4,33.84,14.96,1
2025-02-05,15.4,13.0,US Embassy,51.128736,71.46939,-6.8,90,998.4,20.9,0.0,2,2,5,18.67,21.45,2
2025-02-06,15.4,9.7,US Embassy,51.128736,71.46939,-12.1,85,996.3,24.5,0.0,3,2,6,19.65,12.28,3
2025-02-07,15.4,17.3,US Embassy,51.128736,71.46939,-17.9,79,993.0,23.4,0.0,4,2,7,20.51,21.75,4
2025-02-08,20.7,73.2,US Embassy,51.128736,71.46939,-17.4,80,992.3,16.6,0.0,5,2,8,28.84,109.6,5
2025-02-09,71.0,31.3,US Embassy,51.128736,71.46939,-16.9,84,989.8,7.2,0.0,6,2,9,113.47,44.88,6
2025-02-10,25.9,6.5,US Embassy,51.128736,71.46939,-12.6,87,991.3,11.6,0.0,0,2,10,28.31,9.16,0
2025-02-11,7.0,6.5,US Embassy,51.128736,71.46939,-10.6,87,987.2,13.2,0.0,1,2,11,9.45,8.72,1
2025-02-12,6.5,8.6,US Embassy,51.128736,71.46939,-12.2,87,981.4,17.0,0.0,2,2,12,6.94,12.58,2
2025-02-13,11.3,9.7,US Embassy,51.128736,71.46939,-7.6,88,977.2,29.4,0.0,3,2,13,17.77,14.1,3
2025-02-14,10.8,15.1,US Embassy,51.128736,71.46939,-7.9,87,981.6,14.8,0.0,4,2,14,14.77,19.24,4
2025-02-15,12.1,20.5,US Embassy,51.128736,71.46939,-6.8,87,978.3,15.0,0.0,5,2,15,16.84,30.96,5
2025-02-16,15.0,16.2,US Embassy,51.128736,71.46939,-8.1,88,980.8,12.0,0.0,6,2,16,18.97,26.33,6
2025-02-17,18.3,9.7,US Embassy,51.128736,71.46939,-8.9,86,986.8,18.5,0.0,0,2,17,27.31,13.01,0
2025-02-18,12.0,28.1,US Embassy,51.128736,71.46939,-10.6,85,987.1,14.0,0.0,1,2,18,19.14,37.0,1
2025-02-19,40.4,24.8,US Embassy,51.128736,71.46939,-11.8,86,984.3,8.8,0.0,2,2,19,56.54,38.96,2
2025-02-21,39.6,35.6,US Embassy,51.128736,71.46939,-10.9,86,987.9,8.5,0.0,4,2,21,55.6,43.57,4
2025-02-22,42.4,38.9,US Embassy,51.128736,71.46939,-10.6,84,986.2,15.1,0.0,5,2,22,62.71,54.97,5
2025-02-23,43.2,34.6,US Embassy,51.128736,71.46939,-7.8,85,982.4,14.6,0.3,6,2,23,55.15,33.96,6
2025-02-24,42.8,14.0,US Embassy,51.128736,71.46939,-8.5,85,979.0,14.5,0.0,0,2,24,59.89,21.83,0
2025-02-25,21.6,22.7,US Embassy,51.128736,71.46939,-4.7,85,972.6,7.7,0.0,1,2,25,35.12,26.68,1
2025-02-26,28.7,8.6,US Embassy,51.128736,71.46939,-4.7,91,972.5,15.2,0.3,2,2,26,44.55,13.75,2
2025-02-27,9.4,21.6,US Embassy,51.128736,71.46939,-10.2,85,984.2,16.7,0.0,3,2,27,11.66,29.6,3
2025-02-28,25.4,40.0,US Embassy,51.128736,71.46939,-11.6,86,984.7,8.3,0.0,4,2,28,36.02,53.77,4
2025-03-01,39.2,34.6,US Embassy,51.128736,71.46939,-13.8,85,986.0,8.7,0.0,5,3,1,47.69,44.84,5
2025-03-02,40.8,8.6,US Embassy,51.128736,71.46939,-13.7,83,983.6,8.3,0.0,6,3,2,59.04,11.12,6
2025-03-03,10.1,13.0,US Embassy,51.128736,71.46939,-7.8,77,977.1,15.4,1.7,0,3,3,14.76,21.05,0
2025-03-04,15.0,10.8,US Embassy,51.128736,71.46939,-11.4,84,981.7,15.2,0.6,1,3,4,15.31,10.85,1
