date, pm25, pm10, o3, no2, so2, co
2025/1/1, 47, 6, , 5, 9, 2
2025/1/2, 24, 6, , 5, 9, 2
2025/1/3, 20, 3, , 7, 9, 2
2025/1/4, 13, 7, , 9, 9, 2
2025/1/5, 23, 10, , 11, 10, 2
2025/1/6, 35, 11, , 11, 10, 3
2025/1/7, 46, 10, , 12, 9, 4
2025/1/8, 47, 6, , 8, 9, 3
2025/1/9, 15, 5, , 9, 9, 2
2025/1/10, 23, 15, , 17, 10, 4
2025/1/11, 60, 19, , 19, 9, 5
2025/1/12, 65, 27, , 22, 9, 6
2025/1/13, 102, 16, , 20, 8, 5
2025/1/14, 60, 10, , 12, 8, 3
2025/1/15, 45, 11, , 11, 8, 4
2025/1/16, 46, 7, , 8, 8, 3
2025/1/17, 34, 7, , 11, 8, 4
2025/1/18, 30, 7, , 10, 8, 3
2025/1/19, 31, 6, , 6, 8, 3
2025/1/20, 31, 3, , 5, 8, 2
2025/1/21, 20, 4, , 7, 8, 3
2025/1/22, 27, 3, , 12, 7, 4
2025/1/23, 31, 10, , 14, 7, 4
2025/1/24, 46, 7, , 12, 7, 4
2025/1/25, 32, 22, , 35, 7, 8
2025/1/26, 95, 21, , 18, 8, 5
2025/1/27, 68, 7, , 13, 8, 3
2025/1/28, 41, 5, , 10, 8, 3
2025/1/29, 32, 18, , 13, 8, 5
2025/1/30, 75, 24, , 17, 8, 6
2025/1/31, 92, 15, , 12, 8, 4
2025/2/1, 55, 11, , 9, 8, 3
2025/2/2, 56, 10, , 12, 9, 3
2025/2/3, 50, 18, , 9, 9, 6
2025/2/4, 87, 9, , 3, 9, 3
2025/2/5, 58, 12, , 4, 8, 4
2025/2/6, 58, 9, , 5, 8, 4
2025/2/7, 58, 16, , 5, 8, 5
2025/2/8, 69, 60, , 10, 9, 16
2025/2/9, 159, 29, , 19, 8, 8
2025/2/10, 80, 6, , 20, 8, 5
2025/2/11, 29, 6, , 17, 8, 4
2025/2/12, 27, 8, , 9, 8, 3
2025/2/13, 47, 9, , 15, 8, 4
2025/2/14, 45, 14, , 14, 9, 4
2025/2/15, 51, 19, , , 9, 5
2025/2/16, 57, 15, , 17, 8, 6
2025/2/17, 64, 9, , 13, 8, 4
2025/2/18, 50, 26, , 22, 8, 6
2025/2/19, 113, 23, , 22, 8, 6
2025/2/20, 96, 33, , 27, 9, 7
2025/2/21, 111, 33, , 21, 9, 7
2025/2/22, 118, 36, , 22, 9, 8
2025/2/23, 120, 32, , 19, 9, 8
2025/2/24, 119, 13, , 20, 9, 5
2025/2/25, 71, 21, , 14, 9, 4
2025/2/26, 86, 8, , 12, 9, 4
2025/2/27, 39, 20, , 25, 9, 7
2025/2/28, 79, 37, , 31, 9, 9
2025/3/1, 110, 32, , 23, 9, 7
2025/3/2, 114, 8, , 13, 9, 4
2025/3/3, 42, 12, , 12, 9, 4
2025/3/4, 57, 10, , 10, 8, 3
2024/10/1, 97, 8, , 12, 5, 3
2024/10/2, 55, 6, , 12, 5, 3
2024/10/9, 63, 16, , 19, 9, 6
2024/10/10, 76, 9, , 9, 8, 4
2024/10/11, 48, 7, , 7, 6, 2
2024/10/12, 37, 6, , 8, 6, 3
2024/10/13, 34, 7, , 8, 6, 3
2024/10/14, 41, 8, , 8, 6, 3
2024/10/15, 48, 13, , 13, 7, 4
2024/10/16, 78, 29, , 34, 7, 10
2024/10/17, 133, 26, , 31, 7, 11
2024/10/18, 144, 27, , 26, 8, 9
2024/10/19, 114, 20, , 20, 7, 7
2024/10/20, 94, 17, , 18, 7, 5
2024/10/21, 67, 11, , 19, 7, 6
2024/10/22, 57, 8, , 11, 7, 4
2024/10/23, 35, 5, , 8, 7, 2
2024/10/24, 24, 7, , 11, 7, 3
2024/10/25, 34, 9, , 11, 7, 3
2024/10/26, 39, 6, , 10, 7, 3
2024/10/27, 31, 6, , 10, 7, 3
2024/10/28, 35, 9, , 15, 7, 4
2024/10/29, 42, 10, , 12, 7, 3
2024/10/30, 35, 7, , 12, 7, 3
2024/10/31, 29, 7, , 12, 7, 3
2024/11/1, 28, 5, , 10, 7, 3
2024/11/2, 26, 7, , 6, 7, 2
2024/11/3, 33, 10, , 10, 7, 3
2024/11/4, 51, 10, , 13, 6, 4
2024/11/5, 44, 6, , 6, 6, 3
2024/11/6, 27, 4, , 6, 6, 2
2024/11/7, 24, 4, , 9, 6, 3
2024/11/8, 25, 5, , 8, 6, 3
2024/11/9, 28, 4, , 7, 6, 2
2024/11/10, 15, 5, , 10, 7, 3
2024/11/11, 33, 7, , 15, 6, 4
2024/11/12, 39, 6, , 10, 6, 3
2024/11/13, 26, 6, , 9, 7, 3
2024/11/14, 31, 6, , 10, 7, 3
2024/11/15, 31, 9, , 12, 7, 3
2024/11/16, 35, 14, , 13, 7, 4
2024/11/17, 55, 15, , 14, 7, 4
2024/11/18, 64, 26, , 23, 7, 6
2024/11/19, 109, 34, , 28, 7, 10
2024/11/20, 129, 11, , 9, 7, 3
2024/11/21, 52, 8, , 10, 7, 4
2024/11/22, 39, 18, , 18, 7, 6
2024/11/23, 74, 28, , 24, 7, 10
2024/11/24, 146, 16, , 18, 7, 7
2024/11/25, 84, 14, , 16, 7, 5
2024/11/26, 84, 20, , 28, 8, 9
2024/11/27, 101, 32, , 35, 8, 13
2024/11/28, 138, 46, , 30, 7, 11
2024/11/29, 147, 64, , 34, 7, 14
2024/11/30, 155, 35, , 24, 7, 8
2024/12/1, 118, 19, , 18, 7, 5
2024/12/2, 66, 19, , 17, 7, 5
2024/12/3, 66, 24, , 17, 7, 5
2024/12/4, 75, 22, , 17, 7, 5
2024/12/5, 64, 10, , 15, 7, 4
2024/12/6, 41, 18, , 16, 7, 5
2024/12/7, 73, 38, , 24, 7, 8
2024/12/8, 119, 30, , 22, 7, 7
2024/12/9, 100, 26, , 17, 8, 6
2024/12/10, 70, 8, , 8, 8, 3
2024/12/11, 33, 9, , 7, 8, 3
2024/12/12, 44, 6, , 8, 8, 2
2024/12/13, 32, 11, , 8, 8, 2
2024/12/14, 50, 6, , 7, 9, 2
2024/12/17, 16, 8, , 7, 8, 2
2024/12/18, 29, 9, , 6, 8, 2
2024/12/19, 44, 8, , 9, 9, 2
2024/12/20, 26, 9, , 7, 8, 4
2024/12/21, 34, 7, , 8, 9, 2
2024/12/22, 25, 9, , 9, 9, 3
2024/12/23, 44, 11, , 14, 10, 7
2024/12/24, 54, 40, , 30, 10, 11
2024/12/25, 111, 11, , 15, 8, 4
2024/12/26, 41, 8, , 11, 9, 4
2024/12/27, 29, 8, , 9, 9, 3
2024/12/28, 36, 6, , 9, 9, 3
2024/12/29, 18, , , , , 
2024/7/1, 39, 3, , , 4, 2
2024/7/2, 23, 6, , , 5, 3
2024/7/3, 32, 6, , , 5, 2
2024/7/4, 35, 8, , , 5, 2
2024/7/5, 25, 6, , , 5, 2
2024/7/6, 31, 8, , , 5, 2
2024/7/7, 37, 10, , , 5, 2
2024/7/8, 56, 7, , , 5, 2
2024/7/9, 49, 13, , , 5, 5
2024/7/10, 64, 8, , , 5, 3
2024/7/11, 46, 8, , , 5, 2
2024/7/12, 46, 8, , , 5, 2
2024/7/13, 49, 5, , , 5, 2
2024/7/14, 31, 5, , , 5, 2
2024/7/15, 34, 6, , , 5, 2
2024/7/16, 40, 8, , , 5, 3
2024/7/17, 45, 8, , , 5, 2
2024/7/18, 36, 8, , , 5, 3
2024/7/19, 34, 9, , , 5, 4
2024/7/20, 79, 8, , , 5, 2
2024/7/21, 44, 11, , , 5, 3
2024/7/22, 48, 9, , , 5, 3
2024/7/23, 53, 7, , , 5, 3
2024/7/24, 40, 5, , , 5, 2
2024/7/25, 29, 6, , , 5, 2
2024/7/26, 69, 7, , , 5, 2
2024/7/27, 42, 5, , , 5, 2
2024/7/28, 38, 7, , , 5, 3
2024/7/29, 59, 9, , , 5, 3
2024/7/30, 55, 9, , , 5, 3
2024/7/31, 59, 10, , , 5, 2
2024/8/1, 59, 7, , , 5, 3
2024/8/2, 51, 6, , , 5, 3
2024/8/3, 38, 6, , , 5, 3
2024/8/4, 38, 7, , , 5, 3
2024/8/5, 40, 7, , , 5, 5
2024/8/6, 41, 7, , 15, 4, 3
2024/8/7, 46, 7, , 10, 5, 3
2024/8/8, 36, 6, , 9, 5, 3
2024/8/9, 29, 9, , 11, 5, 2
2024/8/10, 44, 8, , 11, 5, 3
2024/8/11, 41, 6, , 9, 5, 2
2024/8/12, 47, 7, , 11, 5, 2
2024/8/13, 41, 5, , 9, 5, 3
2024/8/14, 33, 5, , 12, 5, 3
2024/8/15, 38, 5, , 10, 5, 3
2024/8/16, 35, 6, , 12, 5, 3
2024/8/17, 42, 6, , 13, 5, 3
2024/8/18, 36, 4, , 10, 5, 3
2024/8/19, 32, 5, , 11, 5, 3
2024/8/20, 34, 8, , 20, 5, 5
2024/8/21, 44, 7, , 14, 5, 3
2024/8/22, 39, 5, , 10, 5, 3
2024/8/23, 34, 4, , 10, 5, 3
2024/8/24, 32, 3, , 8, 5, 2
2024/8/25, 23, 5, , 16, 5, 4
2024/8/26, 31, 12, , 22, 6, 5
2024/8/27, 60, 12, , 21, 5, 5
2024/8/28, 71, 16, , 22, 5, 7
2024/8/29, 65, , , 20, 5, 4
2024/8/30, 53, , , 15, 5, 4
2024/8/31, 59, , , 8, 5, 3
2024/9/24, 55, 11, , 20, 7, 5
2024/9/25, 67, 10, , 16, 8, 4
2024/9/26, 60, 13, , 22, 6, 6
2024/9/27, 62, 12, , 21, 5, 5
2024/9/28, 68, 20, , 29, 6, 9
2024/9/29, 87, 32, , 49, 7, 15
2024/9/30, 129, 20, , 43, 6, 13
2024/4/1, 48, 11, , , 3, 4
2024/4/2, 68, 16, , , 3, 4
2024/4/3, 81, 19, , , 3, 5
2024/4/4, 103, 14, , , 4, 6
2024/4/5, 101, 32, , , 4, 20
2024/4/6, 151, 11, , , 3, 4
2024/4/7, 69, 9, , , 3, 3
2024/4/8, 69, 7, , , 3, 3
2024/4/9, 58, 7, , , 3, 4
2024/4/10, 58, 7, , , 3, 3
2024/4/11, 61, 14, , , 3, 5
2024/4/12, 72, 5, , , 3, 3
2024/4/13, 48, 5, , , 3, 2
2024/4/14, 53, 8, , , 3, 3
2024/4/15, 58, 6, , , 3, 3
2024/4/16, 49, 5, , , 3, 3
2024/4/17, 51, 10, , , 4, 3
2024/4/18, 57, 10, , , 16, 3
2024/4/19, 72, 9, , , 4, 3
2024/4/20, 56, 10, , , 4, 4
2024/4/21, 63, 18, , , 4, 8
2024/4/22, 79, 4, , , 3, 3
2024/4/23, 41, 6, , , 3, 2
2024/4/24, 46, 9, , , 3, 2
2024/4/25, 53, 6, , , 3, 3
2024/4/26, 51, 8, , , 5, 3
2024/4/27, 84, 16, , , 4, 6
2024/4/28, 87, 6, , , 4, 3
2024/4/29, 52, 5, , , 3, 3
2024/4/30, 46, 4, , , 3, 2
2024/5/1, 48, 4, , , 3, 3
2024/5/2, 49, 5, , , 4, 3
2024/5/3, 45, 6, , , 4, 3
2024/5/4, 52, 8, , , 7, 3
2024/5/5, 59, 7, , , 3, 3
2024/5/6, 51, 6, , , 4, 3
2024/5/7, 60, 15, , , 4, 8
2024/5/8, 68, 4, , , 4, 2
2024/5/9, 35, 5, , , 4, 3
2024/5/10, 29, 6, , , 4, 3
2024/5/11, 38, 8, , , 4, 4
2024/5/12, 53, 4, , , 4, 2
2024/5/13, 28, 5, , , 4, 3
2024/5/14, 34, 5, , , 4, 2
2024/5/15, 34, 7, , , 4, 3
2024/5/16, 41, 5, , , 4, 3
2024/5/17, 31, 5, , , 4, 3
2024/5/18, 42, 5, , , 4, 2
2024/5/19, 25, 3, , , 4, 2
2024/5/20, 25, 3, , , 4, 3
2024/5/21, 18, 4, , , 4, 3
2024/5/22, 27, 5, , , 4, 3
2024/5/23, 37, 5, , , 4, 2
2024/5/24, 32, 3, , , 4, 2
2024/5/25, 25, 4, , , 4, 3
2024/5/26, 24, 6, , , 4, 3
2024/5/27, 30, 5, , , 4, 3
2024/5/28, 25, 4, , , 4, 3
2024/5/29, 34, 7, , , 4, 3
2024/5/30, 45, 6, , , 5, 2
2024/5/31, 33, 8, , , 10, 3
2024/6/1, 54, 7, , , 5, 3
2024/6/2, 51, 12, , , 4, 5
2024/6/3, 58, 5, , , 4, 3
2024/6/4, 37, 6, , , 4, 3
2024/6/5, 39, 6, , , 4, 4
2024/6/6, 38, 7, , , 4, 3
2024/6/7, 35, 7, , , 4, 3
2024/6/8, 51, 9, , , 4, 3
2024/6/9, 56, 4, , , 4, 2
2024/6/10, 33, 7, , , 4, 2
2024/6/11, 35, 8, , , 4, 3
2024/6/12, 41, 9, , , 4, 2
2024/6/13, 50, 9, , , 4, 2
2024/6/14, 45, 12, , , 4, 4
2024/6/15, 56, 12, , , 4, 5
2024/6/16, 58, 10, , , 4, 4
2024/6/17, 54, 10, , , 4, 3
2024/6/18, 47, 9, , , 5, 3
2024/6/19, 50, 6, , , 4, 2
2024/6/20, 43, 6, , , 4, 3
2024/6/21, 51, 7, , , 4, 3
2024/6/22, 40, 9, , , 4, 3
2024/6/23, 62, 7, , , 4, 2
2024/6/24, 49, 5, , , 4, 2
2024/6/25, 39, 6, , , 4, 2
2024/6/26, 42, 7, , , 4, 3
2024/6/27, 44, 7, , , 5, 2
2024/6/28, 47, 6, , , 4, 2
2024/6/29, 35, 5, , , 4, 2
2024/6/30, 39, 6, , , 4, 3
2024/1/4, 50, 6, , , 2, 2
2024/1/5, 53, 5, , , 2, 2
2024/1/6, 51, 5, , , 2, 2
2024/1/7, 49, 5, , , 2, 2
2024/1/8, 42, 3, , , 2, 2
2024/1/9, 66, 4, , , 3, 4
2024/1/10, 57, 4, , , 2, 2
2024/1/11, 55, 3, , , 3, 3
2024/1/12, 58, 5, , , 3, 3
2024/1/13, 42, 3, , , 2, 2
2024/1/14, 47, 3, , , 2, 2
2024/1/15, 48, 3, , , 2, 3
2024/1/16, 157, 11, , , 4, 11
2024/1/17, 95, 5, , , 4, 7
2024/1/18, 63, 5, , , 5, 6
2024/1/19, 82, 6, , , 6, 6
2024/1/20, 151, 12, , , 6, 10
2024/1/21, 122, 10, , , 4, 12
2024/1/22, 71, 6, , , 3, 7
2024/1/23, 91, 8, , , 4, 7
2024/1/24, 100, 9, , , 3, 5
2024/1/25, 82, 7, , , 3, 3
2024/1/26, 62, 5, , , 3, 3
2024/1/27, 58, 3, , , 4, 3
2024/1/28, 98, 5, , , 5, 5
2024/1/29, 153, 13, , , 6, 10
2024/1/30, 138, 12, , , 5, 10
2024/1/31, 64, 5, , 1, 3, 3
2024/2/1, 53, 4, , , 3, 2
2024/2/2, 57, 5, , , 3, 3
2024/2/3, 51, 5, , , 3, 2
2024/2/4, 55, 5, , , 3, 2
2024/2/5, 66, 7, , , 3, 2
2024/2/6, 69, 7, , , 3, 2
2024/2/7, 66, 7, , , 3, 2
2024/2/8, 49, 5, , , 3, 1
2024/2/9, 59, 9, , , 3, 1
2024/2/10, 51, 5, , , 3, 2
2024/2/11, 66, 9, , , 3, 3
2024/2/12, 60, 8, , , 3, 4
2024/2/13, 67, 11, , , 3, 3
2024/2/14, 70, 10, , 1, 3, 3
2024/2/15, 75, 14, , , 9, 4
2024/2/16, 65, 11, , , 6, 5
2024/2/20, 67, 10, , , 4, 4
2024/2/21, 70, 12, , , 4, 4
2024/2/22, 98, 19, , , 5, 5
2024/2/23, 154, 47, , , 8, 9
2024/2/24, 152, 47, , , 11, 9
2024/2/25, 73, 11, , , 4, 4
2024/2/26, 71, 9, , , 3, 4
2024/2/27, 85, 13, , , 3, 4
2024/2/28, 83, 16, , , 3, 5
2024/2/29, 117, 35, , , 4, 8
2024/3/1, 94, 20, , , 4, 5
2024/3/2, 83, 16, , , 4, 4
2024/3/3, 63, 9, , , 3, 3
2024/3/4, 55, 7, , , 3, 3
2024/3/5, 65, 9, , , 5, 3
2024/3/6, 63, 9, , , 4, 3
2024/3/7, 73, 10, , , 3, 4
2024/3/8, 128, 37, , , 4, 9
2024/3/9, 104, 18, , , 3, 4
2024/3/10, 66, 9, , , 3, 2
2024/3/11, 66, 9, , , 3, 3
2024/3/12, 90, 16, , , 9, 3
2024/3/13, 69, 10, , , 3, 4
2024/3/14, 78, 13, , , 3, 4
2024/3/15, 75, 11, , , 3, 3
2024/3/16, 56, 7, , , 3, 2
2024/3/17, 68, 11, , , 3, 3
2024/3/18, 95, 21, , , 4, 5
2024/3/19, 58, 9, , , 3, 3
2024/3/20, 101, 17, , , 3, 4
2024/3/21, 119, 28, , , 4, 7
2024/3/22, 152, 42, , , 4, 10
2024/3/23, 96, 23, , , 4, 4
2024/3/24, 69, 14, , , 3, 4
2024/3/25, 63, 8, , , 3, 4
2024/3/26, 66, 11, , , 3, 4
2024/3/27, 59, 9, , , 3, 3
2024/3/28, 60, 7, , , 3, 3
2024/3/29, 56, 6, , , 3, 3
2024/3/30, 53, 6, , , 3, 3
2024/3/31, 51, 5, , , 3, 3
2023/10/1, 77, , , , 2, 4
2023/10/2, 61, 20, , 20, 2, 4
2023/10/3, 73, 17, , , 2, 8
2023/10/4, 99, 31, , , 3, 19
2023/10/5, 152, 15, , , 2, 7
2023/10/6, 90, 10, , , 2, 4
2023/10/7, 57, 5, , , 1, 3
2023/10/8, 36, 5, , , 1, 3
2023/10/9, 38, 7, , , 1, 3
2023/10/10, 49, 5, , , 1, 3
2023/10/11, 41, 10, , , 2, 5
2023/10/12, 63, 9, , , 2, 5
2023/10/13, 55, 3, , , 1, 3
2023/10/14, 26, 5, , , 1, 4
2023/10/15, 40, 7, , , 1, 4
2023/10/16, 46, 8, , , 1, 7
2023/10/17, 57, 11, , , 2, 5
2023/10/18, 54, 10, , , 2, 6
2023/10/19, 61, 10, , , 2, 4
2023/10/20, 66, 5, , , 2, 3
2023/10/21, 37, 6, , , 1, 2
2023/10/22, 38, 3, , , 1, 3
2023/10/23, 32, 5, , , 1, 2
2023/10/24, 32, 4, , , 2, 2
2023/10/25, 31, 5, , , 2, 3
2023/10/26, 40, 5, , , 2, 5
2023/10/27, 40, 10, , , 2, 3
2023/10/28, 57, 13, , , 2, 5
2023/10/29, 61, 6, , , 2, 2
2023/10/30, 36, 5, , , 2, 3
2023/10/31, 38, 5, , , 2, 3
2023/11/1, 32, 7, , , 2, 3
2023/11/2, 48, 8, , , 2, 4
2023/11/3, 49, 8, , , 2, 3
2023/11/4, 49, 11, , , 5, 4
2023/11/5, 64, 12, , , 3, 6
2023/11/6, 69, 16, , , 3, 6
2023/11/7, 87, 10, , , 2, 6
2023/11/8, 65, 6, , , 2, 3
2023/11/9, 37, 4, , , 2, 4
2023/11/10, 29, 5, , , 2, 3
2023/11/11, 29, 3, , , 2, 3
2023/11/12, 26, 6, , , 2, 4
2023/11/13, 44, 4, , , 2, 3
2023/11/14, 27, 4, , , 2, 2
2023/11/15, 28, 7, , , 2, 3
2023/11/16, 47, 11, , , 2, 4
2023/11/17, 59, 12, , , 2, 2
2023/11/18, 122, 4, , , 2, 3
2023/11/24, 39, 4, , , 2, 2
2023/11/25, 39, 9, , , 2, 4
2023/11/26, 50, 6, , , 2, 3
2023/11/27, 45, 6, , , 2, 3
2023/11/28, 44, 8, , , 2, 3
2023/11/29, 51, 6, , , 2, 2
2023/11/30, 41, 5, , , 2, 2
2023/12/1, 40, 5, , 5, 2, 2
2023/12/2, 31, 5, , , 2, 2
2023/12/3, 37, 6, , , 2, 3
2023/12/4, 45, 5, , , 2, 2
2023/12/5, 42, 7, , , 2, 3
2023/12/6, 51, 9, , , 2, 4
2023/12/7, 37, 10, , , 3, 4
2023/12/8, 17, 36, , , 4, 10
2023/12/28, 13, 4, , , 2, 1
2023/7/1, 38, 5, , 12, 3, 3
2023/7/2, 35, 4, , 9, 1, 3
2023/7/3, 31, 6, , 17, 1, 4
2023/7/4, 48, 7, , 10, 1, 3
2023/7/5, 44, 9, , 9, 1, 3
2023/7/6, 51, 9, , 11, 1, 3
2023/7/7, 51, 10, , 14, 1, 4
2023/7/8, 54, 8, , 10, 1, 3
2023/7/9, 42, 12, , 21, 1, 6
2023/7/10, 83, 9, , 14, 1, 3
2023/7/11, 47, 10, , 14, 1, 3
2023/7/12, 57, 8, , 9, 1, 3
2023/7/13, 51, 5, , 7, 1, 2
2023/7/14, 40, 3, , 5, 1, 2
2023/7/15, 43, 5, , 5, 1, 2
2023/7/16, 32, 6, , 12, 1, 3
2023/7/17, 41, 6, , 9, 1, 3
2023/7/18, 42, 4, , 8, 1, 3
2023/7/19, 25, 5, , 9, 1, 3
2023/7/20, 30, 5, , 10, 1, 3
2023/7/21, 30, 4, , 11, 1, 3
2023/7/22, 25, 6, , 12, 1, 3
2023/7/23, 46, 6, , 8, 1, 3
2023/7/24, 29, 7, , 15, 1, 4
2023/7/25, 38, 8, , 19, 1, 4
2023/7/26, 61, 6, , 11, 1, 3
2023/7/27, 39, 7, , 18, 1, 4
2023/7/28, 39, 8, , 9, 1, 3
2023/7/29, 44, 5, , 8, 1, 3
2023/7/30, 27, 7, , 12, 1, 3
2023/7/31, 38, 7, , 13, 3, 3
2023/8/1, 53, 6, , 10, 1, 3
2023/8/2, 40, 8, , 15, 2, 3
2023/8/3, 49, 7, , 14, 1, 3
2023/8/4, 43, 7, , 14, 1, 3
2023/8/5, 38, 7, , 11, 1, 3
2023/8/6, 44, 7, , 10, 1, 3
2023/8/7, 39, 5, , 9, 1, 3
2023/8/8, 40, 7, , 8, 1, 3
2023/8/9, 41, 8, , 14, 1, 3
2023/8/10, 53, 5, , 8, 1, 2
2023/8/11, 37, 4, , 7, 1, 3
2023/8/12, 32, 3, , 8, 1, 2
2023/8/13, 25, 3, , 8, 1, 3
2023/8/14, 23, 5, , 10, 1, 3
2023/8/15, 32, 6, , 10, 3, 3
2023/8/16, 43, 6, , 14, 1, 4
2023/8/17, 35, 7, , 15, 1, 4
2023/8/18, 42, 7, , 11, 1, 3
2023/8/19, 43, 11, , 17, 1, 7
2023/8/20, 57, 6, , 9, 1, 3
2023/8/21, 32, 6, , 9, 1, 3
2023/8/22, 37, 7, , 9, 1, 3
2023/8/23, 39, 6, , 10, 1, 3
2023/8/24, 34, 5, , 9, 1, 3
2023/8/25, 30, 6, , 9, 1, 3
2023/8/26, 34, 6, , 9, 1, 3
2023/8/27, 30, 4, , 8, 1, 3
2023/8/28, 22, 4, , 3, 1, 2
2023/8/31, 25, , , 2, 1, 2
2023/9/1, 26, , , 4, 1, 3
2023/9/2, 32, , , 2, 1, 2
2023/9/3, 26, , , 4, 1, 3
2023/9/4, 46, , , , 1, 3
2023/9/5, 27, , , , 1, 3
2023/9/6, 22, , , , 1, 4
2023/9/7, 35, , , , 1, 4
2023/9/8, 34, , , , 1, 3
2023/9/9, 36, , , , 1, 3
2023/9/10, 36, , , , 1, 3
2023/9/11, 40, , , , 1, 2
2023/9/12, 20, , , , 1, 3
2023/9/13, 41, , , , 1, 4
2023/9/14, 51, , , , 1, 8
2023/9/15, 70, , , , 5, 6
2023/9/16, 67, , , , 2, 8
2023/9/17, 83, , , , 4, 12
2023/9/18, 92, , , , 2, 7
2023/9/19, 63, , , , 1, 4
2023/9/20, 57, , , , 7, 6
2023/9/21, 68, , , , 1, 7
2023/9/22, 46, , , , 2, 3
2023/9/23, 31, , , , 1, 5
2023/9/24, 41, , , , 1, 5
2023/9/25, 45, , , , 1, 5
2023/9/26, 60, , , , 1, 5
2023/9/27, 60, , , , 1, 5
2023/9/28, 67, , , , 3, 7
2023/9/29, 67, , , , 1, 7
2023/9/30, 68, , , , 1, 6
2023/5/2, 76, 8, , 7, , 3
2023/5/3, 61, 10, , 11, , 4
2023/5/4, 52, 8, , 11, , 3
2023/5/5, 73, 15, , 24, , 7
2023/5/6, 98, 22, , 28, , 13
2023/5/7, 53, 9, , 12, 2, 3
2023/5/8, 74, 9, , 10, , 3
2023/5/9, 121, 38, , 13, , 5
2023/5/10, 140, 46, , 8, , 4
2023/5/11, 84, 19, , 8, 1, 3
2023/5/12, 108, 31, , 8, , 4
2023/5/13, 107, 30, , 7, , 3
2023/5/14, 58, 11, , 11, 3, 3
2023/5/15, 76, 16, , 16, , 5
2023/5/16, 106, 21, , 22, , 6
2023/5/17, 59, 10, , 7, , 3
2023/5/18, 35, 5, , 8, , 3
2023/5/19, 37, 4, , 6, , 3
2023/5/20, 42, 6, , 6, , 3
2023/5/21, 41, 7, , 9, , 3
2023/5/22, 45, 7, , 11, , 3
2023/5/23, 62, 10, , 18, 1, 4
2023/5/24, 51, 11, , 13, , 4
2023/5/25, 81, 15, , 16, 1, 4
2023/5/26, 65, 10, , 9, 1, 3
2023/5/27, 42, 5, , 8, , 3
2023/5/28, 43, 6, , 6, , 3
2023/6/1, 46, 8, , 12, , 3
2023/6/2, 45, 7, , 9, , 3
2023/6/3, 48, 8, , 8, , 3
2023/6/4, 42, 8, , 5, , 3
2023/6/5, 58, 6, , 10, , 3
2023/6/21, 17, 5, , 7, , 3
2023/6/22, 29, 4, , 8, , 3
2023/6/23, 32, 4, , 7, , 2
2023/6/24, 24, 3, , 8, 1, 3
2023/6/25, 31, 5, , 12, , 3
2023/6/26, 40, 4, , 8, , 2
2023/6/27, 21, 3, , 4, , 2
2023/6/28, 30, 4, , 5, , 2
2023/6/29, 32, 5, , 10, 1, 3
2023/6/30, 39, 6, , 11, 1, 3
2022/10/1, 57, 15, , , 14, 3
2022/10/2, 62, 14, , , 14, 3
2022/10/3, 47, 25, , , 15, 5
2022/10/4, 77, 30, , , , 7
2022/10/5, 94, 38, , , , 10
2022/10/6, 83, 25, , 13, , 5
2022/10/7, 68, 15, , 10, , 3
2022/10/8, 39, 9, , 7, , 3
2022/10/9, 41, 10, , 13, , 4
2022/10/10, 36, 18, , 15, 2, 5
2022/10/11, 54, 37, , 26, 10, 12
2022/10/12, 118, 19, , 15, 2, 4
2022/10/13, 54, 15, , 13, , 4
2022/10/14, 43, 23, , 20, , 5
2022/10/15, 91, 19, , 16, 2, 5
2022/10/16, 55, 12, , 9, , 4
2022/10/17, 44, 9, , 12, , 4
2022/10/18, 33, 15, , 7, , 3
2022/10/19, 29, 6, , 6, , 3
2022/10/20, 31, 8, , 7, , 2
2022/10/21, 29, 10, , 8, , 2
2022/10/22, 47, 5, , 5, , 3
2022/10/23, 29, 9, , 9, , 3
2022/10/24, 33, 8, , 8, , 3
2022/10/25, 33, 7, , 7, , 3
2022/10/26, 21, 7, , 6, , 3
2022/10/27, 28, 6, , 6, , 3
2022/10/28, 30, 15, , 11, 2, 4
2022/10/29, 58, 13, , 10, , 4
2022/10/30, 44, 10, , 10, , 4
2022/10/31, 37, 8, , 8, , 3
2022/11/1, 30, 6, , 9, , 3
2022/11/2, 24, 4, , 3, , 2
2022/11/3, 24, 3, , 3, , 2
2022/11/4, 18, 5, , 4, , 2
2022/11/5, 27, 7, , 5, , 3
2022/11/6, 35, 8, , 9, , 4
2022/11/7, 38, 13, , 11, , 5
2022/11/8, 60, 6, , 8, , 3
2022/11/9, 29, 6, , 7, , 2
2022/11/10, 29, 5, , 6, , 3
2022/11/11, 24, 3, , 4, , 2
2022/11/12, 14, 4, , 2, , 2
2022/11/13, 17, 7, , 2, , 2
2022/11/14, 28, 4, , 3, , 2
2022/11/15, 16, 6, , 5, , 2
2022/11/16, 26, 7, , 9, , 
2022/11/17, 32, 14, , 12, 1, 
2022/11/18, 50, 19, , 15, 3, 
2022/11/19, 69, 24, , 14, 4, 
2022/11/20, 82, 30, , 24, 5, 8
2022/11/21, 105, 20, , 17, 3, 4
2022/11/22, 62, 17, , 16, 1, 4
2022/11/23, 59, 16, , 20, 2, 4
2022/11/24, 56, 15, , 13, 3, 3
2022/11/25, 67, 26, , 14, 4, 6
2022/11/26, 72, 21, , 13, 5, 6
2022/11/27, 100, 18, , 12, 5, 6
2022/11/28, 87, 18, , 14, 2, 5
2022/11/29, 71, 25, , 18, 3, 6
2022/11/30, 110, 15, , 13, 3, 4
2022/12/1, 59, 16, , 13, 3, 4
2022/12/2, 50, 16, , 10, , 4
2022/12/3, 50, 26, , 15, 6, 5
2022/12/4, 77, 25, , 22, 4, 6
2022/12/5, 75, 73, , 36, 12, 17
2022/12/6, 171, 72, , 31, 17, 17
2022/12/7, 198, 46, , 36, 7, 13
2022/12/12, 30, 6, , 14, 1, 3
2022/12/13, 37, 24, , 16, 4, 5
2022/12/14, 103, 18, , 20, 3, 5
2022/12/15, 89, 45, , 33, 7, 13
2022/12/16, 88, 68, , 35, 11, 18
2022/12/20, 52, 15, , 13, 3, 4
2022/12/21, 50, 14, , 13, , 5
2022/7/1, 29, 16, , 19, 7, 4
2022/7/2, 46, 15, , 10, 7, 3
2022/7/3, 42, 27, , 7, 7, 2
2022/7/4, 36, 8, , 9, 7, 2
2022/7/5, 27, 6, , 10, 7, 2
2022/7/6, 19, 9, , 17, 7, 4
2022/7/7, 32, 8, , 13, 7, 3
2022/7/8, 36, 13, , 10, 7, 2
2022/7/9, 44, 10, , 12, 7, 3
2022/7/10, 32, 12, , 14, 7, 3
2022/7/11, 34, 12, , 11, 7, 2
2022/7/12, 27, 14, , 13, 8, 4
2022/7/13, 38, 15, , 17, 8, 3
2022/7/14, 21, 24, , 28, 8, 5
2022/7/15, 57, 20, , 15, 8, 3
2022/7/16, 44, 11, , 8, 8, 2
2022/7/21, 17, 13, , 10, 8, 3
2022/7/22, 32, 13, , 11, 8, 3
2022/7/23, 33, 14, , 10, 9, 3
2022/7/24, 34, 20, , 17, 9, 4
2022/7/25, 39, 24, , 25, 9, 3
2022/7/26, 48, 21, , 15, 9, 3
2022/7/27, 39, 11, , 14, 9, 3
2022/7/28, 30, 10, , 11, 9, 2
2022/7/29, 28, 10, , 12, 9, 3
2022/7/30, 30, 13, , 11, 9, 3
2022/7/31, 41, 15, , 15, 9, 4
2022/8/1, 40, 12, , 11, 9, 3
2022/8/2, 35, 10, , 8, 9, 2
2022/8/3, 25, 11, , 8, 9, 2
2022/8/4, 37, 12, , 8, 9, 2
2022/8/5, 25, 13, , 8, 9, 3
2022/8/6, 45, 21, , 12, 10, 4
2022/8/7, 63, 23, , 11, 10, 4
2022/8/8, 61, 16, , 9, 10, 3
2022/8/9, 51, 16, , 13, 10, 4
2022/8/10, 62, 12, , 11, 10, 3
2022/8/11, 42, 24, , 11, 10, 4
2022/8/12, 74, 17, , 10, 10, 4
2022/8/13, 48, 12, , 11, 10, 3
2022/8/14, 29, 10, , 11, 10, 2
2022/8/15, 40, 13, , 16, 11, 4
2022/8/16, 46, 14, , 13, 11, 4
2022/8/17, 44, 14, , 17, 11, 3
2022/8/18, 37, 10, , 12, 12, 3
2022/8/19, 30, 6, , 10, 12, 3
2022/8/28, 33, 22, , 12, 12, 4
2022/8/29, 59, 24, , 19, 12, 5
2022/8/30, 57, 26, , 21, 12, 5
2022/8/31, 57, 30, , 19, 12, 4
2022/9/1, 54, 37, , 29, 12, 7
2022/9/2, 63, 33, , 22, 12, 5
2022/9/3, 55, 15, , 6, 12, 3
2022/9/4, 43, 16, , 10, 13, 3
2022/9/5, 45, 20, , 11, 13, 3
2022/9/6, 39, 37, , 4, 13, 2
2022/9/7, 43, 13, , 7, 13, 3
2022/9/8, 24, 17, , , 13, 4
2022/9/9, 36, 19, , , 13, 4
2022/9/10, 38, 8, , , 13, 3
2022/9/11, 31, 7, , , 13, 3
2022/9/12, 32, 15, , , 13, 4
2022/9/13, 45, 14, , , 13, 4
2022/9/14, 50, 13, , , 13, 4
2022/9/15, 50, 14, , , 13, 2
2022/9/16, 40, 14, , , 13, 2
2022/9/17, 34, 15, , , 14, 3
2022/9/18, 57, 19, , , 13, 4
2022/9/19, 57, 30, , , 14, 8
2022/9/20, 93, 20, , , 14, 5
2022/9/21, 65, 23, , , 13, 7
2022/9/22, 82, 26, , , 13, 6
2022/9/23, 78, 22, , , 13, 5
2022/9/24, 51, 18, , , 13, 4
2022/9/25, 35, 22, , , 13, 3
2022/9/26, 42, 8, , , 13, 3
2022/9/27, 29, 7, , , 13, 2
2022/9/28, 45, 9, , , 14, 3
2022/9/29, 39, 11, , , 14, 3
2022/9/30, 56, 14, , , 14, 3
2022/4/1, 59, 16, , 22, 5, 4
2022/4/2, 41, 11, , 10, 6, 3
2022/4/3, 39, 8, , 10, 4, 2
2022/4/4, 27, 15, , 13, 4, 3
2022/4/5, 47, 24, , 22, 4, 6
2022/4/6, 68, 38, , 20, 7, 5
2022/4/7, 86, 33, , 17, 6, 4
2022/4/8, 68, 39, , 15, 6, 4
2022/4/9, 79, 40, , 6, 5, 3
2022/4/10, 61, 35, , 4, 4, 3
2022/4/11, 34, 34, , 4, 4, 3
2022/4/12, 41, 26, , 8, 4, 3
2022/4/13, 39, 35, , 16, 5, 4
2022/4/18, 170, 87, , 21, 7, 6
2022/4/19, 158, 46, , 20, 5, 5
2022/4/20, 114, 12, , 15, 5, 3
2022/4/21, 47, 14, , 12, 6, 3
2022/4/22, 58, 18, , 8, 5, 3
2022/4/23, 57, 20, , 4, 4, 3
2022/4/24, 41, 28, , 11, 4, 5
2022/4/25, 51, 36, , 18, 4, 4
2022/4/26, 56, 36, , 27, 5, 5
2022/4/27, 54, 26, , 19, 5, 4
2022/4/28, 29, 34, , 17, 5, 4
2022/4/29, 47, 34, , 25, 5, 5
2022/4/30, 75, 38, , 14, 5, 4
2022/5/1, 81, 41, , 11, 5, 4
2022/5/2, 87, 20, , 5, 4, 3
2022/5/3, 41, 29, , 7, 4, 3
2022/5/4, 28, 15, , 12, 5, 3
2022/5/5, 39, 29, , 11, 5, 3
2022/5/6, 44, 37, , 7, 5, 3
2022/5/7, 67, 23, , 7, 4, 3
2022/5/8, 65, 36, , 3, 4, 3
2022/5/9, 62, 31, , 5, 5, 3
2022/5/10, 55, 9, , 11, 5, 3
2022/5/11, 30, 20, , 23, 5, 4
2022/5/12, 43, 18, , 19, 5, 4
2022/5/13, 45, 18, , 15, 5, 3
2022/5/14, 37, 14, , 8, 5, 3
2022/5/15, 37, 22, , 12, 4, 3
2022/5/16, 46, 17, , 15, 3, 3
2022/5/17, 37, 13, , 21, 3, 3
2022/5/18, 44, 12, , 12, 3, 2
2022/5/19, 26, 17, , 15, 3, 3
2022/5/20, 31, 18, , 11, 4, 2
2022/5/21, 47, 8, , 8, 4, 2
2022/5/22, 82, 12, , 11, 4, 2
2022/5/23, 69, 14, , 18, 4, 3
2022/5/24, 54, 18, , 13, 4, 3
2022/5/25, 41, 22, , 12, 4, 3
2022/5/26, 40, 16, , 10, 4, 3
2022/5/27, 68, 11, , 17, 4, 3
2022/5/28, 44, 14, , 16, 4, 3
2022/5/29, 31, 22, , 18, 4, 4
2022/5/30, 38, 11, , 13, 4, 3
2022/5/31, 41, 7, , 10, 4, 2
2022/6/1, 41, 11, , 11, 4, 3
2022/6/2, 33, 19, , 23, 4, 4
2022/6/3, 61, 8, , 11, 4, 2
2022/6/4, 55, 8, , 9, 5, 2
2022/6/5, 59, 10, , 12, 4, 3
2022/6/6, 29, 14, , 15, 5, 3
2022/6/7, 29, 22, , 20, 5, 3
2022/6/8, 62, 20, , 27, 5, 5
2022/6/9, 112, 20, , 19, 5, 3
2022/6/10, 92, 15, , 11, 5, 3
2022/6/11, 27, 18, , 10, 5, 2
2022/6/12, 52, 17, , 17, 5, 3
2022/6/13, 44, 8, , 13, 5, 3
2022/6/14, 29, 11, , 12, 6, 3
2022/6/15, 44, 15, , 15, 6, 3
2022/6/16, 51, 15, , 16, 6, 3
2022/6/17, 33, 16, , 15, 6, 4
2022/6/18, 29, 24, , 30, 6, 6
2022/6/19, 52, 19, , 24, 6, 4
2022/6/20, 44, 21, , 15, 5, 3
2022/6/21, 45, 11, , 12, 6, 2
2022/6/22, 35, 15, , 13, 6, 3
2022/6/23, 39, 19, , 19, 6, 4
2022/6/24, 47, 22, , 14, 6, 3
2022/6/25, 57, 11, , 9, 6, 2
2022/6/26, 40, 12, , 10, 6, 2
2022/6/27, 31, 12, , 11, 6, 3
2022/6/28, 25, 10, , 11, 7, 2
2022/6/29, 24, 8, , 9, 7, 2
2022/6/30, 20, 13, , 12, 7, 3
2022/1/3, 73, 10, , 6, 4, 2
2022/1/4, 50, 7, , 6, 4, 2
2022/1/5, 36, 13, , 10, 5, 2
2022/1/6, 55, , , , , 
2022/1/7, 44, , , , , 
2022/1/8, 23, , , , , 
2022/1/9, 26, 26, , 42, 7, 8
2022/1/10, 101, 37, , 32, 21, 7
2022/1/11, 129, 28, , 23, 9, 5
2022/1/12, 96, 47, , 24, 14, 7
2022/1/13, 137, 27, , 16, 11, 4
2022/1/14, 103, 10, , 3, 4, 2
2022/1/15, 35, 8, , 4, 4, 2
2022/1/16, 32, 9, , 9, 4, 2
2022/1/17, 37, 19, , 27, 6, 5
2022/1/18, 43, 68, , 41, 24, 12
2022/1/19, 194, 49, , 42, 17, 12
2022/1/20, 192, 24, , 28, 8, 5
2022/1/21, 70, 86, , 44, 19, 17
2022/1/22, 238, 107, , 33, 23, 18
2022/1/23, 212, 140, , 40, 32, 24
2022/1/24, 218, 87, , 34, 14, 13
2022/1/25, 153, 12, , 22, 9, 5
2022/1/26, 50, 19, , 23, 11, 4
2022/1/27, 74, 41, , 40, 14, 10
2022/1/28, 189, 22, , 28, 8, 5
2022/1/29, 148, 14, , 8, 6, 2
2022/1/30, 49, 13, , 14, 4, 2
2022/1/31, 49, 16, , 19, 5, 3
2022/2/3, 145, 31, , 23, 11, 4
2022/2/4, 96, 32, , 30, 15, 6
2022/2/5, 95, 14, , 12, 5, 3
2022/2/6, 46, 12, , 11, 4, 3
2022/2/7, 48, 14, , 16, 4, 3
2022/2/8, 41, 50, , 42, 8, 10
2022/2/9, 183, 65, , 47, 14, 14
2022/2/10, 282, 26, , 22, 13, 5
2022/2/11, 130, 14, , 11, 7, 3
2022/2/12, 41, 10, , 12, 4, 3
2022/2/13, 32, 20, , 19, 4, 4
2022/2/14, 62, 20, , 10, 8, 3
2022/2/15, 62, 19, , 21, 10, 4
2022/2/16, 59, 12, , 11, 20, 2
2022/2/17, 48, 13, , 17, 10, 3
2022/2/18, 36, 32, , 33, 11, 7
2022/2/19, 102, 18, , 15, 6, 3
2022/2/20, 42, 22, , 25, 8, 4
2022/2/21, 64, 23, , 28, 7, 4
2022/2/22, 76, 15, , 21, 4, 3
2022/2/23, 55, 11, , 15, 4, 2
2022/2/24, 44, 12, , 19, 5, 3
2022/2/25, 40, 49, , 33, 10, 8
2022/2/26, 129, 20, , 20, 7, 5
2022/2/27, 83, 60, , 61, 8, 17
2022/2/28, 210, 36, , 35, 17, 6
2022/3/1, 143, 33, , 42, 29, 6
2022/3/2, 98, 26, , 22, 15, 4
2022/3/3, 102, 12, , 16, 5, 3
2022/3/4, 38, 11, , 11, 7, 3
2022/3/5, 43, 5, , 2, 4, 1
2022/3/6, 29, 10, , 4, 4, 2
2022/3/7, 21, 10, , 12, 5, 3
2022/3/8, 27, 37, , 27, 9, 7
2022/3/9, 140, 27, , 16, 8, 5
2022/3/10, 116, 22, , 15, 9, 4
2022/3/11, 107, 16, , 12, 11, 3
2022/3/12, 94, 22, , 12, 8, 4
2022/3/13, 105, 25, , 21, 11, 5
2022/3/14, 88, 18, , 27, 6, 4
2022/3/15, 61, 42, , 39, 9, 7
2022/3/16, 110, 40, , 28, 11, 7
2022/3/17, 154, 30, , 18, 8, 5
2022/3/18, 91, 45, , 27, 10, 7
2022/3/19, 131, 38, , 26, 11, 6
2022/3/20, 150, 13, , 4, 7, 2
2022/3/21, 36, 11, , 6, 4, 2
2022/3/22, 31, 8, , 6, 4, 2
2022/3/23, 25, 6, , 9, 5, 2
2022/3/24, 29, 9, , 8, 4, 2
2022/3/25, 34, 15, , 10, 6, 2
2022/3/26, 71, 30, , 22, 11, 4
2022/3/27, 98, 12, , 12, 4, 2
2022/3/28, 54, 10, , 6, 4, 2
2022/3/29, 43, 6, , 5, 4, 1
2022/3/30, 34, 8, , 9, 4, 2
2022/3/31, 29, 16, , 29, 6, 5
2021/10/1, 42, 9, , 11, 1, 3
2021/10/2, 30, 14, , 15, 1, 5
2021/10/3, 45, 12, , 10, 1, 4
2021/10/4, 58, 14, , 12, 11, 4
2021/10/5, 48, 18, , 17, 10, 5
2021/10/6, 44, 25, , 25, 2, 7
2021/10/7, 72, 27, , 25, 2, 6
2021/10/8, 55, 37, , 31, 1, 7
2021/10/9, 47, 43, , 29, 4, 6
2021/10/10, 72, 18, , 15, 8, 4
2021/10/11, 73, 29, , 20, 3, 6
2021/10/12, 61, 32, , 19, 2, 5
2021/10/13, 45, 45, , 29, 5, 6
2021/10/14, 113, 71, , 35, 10, 15
2021/10/15, 176, 48, , 26, 11, 8
2021/10/16, 120, 52, , 33, 6, 7
2021/10/17, 148, 60, , 42, 4, 9
2021/10/18, 102, 75, , 44, 6, 11
2021/10/19, 187, 46, , 21, 3, 4
2021/10/20, 85, 19, , 10, 2, 3
2021/10/21, 43, 17, , 4, 1, 2
2021/10/22, 16, 9, , 5, 1, 2
2021/10/23, 27, 15, , 5, 1, 2
2021/10/24, 33, 19, , 12, 2, 3
2021/10/25, 27, 21, , 10, 3, 3
2021/10/26, 33, 45, , 27, 4, 8
2021/10/27, 100, 49, , 20, 2, 5
2021/10/28, 42, 24, , 9, 1, 3
2021/10/29, 18, 9, , 8, 1, 3
2021/10/30, 26, 6, , 6, 1, 3
2021/10/31, 27, 6, , 8, 1, 3
2021/11/1, 21, 17, , 9, 2, 3
2021/11/2, 65, 28, , 17, 14, 5
2021/11/3, 91, 10, , 14, 9, 4
2021/11/4, 49, 8, , 10, 1, 3
2021/11/5, 16, 16, , 14, 1, 3
2021/11/6, 15, 21, , 10, 2, 3
2021/11/7, 26, 39, , 18, 4, 4
2021/11/8, 34, 31, , 15, 3, 3
2021/11/9, 45, 26, , 8, 3, 3
2021/11/10, 53, 24, , 14, 3, 3
2021/11/11, 63, 12, , 8, 1, 3
2021/11/12, 53, 11, , 6, 1, 2
2021/11/13, 19, 14, , 5, 1, 2
2021/11/14, 29, 10, , 13, 1, 4
2021/11/15, 44, 62, , 32, 7, 12
2021/11/16, 105, 41, , 24, 5, 9
2021/11/17, 127, 18, , 16, 2, 4
2021/11/18, 55, 15, , 16, 4, 4
2021/11/19, 59, 10, , 7, 2, 2
2021/11/20, 30, 9, , 4, 2, 2
2021/11/21, 37, 13, , 4, 2, 2
2021/11/22, 34, 5, , 10, 2, 2
2021/11/23, 23, 26, , 22, 4, 5
2021/11/24, 75, 29, , 22, 11, 5
2021/11/25, 95, 9, , 15, 3, 3
2021/11/26, 36, 6, , 7, 3, 2
2021/11/27, 20, 22, , 25, 6, 6
2021/11/28, 48, 27, , 31, 10, 6
2021/11/29, 102, 17, , 24, 4, 4
2021/11/30, 51, 17, , 16, 4, 3
2021/12/1, 69, 11, , 6, 4, 2
2021/12/2, 38, 9, , 13, 2, 2
2021/12/3, 45, 8, , 9, 2, 2
2021/12/4, 32, 21, , 18, 4, 4
2021/12/5, 78, 8, , 13, 2, 3
2021/12/6, 27, 19, , 17, 4, 4
2021/12/7, 69, 55, , 35, 13, 13
2021/12/8, 142, 16, , 18, 7, 4
2021/12/9, 74, 23, , 21, 12, 5
2021/12/10, 66, 35, , 40, 12, 8
2021/12/11, 122, 39, , 18, 8, 6
2021/12/12, 93, 35, , 34, 8, 10
2021/12/14, 57, 8, , 16, 4, 3
2021/12/15, 33, 5, , 7, 4, 2
2021/12/16, 18, 8, , 5, 3, 2
2021/12/17, 31, 12, , 13, 3, 3
2021/12/18, 54, 16, , 6, 3, 2
2021/12/19, 68, 9, , 13, 2, 3
2021/12/20, 43, 11, , 13, 4, 3
2021/12/21, 48, 10, , 9, 6, 3
2021/12/22, 47, 8, , 10, 3, 2
2021/12/23, 40, 17, , 16, 4, 4
2021/12/24, 51, 49, , 20, 11, 7
2021/12/25, 119, 38, , 13, 9, 5
2021/12/26, 100, 45, , 27, 16, 7
2021/12/27, 116, 11, , 7, 4, 2
2021/12/28, 35, 10, , 15, 3, 3
2021/12/29, 35, 43, , 37, 9, 9
2021/12/30, 126, 23, , 20, 9, 5
2021/12/31, 113, 27, , 15, 10, 4
2022/1/1, 103, 24, , 7, 7, 3
2022/1/2, 77, 18, , 6, 4, 2
2021/7/1, 37, 31, , 7, 3, 2
2021/7/2, 56, 30, , 7, 3, 2
2021/7/3, 38, 24, , 5, 3, 2
2021/7/4, 36, 26, , 10, 2, 2
2021/7/5, 48, 27, , 6, 2, 2
2021/7/6, 76, 17, , 4, 3, 1
2021/7/7, 70, 32, , 4, 2, 1
2021/7/8, 41, 12, , 4, 2, 1
2021/7/9, 19, 10, , 7, 2, 2
2021/7/10, 31, 14, , 8, 3, 2
2021/7/11, 34, 18, , 8, 2, 2
2021/7/12, 48, 5, , 4, 2, 2
2021/7/13, 21, 2, , 5, 2, 2
2021/7/14, 17, 7, , 6, 2, 2
2021/7/15, 17, 8, , 8, 2, 2
2021/7/16, 25, 19, , 8, 3, 2
2021/7/17, 31, 14, , 7, 3, 2
2021/7/18, 38, 26, , 12, 3, 3
2021/7/19, 49, 23, , 5, 3, 1
2021/7/20, 26, 24, , 8, 3, 2
2021/7/21, 39, 35, , 9, 5, 2
2021/7/22, 63, 32, , 12, 4, 3
2021/7/23, 52, 40, , 12, 4, 3
2021/7/24, 60, 25, , 5, 3, 2
2021/7/25, 42, 23, , 5, 4, 2
2021/7/26, 27, 23, , 7, 5, 2
2021/7/27, 40, 30, , 12, 3, 4
2021/7/28, 46, 26, , 10, 3, 2
2021/7/29, 44, 24, , 8, 3, 3
2021/7/30, 38, 44, , 10, 3, 3
2021/7/31, 43, 22, , 8, 3, 3
2021/8/1, 48, 24, , 7, 3, 3
2021/8/2, 44, 25, , 8, , 3
2021/8/3, 51, 29, , 10, , 3
2021/8/4, 58, 28, , 9, 2, 3
2021/8/5, 51, 40, , 14, , 4
2021/8/6, 61, 47, , , , 3
2021/8/7, 59, 15, , , 2, 2
2021/8/8, 35, 17, , , , 2
2021/8/10, 108, 24, , 6, , 5
2021/8/11, 84, 10, , 3, 2, 5
2021/8/12, 38, 20, , 7, 3, 3
2021/8/13, 71, 26, , 9, 1, 3
2021/8/14, 66, 19, , 9, 8, 3
2021/8/15, 53, 30, , 14, 7, 4
2021/8/16, 59, 40, , 13, 3, 5
2021/8/17, 77, 43, , , 5, 7
2021/8/18, 71, 31, , , 2, 5
2021/8/19, 60, 33, , , 6, 3
2021/8/20, 42, 28, , , 1, 3
2021/8/21, 43, 24, , , 2, 3
2021/8/22, 52, 30, , , 1, 2
2021/8/23, 37, 32, , , 1, 3
2021/8/24, 53, 34, , , 2, 3
2021/8/25, 58, 34, , , 3, 3
2021/8/26, 50, 43, , , 3, 4
2021/8/27, 59, 35, , , 1, 3
2021/8/28, 63, 12, , , , 2
2021/8/29, 49, 13, , , 8, 3
2021/8/30, 42, 23, , , 6, 4
2021/8/31, 57, 26, , , 8, 3
2021/9/1, 51, 21, , , 1, 3
2021/9/2, 33, 35, , , 2, 3
2021/9/3, 43, 41, , , 1, 3
2021/9/4, 41, 38, , , 1, 3
2021/9/5, 46, 42, , , 1, 5
2021/9/6, 52, 33, , , 4, 3
2021/9/7, 49, 15, , , 1, 4
2021/9/8, 46, 24, , , 1, 3
2021/9/9, 30, 24, , , , 3
2021/9/10, 31, 7, , , , 3
2021/9/11, 39, 7, , , 1, 3
2021/9/12, 22, 13, , , 1, 4
2021/9/13, 18, 25, , , 1, 4
2021/9/14, 21, 35, , , 1, 4
2021/9/15, 31, 35, , , 1, 3
2021/9/16, 31, 14, , , 1, 4
2021/9/17, 31, 9, , , 1, 3
2021/9/18, 26, 9, , , 1, 3
2021/9/19, 24, 16, , 19, 1, 3
2021/9/20, 26, 24, , 22, 2, 7
2021/9/21, 63, 30, , 21, 1, 8
2021/9/22, 67, 27, , 21, 2, 5
2021/9/23, 59, 30, , 24, 4, 7
2021/9/24, 64, 93, , 39, 7, 16
2021/9/25, 122, 56, , 23, 6, 7
2021/9/26, 178, 49, , 6, 2, 3
2021/9/27, 37, 10, , 12, 1, 4
2021/9/28, 26, 12, , 14, 1, 4
2021/9/29, 59, 15, , 15, 3, 4
2021/9/30, 63, 11, , 12, 1, 4
2021/4/1, 168, 12, , 10, 4, 3
2021/4/2, 36, 13, , 7, 6, 3
2021/4/3, 51, 10, , 5, 3, 2
2021/4/4, 28, 8, , 8, 2, 3
2021/4/5, 32, 10, , 10, 2, 3
2021/4/6, 26, 18, , 12, 2, 4
2021/4/7, 60, 18, , 9, 2, 3
2021/4/8, 59, 25, , 15, 11, 4
2021/4/9, 70, 23, , 11, 8, 4
2021/4/10, 68, 24, , 7, 4, 4
2021/4/11, 65, 52, , 14, 6, 7
2021/4/12, 88, 47, , 11, 4, 5
2021/4/13, 116, 70, , 18, 10, 7
2021/4/14, 104, 139, , 30, 17, 16
2021/4/15, 216, 99, , 23, 6, 8
2021/4/16, 187, 45, , 10, 4, 3
2021/4/17, 56, 67, , 13, 4, 5
2021/4/18, 100, 37, , 6, 4, 3
2021/4/19, 55, 40, , 8, 2, 3
2021/4/20, 64, 56, , 12, 4, 5
2021/4/21, 126, 50, , 10, 3, 4
2021/4/22, 95, 46, , 9, 2, 3
2021/4/23, 72, 28, , 6, 3, 2
2021/4/24, 37, 41, , 5, 2, 2
2021/4/25, 35, 18, , 9, 2, 3
2021/4/26, 23, 38, , 8, 2, 2
2021/4/27, 31, 31, , 8, 2, 3
2021/4/28, 30, 38, , 17, 2, 4
2021/4/29, 58, 34, , 12, 3, 3
2021/4/30, 47, 37, , 9, 2, 3
2021/5/1, 45, 34, , 12, 3, 4
2021/5/2, 54, 40, , 14, 2, 4
2021/5/3, 59, 20, , 7, 2, 2
2021/5/4, 28, 34, , 9, 2, 3
2021/5/5, 51, 29, , 10, 2, 3
2021/5/6, 38, 30, , 8, 3, 2
2021/5/7, 46, 35, , 5, 2, 2
2021/5/8, 59, 10, , 4, 2, 2
2021/5/9, 43, 16, , 8, 2, 3
2021/5/10, 52, 33, , 9, 2, 3
2021/5/11, 58, 50, , 18, 3, 5
2021/5/12, 85, 39, , 11, 7, 3
2021/5/13, 56, 30, , 10, 2, 3
2021/5/14, 41, 34, , 15, 2, 3
2021/5/15, 35, 31, , 9, 2, 3
2021/5/16, 42, 37, , 12, 8, 2
2021/5/17, 58, 49, , 15, 2, 3
2021/5/18, 57, 37, , 9, 2, 2
2021/5/19, 56, 26, , 11, 2, 2
2021/5/20, 36, 37, , 11, 2, 3
2021/5/21, 30, 33, , 10, 2, 3
2021/5/22, 29, 37, , 16, 2, 3
2021/5/23, 38, 61, , 24, 2, 6
2021/5/24, 52, 50, , 20, 2, 5
2021/5/25, 52, 51, , 15, 2, 3
2021/5/26, 61, 38, , 10, 2, 2
2021/5/27, 43, 32, , 7, 2, 2
2021/5/28, 35, 37, , 5, 2, 2
2021/5/29, 27, 31, , 4, 2, 2
2021/5/30, 27, 27, , 9, 2, 2
2021/5/31, 28, 33, , 7, 2, 2
2021/6/1, 54, 27, , 6, 2, 2
2021/6/2, 49, 21, , 8, 2, 2
2021/6/3, 28, 16, , 10, 2, 2
2021/6/4, 40, 16, , 9, 2, 2
2021/6/5, 32, 23, , 15, 2, 4
2021/6/6, 58, 24, , 9, 2, 2
2021/6/7, 37, 29, , 11, 2, 2
2021/6/8, 31, 29, , 7, 2, 1
2021/6/9, 33, 33, , 8, 2, 2
2021/6/10, 29, 22, , 7, 2, 2
2021/6/11, 29, 23, , 10, 2, 2
2021/6/12, 32, 34, , 14, 2, 3
2021/6/13, 67, 28, , 11, 2, 2
2021/6/14, 40, 19, , 8, 3, 2
2021/6/15, 26, 29, , 12, 3, 3
2021/6/16, 43, 24, , 14, 4, 3
2021/6/17, 47, 33, , 7, 2, 2
2021/6/18, 54, 11, , 4, 2, 1
2021/6/19, 29, 8, , 7, 2, 2
2021/6/20, 29, 8, , 9, 3, 2
2021/6/21, 36, 7, , 7, 2, 2
2021/6/22, 33, 7, , 9, 2, 2
2021/6/23, 29, 11, , 6, 2, 2
2021/6/24, 24, 17, , 12, 2, 3
2021/6/25, 29, 18, , 8, 2, 2
2021/6/26, 23, 20, , 6, 2, 2
2021/6/27, 24, 22, , 10, 7, 2
2021/6/28, 56, 14, , 6, 2, 2
2021/6/29, 31, 25, , 6, 3, 2
2021/6/30, 36, 28, , 7, 3, 2
2021/1/4, 102, 42, , , 9, 7
2021/1/5, 189, 69, , , 19, 11
2021/1/6, 148, 80, , , 21, 13
2021/1/7, 162, 69, , , 17, 13
2021/1/8, 187, 32, , 4, 12, 5
2021/1/9, 98, 19, , 4, 9, 3
2021/1/10, 74, 20, , 8, 7, 4
2021/1/11, 68, 22, , 5, 4, 3
2021/1/12, 58, 34, , 15, 6, 7
2021/1/13, 115, 53, , 15, 9, 9
2021/1/14, 124, 22, , 10, 6, 4
2021/1/15, 66, 15, , 6, 8, 3
2021/1/16, 41, 10, , 4, 2, 3
2021/1/17, 42, 28, , 15, 7, 6
2021/1/18, 86, 65, , 17, 12, 10
2021/1/19, 198, 20, , 8, 7, 4
2021/1/20, 80, 16, , 15, 3, 6
2021/1/21, 53, 21, , 11, 4, 5
2021/1/22, 67, 21, , 9, 4, 4
2021/1/23, 64, 69, , 17, 12, 11
2021/1/24, 201, 25, , 9, 7, 4
2021/1/25, 77, 16, , 13, 3, 4
2021/1/26, 61, 9, , 11, 2, 3
2021/1/27, 36, 14, , 15, 2, 4
2021/1/28, 45, 23, , 14, 7, 4
2021/1/29, 83, 47, , 27, 8, 10
2021/1/30, 122, 49, , 18, 8, 10
2021/1/31, 115, 127, , 32, 12, 21
2021/2/1, 185, 22, , 18, 3, 5
2021/2/2, 70, 12, , 7, 4, 2
2021/2/3, 49, 14, , 11, 7, 3
2021/2/4, 37, 15, , 10, 7, 3
2021/2/8, 25, 10, , 5, 1, 2
2021/2/11, 97, 28, , 15, 10, 5
2021/2/12, 56, 14, , 16, 3, 4
2021/2/13, 52, 13, , 6, 4, 3
2021/2/14, 40, 11, , 10, 4, 3
2021/2/15, 41, 10, , 11, 3, 3
2021/2/16, 50, 34, , 16, 19, 6
2021/2/17, 108, 26, , 8, 6, 4
2021/2/18, 105, 14, , 9, 3, 4
2021/2/19, 56, 21, , 11, 4, 4
2021/2/20, 63, 18, , 9, 7, 4
2021/2/21, 53, 24, , 18, 4, 6
2021/2/22, 86, 26, , 8, 5, 4
2021/2/23, 53, 14, , 5, 5, 2
2021/2/24, 53, 14, , 4, 4, 2
2021/2/25, 40, 12, , 6, 4, 3
2021/2/26, 37, 12, , 4, 5, 2
2021/2/27, 51, 10, , 4, 3, 2
2021/2/28, 36, 6, , 7, 2, 3
2021/3/1, 29, 13, , 12, 3, 4
2021/3/2, 59, 12, , 7, 4, 3
2021/3/3, 49, 9, , 4, 3, 2
2021/3/4, 28, 6, , 4, 2, 2
2021/3/5, 22, 6, , 3, 3, 2
2021/3/6, 19, 10, , 8, 3, 2
2021/3/7, 36, 8, , 6, 4, 3
2021/3/8, 35, 13, , 9, 3, 3
2021/3/9, 52, 16, , 9, 3, 3
2021/3/10, 51, 9, , 6, 1, 2
2021/3/11, 24, 11, , 8, 1, 3
2021/3/12, 41, 13, , 14, 4, 5
2021/3/13, 56, 47, , 24, 10, 7
2021/3/14, 123, 30, , 31, 5, 8
2021/3/15, 106, 24, , 20, 6, 5
2021/3/16, 88, 10, , 12, 3, 3
2021/3/17, 32, 15, , 12, 4, 3
2021/3/18, 41, 13, , 9, 5, 3
2021/3/19, 43, 9, , 6, 2, 2
2021/3/20, 38, 8, , 5, 2, 2
2021/3/21, 45, 10, , 6, 2, 3
2021/3/22, 51, 30, , 8, 5, 4
2021/3/23, 72, 14, , 10, 2, 3
2021/3/24, 48, 50, , 27, 12, 9
2021/3/25, 124, 41, , 17, 6, 7
2021/3/26, 119, 11, , 10, 3, 3
2021/3/27, 48, 11, , 8, 2, 3
2021/3/28, 40, 7, , 8, 2, 3
2021/3/29, 29, 19, , 21, 3, 4
2021/3/30, 73, 28, , 21, 5, 5
2021/3/31, 90, 48, , 30, 5, 8
2020/10/1, 227, , , , , 
2020/10/2, 150, , , , , 
2020/10/3, 71, , , , , 
2020/10/4, 57, , , , , 
2020/10/5, 83, , , , , 
2020/10/6, 43, , , , , 
2020/10/7, 47, , , , , 
2020/10/8, 67, , , , , 
2020/10/9, 34, , , , , 
2020/10/10, 26, , , , , 
2020/10/11, 55, , , , , 
2020/10/12, 69, , , , , 
2020/10/13, 67, , , , , 
2020/10/14, 78, , , , , 
2020/10/15, 30, , , , , 
2020/10/16, 73, , , , , 
2020/10/17, 42, , , , , 
2020/10/18, 57, , , , , 
2020/10/19, 56, , , , , 
2020/10/20, 47, , , , , 
2020/10/21, 45, , , , , 
2020/10/22, 21, , , , , 
2020/10/23, 15, , , , , 
2020/10/24, 25, , , , , 
2020/10/25, 19, , , , , 
2020/10/26, 30, , , , , 
2020/10/27, 13, , , , , 
2020/10/28, 33, , , , , 
2020/10/29, 22, , , , , 
2020/10/30, 48, , , , , 
2020/10/31, 89, , , , , 
2020/11/1, 87, , , , , 
2020/11/2, 56, , , , , 
2020/11/3, 54, , , , , 
2020/11/4, 42, , , , , 
2020/11/5, 13, , , , , 
2020/11/6, 31, , , , , 
2020/11/7, 31, , , , , 
2020/11/8, 26, , , , , 
2020/11/9, 9, , , , , 
2020/11/10, 17, , , , , 
2020/11/11, 13, , , , , 
2020/11/12, 34, , , , , 
2020/11/13, 15, , , , , 
2020/11/14, 20, , , , , 
2020/11/15, 36, 1, , 12, 14, 4
2020/11/16, 60, 1, , 16, 7, 10
2020/11/17, 127, 1, , 13, 2, 5
2020/11/18, 51, 1, , 9, 2, 3
2020/11/19, 27, 1, , 9, 4, 3
2020/11/20, 37, 1, , 16, 6, 6
2020/11/21, 60, 1, , 20, 10, 11
2020/11/22, 153, 1, , 17, 11, 10
2020/11/23, 145, 1, , 11, 7, 5
2020/11/24, 118, 1, , 11, 3, 4
2020/11/25, 58, 1, , 14, 5, 6
2020/11/26, 83, 1, , 17, 7, 7
2020/11/27, 107, 1, , 11, 9, 5
2020/11/28, 135, 1, , 12, 21, 5
2020/11/29, 93, 1, , 15, 15, 8
2020/11/30, 145, 1, , 16, 17, 13
2020/12/1, 198, 1, , 7, 7, 4
2020/12/2, 128, 1, , 19, 23, 14
2020/12/3, 174, 1, , 13, 14, 9
2020/12/4, 153, 1, , 14, 12, 8
2020/12/5, 156, 1, , 19, 26, 18
2020/12/6, 295, 1, , 27, 19, 18
2020/12/7, 235, 1, , 13, 12, 4
2020/12/8, 76, 1, , 13, 3, 4
2020/12/9, 45, 1, , 14, 4, 5
2020/12/10, 68, 1, , 12, 7, 5
2020/12/11, 71, 1, , 8, 1, 3
2020/12/12, 32, 1, , 6, 1, 2
2020/12/13, 15, 1, , 11, 2, 4
2020/12/14, 31, 1, , 12, 2, 4
2020/12/15, 35, 1, , 7, 3, 3
2020/12/16, 54, 1, , 7, 7, 4
2020/12/17, 75, 1, , 4, 10, 3
2020/12/18, 60, 1, , , 6, 3
2020/12/19, 60, 1, , , 14, 4
2020/12/20, 92, 1, , , 4, 3
2020/12/21, 37, 1, , , 2, 3
2020/12/22, 18, 1, , , 5, 3
2020/12/23, 26, 1, , , 6, 3
2020/12/24, 45, 1, , , 7, 6
2020/12/25, 97, 1, , , 17, 15
2020/12/26, 242, 1, , , 8, 6
2020/12/27, 124, 1, , , 5, 3
2020/12/28, 50, 9, , , 7, 3
2020/12/29, 28, 12, , , 4, 4
2020/12/30, 53, 17, , , 7, 5
2020/12/31, 68, 113, , , 20, 17
2021/1/1, 194, 125, , , 28, 24
2021/1/2, 314, 63, , , 22, 15
2021/1/3, 209, 29, , , 11, 5
2020/7/1, 40, , , , , 
2020/7/2, 31, , , , , 
2020/7/3, 30, , , , , 
2020/7/4, 29, , , , , 
2020/7/5, 28, , , , , 
2020/7/6, 35, , , , , 
2020/7/7, 58, , , , , 
2020/7/8, 50, , , , , 
2020/7/9, 41, , , , , 
2020/7/10, 56, , , , , 
2020/7/11, 37, , , , , 
2020/7/12, 44, , , , , 
2020/7/13, 38, , , , , 
2020/7/14, 60, , , , , 
2020/7/15, 51, , , , , 
2020/7/16, 26, , , , , 
2020/7/17, 50, , , , , 
2020/7/18, 63, , , , , 
2020/7/19, 45, , , , , 
2020/7/20, 52, , , , , 
2020/7/21, 41, , , , , 
2020/7/22, 27, , , , , 
2020/7/23, 37, , , , , 
2020/7/24, 33, , , , , 
2020/7/25, 20, , , , , 
2020/7/26, 37, , , , , 
2020/7/27, 44, , , , , 
2020/7/28, 38, , , , , 
2020/7/29, 32, , , , , 
2020/7/30, 48, , , , , 
2020/7/31, 48, , , , , 
2020/8/1, 41, , , , , 
2020/8/2, 44, , , , , 
2020/8/3, 55, , , , , 
2020/8/4, 39, , , , , 
2020/8/5, 46, , , , , 
2020/8/6, 56, , , , , 
2020/8/7, 59, , , , , 
2020/8/8, 49, , , , , 
2020/8/9, 38, , , , , 
2020/8/10, 25, , , , , 
2020/8/11, 22, , , , , 
2020/8/12, 14, , , , , 
2020/8/16, 48, , , , , 
2020/8/17, 23, , , , , 
2020/8/18, 17, , , , , 
2020/8/19, 14, , , , , 
2020/8/20, 10, , , , , 
2020/8/21, 13, , , , , 
2020/8/22, 12, , , , , 
2020/8/23, 20, , , , , 
2020/8/24, 75, , , , , 
2020/8/25, 56, , , , , 
2020/8/26, 44, , , , , 
2020/8/27, 34, , , , , 
2020/8/28, 40, , , , , 
2020/8/29, 62, , , , , 
2020/8/30, 77, , , , , 
2020/8/31, 76, , , , , 
2020/9/1, 64, , , , , 
2020/9/2, 59, , , , , 
2020/9/3, 17, , , , , 
2020/9/4, 16, , , , , 
2020/9/5, 75, , , , , 
2020/9/6, 81, , , , , 
2020/9/7, 40, , , , , 
2020/9/8, 33, , , , , 
2020/9/9, 61, , , , , 
2020/9/10, 70, , , , , 
2020/9/11, 49, , , , , 
2020/9/12, 45, , , , , 
2020/9/13, 60, , , , , 
2020/9/14, 54, , , , , 
2020/9/15, 36, , , , , 
2020/9/16, 16, , , , , 
2020/9/17, 11, , , , , 
2020/9/18, 22, , , , , 
2020/9/19, 48, , , , , 
2020/9/20, 24, , , , , 
2020/9/21, 19, , , , , 
2020/9/22, 13, , , , , 
2020/9/23, 12, , , , , 
2020/9/24, 13, , , , , 
2020/9/25, 39, , , , , 
2020/9/26, 66, , , , , 
2020/9/27, 82, , , , , 
2020/9/28, 181, , , , , 
2020/9/29, 72, , , , , 
2020/9/30, 72, , , , , 
2020/4/1, 42, , , , , 
2020/4/2, 58, , , , , 
2020/4/3, 96, , , , , 
2020/4/4, 98, , , , , 
2020/4/5, 36, , , , , 
2020/4/6, 34, , , , , 
2020/4/7, 23, , , , , 
2020/4/8, 15, , , , , 
2020/4/9, 22, , , , , 
2020/4/10, 41, , , , , 
2020/4/11, 60, , , , , 
2020/4/12, 39, , , , , 
2020/4/13, 36, , , , , 
2020/4/14, 36, , , , , 
2020/4/15, 30, , , , , 
2020/4/16, 30, , , , , 
2020/4/17, 45, , , , , 
2020/4/18, 32, , , , , 
2020/4/19, 55, , , , , 
2020/4/20, 107, , , , , 
2020/4/21, 45, , , , , 
2020/4/22, 53, , , , , 
2020/4/23, 25, , , , , 
2020/4/24, 56, , , , , 
2020/4/25, 27, , , , , 
2020/4/26, 50, , , , , 
2020/4/27, 59, , , , , 
2020/4/28, 50, , , , , 
2020/4/29, 25, , , , , 
2020/4/30, 21, , , , , 
2020/5/1, 24, , , , , 
2020/5/2, 39, , , , , 
2020/5/3, 73, , , , , 
2020/5/4, 31, , , , , 
2020/5/5, 56, , , , , 
2020/5/6, 48, , , , , 
2020/5/7, 48, , , , , 
2020/5/8, 32, , , , , 
2020/5/9, 36, , , , , 
2020/5/10, 30, , , , , 
2020/5/11, 85, , , , , 
2020/5/12, 54, , , , , 
2020/5/13, 54, , , , , 
2020/5/14, 37, , , , , 
2020/5/15, 20, , , , , 
2020/5/16, 23, , , , , 
2020/5/17, 18, , , , , 
2020/5/18, 29, , , , , 
2020/5/19, 24, , , , , 
2020/5/20, 31, , , , , 
2020/5/21, 15, , , , , 
2020/5/22, 25, , , , , 
2020/5/23, 37, , , , , 
2020/5/24, 45, , , , , 
2020/5/25, 71, , , , , 
2020/5/26, 69, , , , , 
2020/5/27, 38, , , , , 
2020/5/28, 39, , , , , 
2020/5/29, 40, , , , , 
2020/5/30, 48, , , , , 
2020/5/31, 37, , , , , 
2020/6/1, 46, , , , , 
2020/6/2, 36, , , , , 
2020/6/3, 32, , , , , 
2020/6/4, 26, , , , , 
2020/6/5, 18, , , , , 
2020/6/6, 29, , , , , 
2020/6/7, 40, , , , , 
2020/6/8, 41, , , , , 
2020/6/9, 46, , , , , 
2020/6/10, 44, , , , , 
2020/6/11, 59, , , , , 
2020/6/12, 52, , , , , 
2020/6/13, 42, , , , , 
2020/6/15, 21, , , , , 
2020/6/16, 27, , , , , 
2020/6/17, 30, , , , , 
2020/6/18, 37, , , , , 
2020/6/19, 21, , , , , 
2020/6/20, 19, , , , , 
2020/6/21, 13, , , , , 
2020/6/22, 11, , , , , 
2020/6/23, 38, , , , , 
2020/6/24, 15, , , , , 
2020/6/25, 19, , , , , 
2020/6/26, 31, , , , , 
2020/6/27, 28, , , , , 
2020/6/28, 16, , , , , 
2020/6/29, 28, , , , , 
2020/6/30, 30, , , , , 
2020/1/1, 31, , , , , 
2020/1/2, 22, , , , , 
2020/1/3, 31, , , , , 
2020/1/4, 36, , , , , 
2020/1/5, 43, , , , , 
2020/1/6, 107, , , , , 
2020/1/7, 173, , , , , 
2020/1/8, 113, , , , , 
2020/1/9, 53, , , , , 
2020/1/10, 68, , , , , 
2020/1/11, 79, , , , , 
2020/1/12, 59, , , , , 
2020/1/13, 47, , , , , 
2020/1/14, 29, , , , , 
2020/1/15, 26, , , , , 
2020/1/16, 25, , , , , 
2020/1/17, 16, , , , , 
2020/1/18, 29, , , , , 
2020/1/19, 69, , , , , 
2020/1/20, 120, , , , , 
2020/1/21, 22, , , , , 
2020/1/22, 21, , , , , 
2020/1/23, 22, , , , , 
2020/1/24, 54, , , , , 
2020/1/25, 32, , , , , 
2020/1/26, 16, , , , , 
2020/1/27, 20, , , , , 
2020/1/28, 31, , , , , 
2020/1/29, 64, , , , , 
2020/1/30, 127, , , , , 
2020/1/31, 132, , , , , 
2020/2/1, 101, , , , , 
2020/2/2, 79, , , , , 
2020/2/3, 54, , , , , 
2020/2/4, 69, , , , , 
2020/2/5, 51, , , , , 
2020/2/6, 29, , , , , 
2020/2/7, 27, , , , , 
2020/2/8, 57, , , , , 
2020/2/9, 98, , , , , 
2020/2/10, 109, , , , , 
2020/2/11, 52, , , , , 
2020/2/12, 83, , , , , 
2020/2/13, 41, , , , , 
2020/2/14, 33, , , , , 
2020/2/15, 85, , , , , 
2020/2/16, 87, , , , , 
2020/2/17, 36, , , , , 
2020/2/18, 54, , , , , 
2020/2/19, 28, , , , , 
2020/2/20, 30, , , , , 
2020/2/21, 103, , , , , 
2020/2/22, 109, , , , , 
2020/2/23, 112, , , , , 
2020/2/24, 82, , , , , 
2020/2/25, 62, , , , , 
2020/2/26, 38, , , , , 
2020/2/27, 28, , , , , 
2020/2/28, 28, , , , , 
2020/2/29, 57, , , , , 
2020/3/1, 50, , , , , 
2020/3/2, 59, , , , , 
2020/3/3, 52, , , , , 
2020/3/4, 38, , , , , 
2020/3/5, 66, , , , , 
2020/3/6, 98, , , , , 
2020/3/7, 72, , , , , 
2020/3/8, 12, , , , , 
2020/3/9, 13, , , , , 
2020/3/10, 36, , , , , 
2020/3/11, 52, , , , , 
2020/3/12, 49, , , , , 
2020/3/26, 60, , , , , 
2020/3/27, 35, , , , , 
2020/3/30, 140, , , , , 
2020/3/31, 132, , , , , 
2019/10/1, 48, , , , , 
2019/10/2, 67, , , , , 
2019/10/3, 99, , , , , 
2019/10/4, 120, , , , , 
2019/10/5, 167, , , , , 
2019/10/7, 120, , , , , 
2019/10/8, 68, , , , , 
2019/10/9, 48, , , , , 
2019/10/10, 57, , , , , 
2019/10/11, 69, , , , , 
2019/10/12, 95, , , , , 
2019/10/13, 51, , , , , 
2019/10/14, 34, , , , , 
2019/10/15, 17, , , , , 
2019/10/16, 25, , , , , 
2019/10/17, 18, , , , , 
2019/10/18, 15, , , , , 
2019/10/19, 26, , , , , 
2019/10/20, 48, , , , , 
2019/10/21, 55, , , , , 
2019/10/22, 39, , , , , 
2019/10/23, 19, , , , , 
2019/10/24, 22, , , , , 
2019/10/25, 47, , , , , 
2019/10/26, 39, , , , , 
2019/10/27, 45, , , , , 
2019/10/28, 33, , , , , 
2019/10/29, 41, , , , , 
2019/10/30, 53, , , , , 
2019/10/31, 49, , , , , 
2019/11/1, 23, , , , , 
2019/11/2, 36, , , , , 
2019/11/3, 83, , , , , 
2019/11/4, 80, , , , , 
2019/11/5, 48, , , , , 
2019/11/6, 25, , , , , 
2019/11/7, 12, , , , , 
2019/11/8, 15, , , , , 
2019/11/9, 87, , , , , 
2019/11/10, 85, , , , , 
2019/11/11, 81, , , , , 
2019/11/12, 25, , , , , 
2019/11/13, 12, , , , , 
2019/11/14, 77, , , , , 
2019/11/15, 107, , , , , 
2019/11/16, 45, , , , , 
2019/11/17, 14, , , , , 
2019/11/18, 37, , , , , 
2019/11/19, 82, , , , , 
2019/11/20, 113, , , , , 
2019/11/21, 99, , , , , 
2019/11/22, 40, , , , , 
2019/11/23, 35, , , , , 
2019/11/24, 33, , , , , 
2019/11/25, 40, , , , , 
2019/11/26, 51, , , , , 
2019/11/27, 24, , , , , 
2019/11/28, 33, , , , , 
2019/11/29, 32, , , , , 
2019/11/30, 108, , , , , 
2019/12/1, 132, , , , , 
2019/12/2, 41, , , , , 
2019/12/3, 59, , , , , 
2019/12/4, 95, , , , , 
2019/12/5, 45, , , , , 
2019/12/6, 21, , , , , 
2019/12/7, 20, , , , , 
2019/12/8, 27, , , , , 
2019/12/9, 26, , , , , 
2019/12/10, 68, , , , , 
2019/12/11, 71, , , , , 
2019/12/12, 60, , , , , 
2019/12/13, 68, , , , , 
2019/12/14, 117, , , , , 
2019/12/15, 84, , , , , 
2019/12/16, 83, , , , , 
2019/12/17, 60, , , , , 
2019/12/18, 28, , , , , 
2019/12/19, 32, , , , , 
2019/12/20, 22, , , , , 
2019/12/21, 17, , , , , 
2019/12/26, 55, , , , , 
2019/12/27, 117, , , , , 
2019/12/28, 42, , , , , 
2019/12/29, 43, , , , , 
2019/7/1, 24, , , , , 
2019/7/2, 24, , , , , 
2019/7/3, 19, , , , , 
2019/7/4, 19, , , , , 
2019/7/5, 26, , , , , 
2019/7/6, 32, , , , , 
2019/7/7, 21, , , , , 
2019/7/8, 37, , , , , 
2019/7/9, 33, , , , , 
2019/7/10, 33, , , , , 
2019/7/11, 26, , , , , 
2019/7/12, 33, , , , , 
2019/7/13, 37, , , , , 
2019/7/14, 58, , , , , 
2019/7/15, 38, , , , , 
2019/7/16, 36, , , , , 
2019/7/17, 72, , , , , 
2019/7/18, 25, , , , , 
2019/7/19, 35, , , , , 
2019/7/20, 54, , , , , 
2019/7/21, 52, , , , , 
2019/7/22, 41, , , , , 
2019/7/23, 35, , , , , 
2019/7/24, 30, , , , , 
2019/7/25, 156, , , , , 
2019/7/26, 59, , , , , 
2019/7/27, 125, , , , , 
2019/7/28, 126, , , , , 
2019/7/29, 70, , , , , 
2019/7/30, 27, , , , , 
2019/7/31, 35, , , , , 
2019/8/1, 37, , , , , 
2019/8/2, 32, , , , , 
2019/8/3, 29, , , , , 
2019/8/4, 51, , , , , 
2019/8/5, 33, , , , , 
2019/8/6, 43, , , , , 
2019/8/7, 33, , , , , 
2019/8/8, 35, , , , , 
2019/8/9, 27, , , , , 
2019/8/10, 38, , , , , 
2019/8/11, 37, , , , , 
2019/8/12, 48, , , , , 
2019/8/13, 26, , , , , 
2019/8/14, 22, , , , , 
2019/8/15, 31, , , , , 
2019/8/16, 42, , , , , 
2019/8/17, 52, , , , , 
2019/8/18, 51, , , , , 
2019/8/19, 40, , , , , 
2019/8/20, 29, , , , , 
2019/8/21, 30, , , , , 
2019/8/22, 29, , , , , 
2019/8/23, 43, , , , , 
2019/8/24, 39, , , , , 
2019/8/25, 36, , , , , 
2019/8/26, 36, , , , , 
2019/8/27, 28, , , , , 
2019/8/28, 32, , , , , 
2019/8/29, 34, , , , , 
2019/8/30, 49, , , , , 
2019/8/31, 21, , , , , 
2019/9/1, 22, , , , , 
2019/9/2, 20, , , , , 
2019/9/3, 24, , , , , 
2019/9/4, 42, , , , , 
2019/9/5, 31, , , , , 
2019/9/6, 66, , , , , 
2019/9/7, 65, , , , , 
2019/9/8, 57, , , , , 
2019/9/9, 75, , , , , 
2019/9/10, 51, , , , , 
2019/9/11, 44, , , , , 
2019/9/12, 58, , , , , 
2019/9/13, 34, , , , , 
2019/9/14, 65, , , , , 
2019/9/15, 67, , , , , 
2019/9/16, 82, , , , , 
2019/9/17, 43, , , , , 
2019/9/18, 53, , , , , 
2019/9/19, 37, , , , , 
2019/9/20, 38, , , , , 
2019/9/21, 48, , , , , 
2019/9/22, 50, , , , , 
2019/9/23, 17, , , , , 
2019/9/24, 24, , , , , 
2019/9/25, 31, , , , , 
2019/9/26, 72, , , , , 
2019/9/27, 58, , , , , 
2019/9/28, 30, , , , , 
2019/9/29, 26, , , , , 
2019/9/30, 49, , , , , 
2019/4/1, 171, , , , , 
2019/4/2, 117, , , , , 
2019/4/3, 101, , , , , 
2019/4/4, 67, , , , , 
2019/4/5, 75, , , , , 
2019/4/6, 81, , , , , 
2019/4/7, 99, , , , , 
2019/4/8, 111, , , , , 
2019/4/9, 103, , , , , 
2019/4/10, 135, , , , , 
2019/4/11, 116, , , , , 
2019/4/12, 81, , , , , 
2019/4/13, 87, , , , , 
2019/4/14, 106, , , , , 
2019/4/15, 96, , , , , 
2019/4/16, 78, , , , , 
2019/4/17, 67, , , , , 
2019/4/18, 77, , , , , 
2019/4/19, 88, , , , , 
2019/4/20, 91, , , , , 
2019/4/21, 89, , , , , 
2019/4/22, 108, , , , , 
2019/4/23, 114, , , , , 
2019/4/24, 25, , , , , 
2019/4/25, 24, , , , , 
2019/4/26, 30, , , , , 
2019/4/27, 30, , , , , 
2019/4/28, 26, , , , , 
2019/4/29, 24, , , , , 
2019/4/30, 29, , , , , 
2019/5/1, 34, , , , , 
2019/5/2, 36, , , , , 
2019/5/3, 69, , , , , 
2019/5/4, 86, , , , , 
2019/5/5, 60, , , , , 
2019/5/6, 98, , , , , 
2019/5/7, 113, , , , , 
2019/5/8, 92, , , , , 
2019/5/9, 82, , , , , 
2019/5/10, 64, , , , , 
2019/5/11, 45, , , , , 
2019/5/12, 72, , , , , 
2019/5/13, 50, , , , , 
2019/5/14, 53, , , , , 
2019/5/15, 33, , , , , 
2019/5/16, 51, , , , , 
2019/5/17, 39, , , , , 
2019/5/18, 36, , , , , 
2019/5/19, 28, , , , , 
2019/5/20, 35, , , , , 
2019/5/21, 23, , , , , 
2019/5/22, 36, , , , , 
2019/5/23, 35, , , , , 
2019/5/24, 30, , , , , 
2019/5/25, 30, , , , , 
2019/5/26, 35, , , , , 
2019/5/27, 65, , , , , 
2019/5/28, 36, , , , , 
2019/5/29, 68, , , , , 
2019/5/30, 63, , , , , 
2019/5/31, 48, , , , , 
2019/6/1, 50, , , , , 
2019/6/2, 40, , , , , 
2019/6/3, 34, , , , , 
2019/6/4, 22, , , , , 
2019/6/5, 24, , , , , 
2019/6/6, 23, , , , , 
2019/6/7, 26, , , , , 
2019/6/8, 30, , , , , 
2019/6/9, 51, , , , , 
2019/6/10, 30, , , , , 
2019/6/11, 31, , , , , 
2019/6/12, 33, , , , , 
2019/6/13, 29, , , , , 
2019/6/14, 27, , , , , 
2019/6/15, 34, , , , , 
2019/6/16, 15, , , , , 
2019/6/17, 16, , , , , 
2019/6/18, 15, , , , , 
2019/6/19, 32, , , , , 
2019/6/20, 32, , , , , 
2019/6/21, 30, , , , , 
2019/6/22, 51, , , , , 
2019/6/23, 22, , , , , 
2019/6/24, 31, , , , , 
2019/6/25, 55, , , , , 
2019/6/26, 38, , , , , 
2019/6/27, 33, , , , , 
2019/6/28, 18, , , , , 
2019/6/29, 20, , , , , 
2019/6/30, 33, , , , , 
2019/1/1, 91, , , , , 
2019/1/2, 120, , , , , 
2019/1/3, 230, , , , , 
2019/1/4, 247, , , , , 
2019/1/5, 164, , , , , 
2019/1/6, 83, , , , , 
2019/1/7, 84, , , , , 
2019/1/8, 125, , , , , 
2019/1/9, 91, , , , , 
2019/1/10, 178, , , , , 
2019/1/11, 184, , , , , 
2019/1/12, 131, , , , , 
2019/1/13, 74, , , , , 
2019/1/14, 68, , , , , 
2019/1/15, 129, , , , , 
2019/1/16, 188, , , , , 
2019/1/17, 185, , , , , 
2019/1/18, 82, , , , , 
2019/1/19, 83, , , , , 
2019/1/20, 89, , , , , 
2019/1/21, 81, , , , , 
2019/1/22, 99, , , , , 
2019/1/23, 71, , , , , 
2019/1/24, 75, , , , , 
2019/1/25, 101, , , , , 
2019/1/26, 77, , , , , 
2019/1/27, 119, , , , , 
2019/1/28, 200, , , , , 
2019/1/29, 90, , , , , 
2019/1/30, 90, , , , , 
2019/1/31, 135, , , , , 
2019/2/1, 139, , , , , 
2019/2/2, 89, , , , , 
2019/2/3, 136, , , , , 
2019/2/4, 173, , , , , 
2019/2/5, 128, , , , , 
2019/2/6, 123, , , , , 
2019/2/7, 157, , , , , 
2019/2/8, 182, , , , , 
2019/2/9, 80, , , , , 
2019/2/10, 126, , , , , 
2019/2/11, 113, , , , , 
2019/2/12, 109, , , , , 
2019/2/13, 177, , , , , 
2019/2/14, 290, , , , , 
2019/2/15, 84, , , , , 
2019/2/16, 73, , , , , 
2019/2/17, 75, , , , , 
2019/2/18, 69, , , , , 
2019/2/19, 62, , , , , 
2019/2/20, 67, , , , , 
2019/2/21, 66, , , , , 
2019/2/22, 65, , , , , 
2019/2/23, 71, , , , , 
2019/2/24, 68, , , , , 
2019/2/25, 76, , , , , 
2019/2/26, 76, , , , , 
2019/2/27, 64, , , , , 
2019/2/28, 165, , , , , 
2019/3/1, 93, , , , , 
2019/3/2, 165, , , , , 
2019/3/3, 67, , , , , 
2019/3/4, 63, , , , , 
2019/3/5, 59, , , , , 
2019/3/6, 61, , , , , 
2019/3/7, 68, , , , , 
2019/3/8, 94, , , , , 
2019/3/9, 147, , , , , 
2019/3/10, 127, , , , , 
2019/3/11, 83, , , , , 
2019/3/12, 81, , , , , 
2019/3/13, 75, , , , , 
2019/3/14, 74, , , , , 
2019/3/15, 77, , , , , 
2019/3/16, 63, , , , , 
2019/3/17, 131, , , , , 
2019/3/18, 115, , , , , 
2019/3/19, 93, , , , , 
2019/3/20, 73, , , , , 
2019/3/21, 69, , , , , 
2019/3/22, 68, , , , , 
2019/3/23, 82, , , , , 
2019/3/26, 75, , , , , 
2019/3/27, 100, , , , , 
2019/3/28, 146, , , , , 
2019/3/30, 73, , , , , 
2019/3/31, 67, , , , , 
2018/10/1, 95, , , , , 
2018/10/2, 73, , , , , 
2018/10/3, 81, , , , , 
2018/10/4, 67, , , , , 
2018/10/5, 68, , , , , 
2018/10/6, 77, , , , , 
2018/10/7, 65, , , , , 
2018/10/8, 71, , , , , 
2018/10/9, 56, , , , , 
2018/10/10, 93, , , , , 
2018/10/11, 87, , , , , 
2018/10/12, 60, , , , , 
2018/10/13, 66, , , , , 
2018/10/14, 57, , , , , 
2018/10/15, 86, , , , , 
2018/10/16, 81, , , , , 
2018/10/17, 66, , , , , 
2018/10/18, 60, , , , , 
2018/10/19, 58, , , , , 
2018/10/20, 54, , , , , 
2018/10/22, 71, , , , , 
2018/10/23, 60, , , , , 
2018/10/24, 75, , , , , 
2018/10/25, 88, , , , , 
2018/10/26, 83, , , , , 
2018/10/27, 65, , , , , 
2018/10/28, 61, , , , , 
2018/10/29, 57, , , , , 
2018/10/30, 72, , , , , 
2018/10/31, 70, , , , , 
2018/11/1, 62, , , , , 
2018/11/2, 57, , , , , 
2018/11/3, 80, , , , , 
2018/11/4, 93, , , , , 
2018/11/5, 60, , , , , 
2018/11/6, 76, , , , , 
2018/11/7, 71, , , , , 
2018/11/8, 62, , , , , 
2018/11/9, 98, , , , , 
2018/11/10, 151, , , , , 
2018/11/11, 121, , , , , 
2018/11/12, 77, , , , , 
2018/11/13, 64, , , , , 
2018/11/14, 63, , , , , 
2018/11/15, 60, , , , , 
2018/11/16, 62, , , , , 
2018/11/17, 63, , , , , 
2018/11/18, 100, , , , , 
2018/11/19, 74, , , , , 
2018/11/20, 71, , , , , 
2018/11/21, 68, , , , , 
2018/11/22, 64, , , , , 
2018/11/23, 59, , , , , 
2018/11/24, 66, , , , , 
2018/11/25, 61, , , , , 
2018/11/26, 62, , , , , 
2018/11/27, 70, , , , , 
2018/11/28, 60, , , , , 
2018/11/29, 62, , , , , 
2018/11/30, 76, , , , , 
2018/12/1, 71, , , , , 
2018/12/2, 109, , , , , 
2018/12/3, 92, , , , , 
2018/12/4, 141, , , , , 
2018/12/5, 114, , , , , 
2018/12/6, 320, , , , , 
2018/12/7, 364, , , , , 
2018/12/8, 328, , , , , 
2018/12/9, 161, , , , , 
2018/12/10, 151, , , , , 
2018/12/11, 155, , , , , 
2018/12/13, 113, , , , , 
2018/12/14, 83, , , , , 
2018/12/15, 120, , , , , 
2018/12/16, 82, , , , , 
2018/12/17, 65, , , , , 
2018/12/18, 110, , , , , 
2018/12/19, 72, , , , , 
2018/12/20, 167, , , , , 
2018/12/21, 136, , , , , 
2018/12/22, 131, , , , , 
2018/12/23, 110, , , , , 
2018/12/24, 153, , , , , 
2018/12/25, 179, , , , , 
2018/12/26, 240, , , , , 
2018/12/27, 195, , , , , 
2018/12/28, 90, , , , , 
2018/12/29, 73, , , , , 
2018/12/30, 75, , , , , 
2018/7/1, 70, , , , , 
2018/7/2, 67, , , , , 
2018/7/3, 67, , , , , 
2018/7/4, 59, , , , , 
2018/7/5, 62, , , , , 
2018/7/6, 61, , , , , 
2018/7/7, 56, , , , , 
2018/7/8, 65, , , , , 
2018/7/9, 65, , , , , 
2018/7/10, 66, , , , , 
2018/7/11, 63, , , , , 
2018/7/12, 68, , , , , 
2018/7/13, 66, , , , , 
2018/7/14, 96, , , , , 
2018/7/15, 80, , , , , 
2018/7/16, 84, , , , , 
2018/7/17, 76, , , , , 
2018/7/18, 75, , , , , 
2018/7/19, 72, , , , , 
2018/7/20, 78, , , , , 
2018/7/21, 80, , , , , 
2018/7/22, 62, , , , , 
2018/7/23, 82, , , , , 
2018/7/24, 93, , , , , 
2018/7/25, 123, , , , , 
2018/7/26, 74, , , , , 
2018/7/27, 92, , , , , 
2018/7/28, 74, , , , , 
2018/7/29, 61, , , , , 
2018/7/30, 69, , , , , 
2018/7/31, 62, , , , , 
2018/8/1, 66, , , , , 
2018/8/2, 78, , , , , 
2018/8/3, 93, , , , , 
2018/8/4, 98, , , , , 
2018/8/5, 80, , , , , 
2018/8/6, 68, , , , , 
2018/8/7, 81, , , , , 
2018/8/8, 71, , , , , 
2018/8/9, 67, , , , , 
2018/8/10, 69, , , , , 
2018/8/11, 61, , , , , 
2018/8/12, 59, , , , , 
2018/6/4, 62, , , , , 
2018/6/5, 59, , , , , 
2018/6/6, 57, , , , , 
2018/6/7, 63, , , , , 
2018/6/8, 74, , , , , 
2018/6/9, 66, , , , , 
2018/6/10, 59, , , , , 
2018/6/11, 71, , , , , 
2018/6/12, 71, , , , , 
2018/6/13, 82, , , , , 
2018/6/14, 72, , , , , 
2018/6/15, 68, , , , , 
2018/6/16, 73, , , , , 
2018/6/18, 70, , , , , 
2018/6/19, 71, , , , , 
2018/6/20, 74, , , , , 
2018/6/21, 73, , , , , 
2018/6/22, 73, , , , , 
2018/6/23, 61, , , , , 
2018/6/24, 69, , , , , 
2018/6/25, 64, , , , , 
2018/6/26, 75, , , , , 
2018/6/27, 66, , , , , 
2018/6/28, 64, , , , , 
2018/6/29, 58, , , , , 
2018/6/30, 72, , , , , 
2024/12/31, , 10, , 7, 9, 3
2025/3/5, , 9, , 7, 9, 3
2025/3/6, , 9, , 9, 9, 3
2025/3/7, , 15, , 13, 9, 4
2025/3/8, , 14, , 10, 10, 4
2025/3/9, , 10, , 10, 9, 4
2025/3/10, , 11, , 7, 9, 4
2025/3/11, , 14, , 14, 10, 4
2025/3/12, , 9, , 10, 9, 3
2025/3/13, , 9, , 11, 9, 3
2025/3/14, , 16, , 13, 10, 3
2025/3/15, , 19, , 13, 9, 4
2025/3/16, , 9, , 10, 10, 3
2024/10/3, , 5, , 12, 6, 3
2024/10/4, , 9, , 17, 6, 4
2024/10/5, , 15, , 28, 6, 7
2024/10/6, , 10, , 20, 5, 5
2024/10/7, , 13, , 19, 6, 4
2024/10/8, , 16, , 17, 8, 6
2024/12/15, , 6, , 6, 8, 3
2024/12/16, , 5, , 7, 7, 2
2024/9/23, , 7, , 16, 5, 4
2024/1/1, , 6, , , 2, 2
2024/1/2, , 7, , , 2, 2
2024/1/3, , 8, , , 2, 3
2024/2/17, , 13, , , 4, 5
2024/2/18, , 45, , , 7, 9
2024/2/19, , 16, , , 4, 5
2023/11/19, , 9, , , 2, 4
2023/11/20, , 7, , , 2, 3
2023/11/21, , 6, , , 2, 2
2023/11/22, , 5, , , 2, 2
2023/11/23, , 3, , , 2, 1
2023/12/9, , 12, , , 2, 4
2023/12/10, , 12, , , 4, 4
2023/12/11, , 11, , , 11, 4
2023/12/12, , 27, , , 4, 9
2023/12/13, , 14, , , 3, 5
2023/12/14, , 7, , , 2, 3
2023/12/15, , 8, , , 2, 3
2023/12/16, , 7, , , 2, 4
2023/12/17, , 5, , , 2, 2
2023/12/18, , 6, , , 2, 2
2023/12/19, , 6, , , 2, 3
2023/12/20, , 3, , , 2, 2
2023/12/21, , 3, , , 2, 3
2023/12/22, , 4, , , 2, 3
2023/12/23, , 6, , , 2, 3
2023/12/24, , 15, , , 2, 4
2023/12/25, , 6, , , 2, 2
2023/12/26, , 4, , , 2, 2
2023/12/27, , 4, , , 2, 1
2023/12/29, , 3, , , 2, 2
2023/12/30, , 4, , , 2, 2
2023/8/29, , 4, , 4, 1, 2
2023/8/30, , 3, , 2, 1, 2
2023/4/1, , 7, , 5, , 2
2023/4/2, , 6, , 5, , 2
2023/4/3, , 7, , 8, , 3
2023/4/4, , 8, , 10, , 4
2023/4/5, , 10, , 16, , 5
2023/4/6, , 8, , 14, , 4
2023/4/7, , 17, , 16, , 5
2023/4/8, , 6, , 8, 1, 3
2023/4/9, , 20, , 21, 1, 8
2023/4/10, , 22, , 20, , 7
2023/4/11, , 9, , 11, 1, 3
2023/4/12, , 10, , 13, , 4
2023/4/13, , 9, , 16, , 5
2023/4/14, , 7, , 13, , 4
2023/4/15, , 5, , 4, , 2
2023/4/16, , 13, , 12, , 4
2023/4/17, , 7, , 8, 2, 2
2023/4/18, , 8, , 13, , 4
2023/4/19, , 8, , 13, , 3
2023/4/20, , 12, , 15, , 4
2023/4/21, , 8, , 15, , 3
2023/4/22, , 13, , 22, , 7
2023/4/23, , 6, , 6, , 2
2023/4/24, , 7, , 8, , 3
2023/4/25, , 8, , 13, , 4
2023/4/26, , 7, , 14, , 4
2023/4/27, , 15, , 27, , 10
2023/4/28, , 11, , 18, , 5
2023/4/29, , 39, , 18, , 6
2023/4/30, , 16, , 7, , 3
2023/5/1, , 14, , 13, , 4
2023/5/29, , 6, , 10, , 3
2023/5/30, , 14, , 27, , 9
2023/5/31, , 8, , 12, 1, 3
2023/6/6, , 8, , 15, , 4
2023/6/7, , 7, , 14, , 3
2023/6/8, , 9, , 12, , 3
2023/6/9, , 12, , 11, 1, 3
2023/6/10, , 7, , 13, 1, 3
2023/6/11, , 9, , 16, , 4
2023/6/12, , 10, , 20, 1, 5
2023/6/13, , 6, , 6, , 2
2023/6/14, , 5, , 7, , 3
2023/6/15, , 5, , 9, 1, 2
2023/6/16, , 7, , 19, , 4
2023/6/17, , 8, , 18, , 4
2023/6/18, , 7, , 14, 1, 4
2023/6/19, , 8, , 5, , 2
2023/6/20, , 5, , 5, , 2
2023/1/2, , 8, , 3, 1, 2
2023/1/3, , 5, , 5, , 2
2023/1/4, , 6, , 8, , 2
2023/1/5, , 6, , 12, , 3
2023/1/6, , 6, , 4, , 1
2023/1/7, , 6, , 3, 7, 2
2023/1/8, , 9, , 8, 7, 3
2023/1/9, , 6, , 14, 2, 5
2023/1/10, , 9, , 12, 1, 4
2023/1/11, , 8, , 9, , 3
2023/1/12, , 6, , 8, , 3
2023/1/13, , 3, , 8, , 2
2023/1/14, , 4, , 12, , 3
2023/1/15, , 6, , 25, , 6
2023/1/16, , 8, , 36, 2, 12
2023/1/17, , 30, , 41, 6, 12
2023/1/18, , 56, , 41, 3, 14
2023/1/19, , 49, , 35, 1, 9
2023/1/20, , 22, , 38, 3, 14
2023/1/21, , 48, , 19, 1, 4
2023/1/22, , 20, , 19, 1, 4
2023/1/23, , 12, , 23, 2, 6
2023/1/24, , 25, , 10, , 3
2023/1/25, , 7, , 10, 3, 4
2023/1/26, , 21, , 10, 2, 4
2023/1/27, , 28, , 8, 2, 3
2023/1/28, , 20, , 13, 1, 3
2023/1/29, , 17, , 17, 2, 3
2023/1/30, , 16, , 41, 3, 13
2023/1/31, , 53, , 59, 5, 29
2023/2/1, , 92, , 42, 6, 22
2023/2/2, , 72, , 23, 3, 7
2023/2/3, , 39, , 21, 3, 6
2023/2/4, , 32, , 18, 3, 6
2023/2/5, , 29, , 34, 3, 13
2023/2/6, , 58, , 18, 1, 5
2023/2/7, , 17, , 27, 2, 8
2023/2/8, , 40, , 21, 2, 8
2023/2/9, , 37, , 16, 1, 5
2023/2/10, , 32, , 18, 3, 5
2023/2/11, , 26, , 21, 3, 7
2023/2/12, , 35, , 16, 1, 4
2023/2/13, , 19, , 32, 2, 10
2023/2/14, , 37, , 29, 2, 7
2023/2/15, , 32, , 31, 2, 12
2023/2/16, , 52, , 18, 2, 4
2023/2/17, , 17, , 14, , 4
2023/2/18, , 14, , 17, 1, 4
2023/2/19, , 21, , 6, , 2
2023/2/20, , 8, , 10, , 2
2023/2/21, , 11, , 8, , 2
2023/2/22, , 10, , 5, , 2
2023/2/23, , 7, , 6, , 2
2023/2/24, , 7, , 7, , 3
2023/2/25, , 10, , 6, , 2
2023/2/26, , 9, , 8, 1, 3
2023/2/27, , 12, , 5, , 2
2023/2/28, , 8, , 4, , 2
2023/3/1, , 9, , 6, , 2
2023/3/2, , 6, , 9, , 2
2023/3/3, , 6, , 5, , 2
2023/3/4, , 5, , 11, , 3
2023/3/5, , 9, , 6, , 2
2023/3/6, , 8, , 8, , 2
2023/3/7, , 10, , 7, , 3
2023/3/8, , 8, , 9, , 3
2023/3/9, , 9, , 10, , 3
2023/3/10, , 10, , 16, , 4
2023/3/11, , 10, , 10, , 3
2023/3/12, , 12, , 10, , 3
2023/3/13, , 7, , 10, , 3
2023/3/14, , 9, , 7, , 2
2023/3/15, , 5, , 11, , 3
2023/3/16, , 10, , 13, 2, 3
2023/3/17, , 15, , 17, 1, 5
2023/3/18, , 25, , 10, 8, 2
2023/3/19, , 9, , 12, 1, 3
2023/3/20, , 7, , 14, , 3
2023/3/21, , 10, , 14, 1, 3
2023/3/22, , 11, , 12, , 3
2023/3/23, , 10, , 13, , 3
2023/3/24, , 13, , 8, , 3
2023/3/25, , 11, , 9, , 3
2023/3/26, , 8, , 14, , 4
2023/3/27, , 9, , 11, , 3
2023/3/28, , 9, , 10, , 3
2023/3/29, , 10, , 6, , 2
2023/3/30, , 5, , 7, , 3
2023/3/31, , 7, , 7, , 3
2022/12/8, , 36, , 21, 5, 7
2022/12/9, , 15, , 13, 1, 4
2022/12/10, , 13, , 14, 1, 4
2022/12/11, , 15, , 17, 1, 4
2022/12/17, , 24, , 21, 1, 6
2022/12/18, , 14, , 13, 3, 3
2022/12/19, , 13, , 10, , 3
2022/12/22, , 20, , 13, 2, 5
2022/12/23, , 7, , 9, , 2
2022/12/24, , 9, , 18, , 5
2022/12/25, , 45, , 39, 3, 16
2022/12/26, , 22, , 22, 2, 6
2022/12/27, , 26, , 26, 2, 8
2022/12/28, , 32, , 21, 3, 6
2022/12/29, , 27, , 18, 2, 6
2022/12/30, , 11, , 6, 2, 2
2022/12/31, , 43, , 11, 1, 4
2022/7/17, , 8, , 13, 8, 3
2022/7/18, , 16, , 19, 8, 4
2022/7/19, , 21, , 25, 8, 4
2022/7/20, , 15, , 11, 8, 3
2022/8/20, , 14, , 13, 12, 5
2022/8/21, , 7, , 8, 12, 3
2022/8/22, , 9, , 6, 12, 2
2022/8/23, , 12, , 6, 12, 3
2022/8/24, , 17, , 12, 12, 4
2022/8/25, , 21, , 18, 12, 6
2022/8/26, , 28, , 16, 12, 6
2022/8/27, , 18, , 5, 12, 3
2022/4/14, , 28, , 14, 5, 3
2022/4/15, , 28, , 11, 5, 3
2022/4/16, , 35, , 8, 5, 3
2022/4/17, , 92, , 16, 7, 5
2022/2/1, , 15, , 19, 5, 3
2022/2/2, , 44, , 31, 12, 7
2021/12/13, , 29, , 32, 7, 7
2021/8/9, , 32, , 5, , 5
2021/2/5, , 17, , 5, 4, 2
2021/2/6, , 8, , 2, 1, 2
2021/2/7, , 11, , 5, 1, 3
2021/2/9, , 11, , 10, 3, 3
2021/2/10, , 39, , 15, 10, 6
2026/3/1, , , , 6, 11, 4
2026/3/2, , , , 2, 9, 2
2026/3/3, , , , , , 
2026/2/1, , , , 11, 8, 8
2026/2/2, , , , 7, 6, 4
2026/2/3, , , , 12, 12, 5
2026/2/4, , , , 5, 5, 3
2026/2/5, , , , 7, 7, 3
2026/2/6, , , , 7, 6, 4
2026/2/7, , , , 8, 8, 4
2026/2/8, , , , 5, 6, 3
2026/2/9, , , , 4, 6, 3
2026/2/10, , , , 4, 6, 3
2026/2/11, , , , 8, 6, 3
2026/2/12, , , , 13, 9, 6
2026/2/13, , , , 17, 11, 11
2026/2/14, , , , 15, 11, 10
2026/2/15, , , , 7, 7, 4
2026/2/16, , , , 4, 7, 3
2026/2/17, , , , 4, 6, 3
2026/2/18, , , , 6, 7, 4
2026/2/19, , , , 10, 7, 5
2026/2/20, , , , 4, 7, 3
2026/2/21, , , , 4, 6, 3
2026/2/22, , , , 6, 10, 3
2026/2/23, , , , 13, 9, 6
2026/2/24, , , , 13, 7, 7
2026/2/25, , , , 9, 14, 5
2026/2/26, , , , 11, 9, 5
2026/2/27, , , , 11, 6, 6
2026/2/28, , , , 11, 11, 7
2026/1/1, , , , 9, 9, 5
2026/1/2, , , , 8, 5, 5
2026/1/3, , , , 7, 6, 4
2026/1/4, , , , 4, 5, 3
2026/1/5, , , , 3, 3, 2
2026/1/6, , , , 5, 4, 3
2026/1/7, , , , 10, 4, 5
2026/1/8, , , , 7, 9, 3
2026/1/9, , , , 6, 4, 3
2026/1/10, , , , 7, 5, 4
2026/1/11, , , , 4, 5, 3
2026/1/12, , , , 10, 6, 6
2026/1/13, , , , 6, 3, 3
2026/1/14, , , , 9, 6, 4
2026/1/15, , , , 8, 6, 4
2026/1/16, , , , 11, 7, 7
2026/1/17, , , , 8, 6, 5
2026/1/18, , , , 5, 5, 3
2026/1/19, , , , 5, 8, 3
2026/1/20, , , , 8, 5, 4
2026/1/21, , , , 8, 6, 5
2026/1/22, , , , 8, 7, 6
2026/1/23, , , , 10, 9, 7
2026/1/24, , , , 11, 9, 7
2026/1/25, , , , 16, 10, 16
2026/1/26, , , , 12, 8, 12
2026/1/27, , , , 16, 9, 15
2026/1/28, , , , 11, 8, 7
2026/1/29, , , , 11, 11, 5
2026/1/30, , , , 19, 12, 17
2026/1/31, , , , 18, 11, 12
2025/12/5, , , , 6, 2, 3
2025/12/6, , , , 5, 2, 3
2025/12/7, , , , 5, 2, 2
2025/12/8, , , , 10, 2, 4
2025/12/9, , , , 5, 11, 3
2025/12/10, , , , 8, 16, 4
2025/12/11, , , , 9, 6, 4
2025/12/12, , , , 8, 5, 3
2025/12/13, , , , 4, 4, 3
2025/12/14, , , , 4, 3, 2
2025/12/15, , , , 2, 2, 2
2025/12/16, , , , 2, 2, 2
2025/12/17, , , , 4, 3, 3
2025/12/18, , , , 5, 3, 3
2025/12/19, , , , 4, 4, 2
2025/12/20, , , , 4, 4, 2
2025/12/21, , , , 8, 16, 4
2025/12/22, , , , 5, 8, 3
2025/12/23, , , , 4, 5, 3
2025/12/24, , , , 4, 4, 2
2025/12/25, , , , 4, 4, 3
2025/12/26, , , , 6, 3, 4
2025/12/27, , , , 7, 7, 4
2025/12/28, , , , 8, 4, 4
2025/12/31, , , , 3, 5, 3
2025/10/1, , , , 7, 1, 2
2025/10/2, , , , 6, 2, 3
2025/10/3, , , , 9, 3, 3
2025/10/4, , , , 7, 2, 4
2025/10/5, , , , 12, 2, 4
2025/10/6, , , , 8, 2, 3
2025/10/7, , , , 8, 1, 3
2025/10/8, , , , 10, 2, 3
2025/10/9, , , , 14, 3, 5
2025/10/10, , , , 12, 2, 4
2025/10/11, , , , 7, 3, 3
2025/10/12, , , , 3, 2, 2
2025/10/13, , , , 5, 2, 2
2025/10/14, , , , 7, 6, 3
2025/10/15, , , , 5, 1, 2
2025/10/16, , , , 4, 1, 2
2025/10/17, , , , 5, 1, 2
2025/10/18, , , , 5, 2, 3
2025/10/19, , , , 8, 2, 3
2025/10/20, , , , 12, 3, 4
2025/10/21, , , , 18, 3, 13
2025/10/22, , , , 9, 3, 3
2025/10/23, , , , 8, 3, 3
2025/10/24, , , , 11, 3, 4
2025/10/25, , , , 15, 4, 6
2025/10/26, , , , 6, 3, 3
2025/10/27, , , , 17, 9, 7
2025/10/28, , , , 17, 5, 9
2025/10/29, , , , 18, 3, 6
2025/10/30, , , , 11, 2, 3
2025/10/31, , , , 6, 2, 2
2025/11/1, , , , 5, 2, 3
2025/11/2, , , , 5, 2, 3
2025/11/3, , , , 6, 3, 3
2025/11/4, , , , 4, 2, 2
2025/11/5, , , , 5, 1, 3
2025/11/6, , , , 5, 1, 2
2025/11/7, , , , 4, 1, 2
2025/11/8, , , , 4, 1, 2
2025/11/9, , , , 3, 2, 2
2025/11/10, , , , 5, 2, 2
2025/11/11, , , , 3, 1, 2
2025/11/12, , , , 6, 2, 3
2025/11/13, , , , 6, 2, 3
2025/11/14, , , , 9, 3, 4
2025/11/15, , , , 7, 2, 3
2025/11/16, , , , 6, 2, 2
2025/11/17, , , , 6, 3, 3
2025/11/18, , , , 5, 3, 3
2025/11/19, , , , 8, 4, 4
2025/11/20, , , , 5, 3, 3
2025/11/21, , , , 5, 2, 2
2025/11/22, , , , 7, 2, 3
2025/11/23, , , , 3, 2, 2
2025/11/24, , , , 5, 2, 2
2025/11/25, , , , 5, 3, 3
2025/11/26, , , , 5, 4, 2
2025/11/27, , , , 6, 3, 3
2025/11/28, , , , 5, 2, 2
2025/11/29, , , , 4, 2, 2
2025/11/30, , , , 5, 2, 3
2025/12/1, , , , 7, 3, 3
2025/12/2, , , , 12, 4, 6
2025/12/3, , , , 7, 3, 4
2025/12/4, , , , 5, 2, 3
2025/7/1, , , , 9, 12, 5
2025/7/2, , , , 13, 12, 3
2025/7/3, , , , 7, 12, 2
2025/7/4, , , , 7, 12, 2
2025/7/5, , , , 5, 12, 3
2025/7/6, , , , 5, 11, 3
2025/7/7, , , , 12, 16, 2
2025/7/9, , , , 11, 20, 3
2025/7/10, , , , 14, 12, 5
2025/7/11, , , , 23, 12, 2
2025/7/12, , , , 10, 13, 3
2025/7/13, , , , 11, 12, 2
2025/7/14, , , , 9, 12, 3
2025/7/15, , , , 12, 12, 3
2025/7/16, , , , 16, 12, 3
2025/7/17, , , , 13, 12, 3
2025/7/18, , , , 15, 12, 2
2025/7/19, , , , 7, 12, 2
2025/7/20, , , , 8, 12, 3
2025/7/21, , , , 16, 12, 2
2025/7/22, , , , 9, 17, 3
2025/7/23, , , , 15, 12, 2
2025/7/24, , , , 9, 12, 3
2025/7/25, , , , 14, 12, 2
2025/7/26, , , , 11, 12, 2
2025/7/27, , , , 9, 12, 2
2025/7/28, , , , 9, 12, 2
2025/7/29, , , , 10, 12, 3
2025/7/30, , , , 12, 12, 3
2025/7/31, , , , 15, 13, 3
2025/8/1, , , , 17, 14, 3
2025/8/2, , , , 12, 28, 2
2025/8/3, , , , 9, 14, 2
2025/8/4, , , , 9, 13, 3
2025/8/5, , , , 16, 13, 2
2025/8/6, , , , 7, , 3
2025/8/7, , , , 13, 1, 3
2025/8/8, , , , 9, 3, 2
2025/8/9, , , , 9, 9, 3
2025/8/10, , , , 13, 2, 6
2025/8/11, , , , 22, 2, 2
2025/8/12, , , , 9, 2, 3
2025/8/13, , , , 15, 2, 3
2025/8/14, , , , 13, 2, 3
2025/8/15, , , , 10, 2, 3
2025/8/16, , , , 12, 2, 2
2025/8/17, , , , 9, 2, 3
2025/8/18, , , , 12, 2, 3
2025/8/19, , , , 15, 2, 3
2025/8/20, , , , 17, 2, 3
2025/8/21, , , , 13, 2, 3
2025/8/22, , , , 15, 2, 3
2025/8/23, , , , 16, 3, 3
2025/8/24, , , , 15, 2, 3
2025/8/25, , , , 10, 2, 2
2025/8/26, , , , 12, 3, 4
2025/8/27, , , , 16, 2, 3
2025/8/28, , , , 15, 3, 3
2025/8/29, , , , 13, 3, 3
2025/8/30, , , , 14, 2, 3
2025/8/31, , , , 7, 5, 2
2025/9/1, , , , 8, 2, 3
2025/9/2, , , , 12, 2, 3
2025/9/3, , , , 16, 2, 3
2025/9/4, , , , 18, 2, 6
2025/9/5, , , , 24, 2, 2
2025/9/6, , , , 6, 2, 2
2025/9/7, , , , 7, 2, 2
2025/9/8, , , , 10, 2, 3
2025/9/9, , , , 14, 2, 2
2025/9/10, , , , 11, 2, 3
2025/9/11, , , , 8, 7, 2
2025/9/12, , , , 7, 2, 2
2025/9/13, , , , 6, 2, 3
2025/9/14, , , , 9, 2, 2
2025/9/15, , , , 5, 2, 2
2025/9/16, , , , 4, 2, 3
2025/9/17, , , , 6, 3, 4
2025/9/18, , , , 11, 4, 3
2025/9/19, , , , 8, 5, 3
2025/9/20, , , , 4, 2, 4
2025/9/22, , , , 12, 3, 3
2025/9/23, , , , 10, 1, 3
2025/9/24, , , , 10, 1, 3
2025/9/25, , , , 12, 2, 3
2025/9/26, , , , 15, 2, 5
2025/9/27, , , , 17, 2, 2
2025/9/28, , , , 6, 1, 2
2025/9/29, , , , 6, 1, 2
2025/9/30, , , , 6, 2, 2
2025/4/1, , , , 20, 10, 5
2025/4/2, , , , 9, 10, 3
2025/4/3, , , , 10, 10, 2
2025/4/4, , , , 9, 9, 3
2025/4/5, , , , 8, 10, 2
2025/4/6, , , , 9, 11, 3
2025/4/7, , , , 12, 11, 3
2025/4/8, , , , 10, 12, 4
2025/4/9, , , , 13, 11, 2
2025/4/10, , , , 11, 11, 1
2025/4/11, , , , 8, 12, 2
2025/4/12, , , , 7, 11, 3
2025/4/13, , , , 7, 10, 3
2025/4/14, , , , 10, 11, 3
2025/4/15, , , , 13, 11, 4
2025/4/16, , , , 12, 10, 3
2025/4/17, , , , 7, 9, 3
2025/4/18, , , , 11, 9, 3
2025/4/19, , , , 8, 10, 3
2025/4/20, , , , 8, 12, 2
2025/4/21, , , , 8, 12, 3
2025/4/22, , , , 11, 13, 2
2025/4/23, , , , 11, 12, 2
2025/4/24, , , , 8, 12, 2
2025/4/25, , , , 8, 13, 1
2025/4/26, , , , 7, 14, 2
2025/4/27, , , , 7, 14, 1
2025/4/28, , , , 7, 12, 2
2025/4/29, , , , 6, 10, 3
2025/4/30, , , , 4, 9, 3
2025/5/12, , , , 11, 10, 3
2025/5/13, , , , 11, 10, 3
2025/5/14, , , , 15, 10, 4
2025/5/15, , , , 21, 10, 3
2025/5/16, , , , 18, 10, 2
2025/5/17, , , , 7, 10, 3
2025/5/18, , , , 12, 10, 3
2025/5/19, , , , 12, 10, 3
2025/5/20, , , , 9, 10, 3
2025/5/21, , , , 8, 10, 4
2025/5/22, , , , 13, 11, 3
2025/5/23, , , , 6, 10, 3
2025/5/24, , , , 7, 10, 3
2025/5/25, , , , 6, 10, 2
2025/5/26, , , , 8, 10, 2
2025/5/27, , , , 6, 10, 3
2025/5/28, , , , 8, 10, 3
2025/5/29, , , , 10, 10, 4
2025/5/30, , , , 14, 11, 5
2025/5/31, , , , 16, 10, 3
2025/6/1, , , , 11, 11, 3
2025/6/2, , , , 11, 11, 3
2025/6/3, , , , 10, 11, 3
2025/6/4, , , , 10, 11, 3
2025/6/5, , , , 10, 11, 4
2025/6/6, , , , 11, 11, 4
2025/6/7, , , , 11, 11, 3
2025/6/8, , , , 11, 11, 3
2025/6/9, , , , 9, 11, 3
2025/6/10, , , , 7, 11, 3
2025/6/11, , , , 8, 11, 3
2025/6/12, , , , 11, 11, 3
2025/6/13, , , , 13, 11, 3
2025/6/14, , , , 17, 11, 3
2025/6/15, , , , 15, 12, 3
2025/6/16, , , , 12, 12, 3
2025/6/17, , , , 10, 11, 3
2025/6/18, , , , 15, 11, 3
2025/6/19, , , , 13, 11, 2
2025/6/20, , , , 10, 11, 2
2025/6/21, , , , 6, 11, 2
2025/6/22, , , , 8, 11, 3
2025/6/23, , , , 14, 11, 3
2025/6/24, , , , 9, 11, 2
2025/6/25, , , , 8, 11, 2
2025/6/26, , , , 9, 11, 3
2025/6/27, , , , 9, 11, 2
2025/6/28, , , , 10, 11, 2
2025/6/29, , , , 8, 11, 3
2025/6/30, , , , 9, 11, 3
2025/3/17, , , , 12, 10, 3
2025/3/18, , , , 10, 9, 3
2025/3/19, , , , 12, 9, 4
2025/3/20, , , , 12, 9, 4
2025/3/21, , , , 14, 9, 5
2025/3/22, , , , 11, 9, 4
2025/3/23, , , , 8, 8, 6
2025/3/24, , , , 13, 9, 4
2025/3/25, , , , 21, 8, 5
2025/3/26, , , , 17, 9, 6
2025/3/27, , , , 10, 9, 3
2025/3/28, , , , 12, 9, 5
2025/3/29, , , , 25, 9, 7
2025/3/30, , , , 23, 10, 7
2025/3/31, , , , 13, 10, 3
2024/9/1, , , , 10, 5, 3
2024/9/2, , , , 10, 5, 3
2024/9/3, , , , 14, 5, 4
2024/9/4, , , , 11, 5, 3
2024/9/5, , , , 10, 5, 3
2024/9/6, , , , 11, 5, 3
2024/9/7, , , , 12, 5, 4
2024/9/8, , , , 23, 5, 7
2024/9/9, , , , 16, 5, 4
2024/9/10, , , , 9, 5, 3
2024/9/11, , , , 10, 5, 3
2024/9/12, , , , 13, 5, 4
2024/9/13, , , , 20, 6, 5
2024/9/14, , , , 16, 7, 4
2024/9/15, , , , 8, 5, 3
2024/9/16, , , , 10, 5, 3
2024/9/17, , , , 10, 6, 3
2024/9/18, , , , 10, 5, 3
2024/9/19, , , , 20, 5, 4
2024/9/20, , , , 20, 5, 5
2024/9/21, , , , 11, 5, 3
2024/9/22, , , , 10, 5, 3
2023/1/1, , , , 4, 1, 2
2025/7/8, , , , , 12, 2
2025/9/21, , , , , 3, 2
2025/5/1, , , , , 9, 4
2025/5/2, , , , , 9, 3
2025/5/3, , , , , 10, 2
2025/5/4, , , , , 10, 3
2025/5/5, , , , , 10, 4
2025/5/6, , , , , 11, 3
2025/5/7, , , , , 10, 4
2025/5/8, , , , , 10, 3
2025/5/9, , , , , 10, 3
2025/5/10, , , , , 10, 3
2025/5/11, , , , , 10, 3